close,high,low,open,time,volume
2288.3,2289.85,2288.0,2289.85,1778256960,1885
2289.9,2289.9,2289.05,2289.7,1778256900,146
2289.85,2289.85,2289.35,2289.35,1778256840,1825
2289.55,2289.85,2289.35,2289.35,1778256780,326
2290.3,2290.3,2289.5,2289.5,1778256720,1770
2290.0,2290.3,2288.9,2288.9,1778256660,551
2289.35,2290.5,2289.2,2289.3,1778256600,316
2289.35,2289.35,2289.05,2289.3,1778256540,1264
2289.0,2290.1,2289.0,2289.95,1778256480,2131
2289.95,2291.9,2289.1,2291.9,1778256420,1615
2291.7,2291.7,2290.25,2290.7,1778256360,689
2291.25,2292.2,2288.85,2289.85,1778256300,1770
2288.55,2288.65,2287.95,2288.35,1778256240,6537
2287.95,2288.6,2287.65,2288.6,1778256180,1783
2289.0,2290.5,2287.95,2290.5,1778256120,2796
2290.8,2292.7,2290.25,2292.7,1778256060,5791
2292.95,2293.35,2292.1,2292.3,1778256000,2244
2291.9,2291.9,2290.55,2290.6,1778255940,2800
2290.15,2290.8,2290.15,2290.65,1778255880,515
2291.95,2293.35,2291.9,2292.1,1778255820,3184
2292.2,2292.65,2291.65,2292.4,1778255760,2538
2291.75,2293.05,2290.65,2291.4,1778255700,7005
2290.5,2291.05,2287.95,2288.65,1778255640,2385
2288.0,2288.25,2287.8,2287.8,1778255580,778
2286.9,2288.55,2286.3,2288.55,1778255520,460
2288.3,2288.3,2287.8,2287.8,1778255460,2
2287.35,2287.55,2287.0,2287.0,1778255400,1113
2286.7,2289.4,2286.7,2289.35,1778255340,2711
2289.25,2289.25,2286.9,2287.25,1778255280,4480
2286.8,2286.8,2284.4,2284.4,1778255220,3838
2283.35,2283.95,2283.35,2283.95,1778255160,1105
2283.95,2283.95,2283.65,2283.65,1778255100,1171
2284.05,2284.6,2282.8,2282.8,1778255040,301
2283.3,2283.4,2282.7,2282.7,1778254980,329
2285.35,2285.85,2284.1,2285.7,1778254920,3256
2285.0,2285.05,2283.95,2284.2,1778254860,1397
2284.0,2284.0,2281.25,2281.35,1778254800,5096
2282.3,2282.3,2280.9,2280.9,1778254740,1700
2280.75,2281.05,2280.0,2280.0,1778254680,1499
2279.8,2281.15,2279.8,2281.15,1778254620,1290
2281.4,2281.45,2280.85,2280.85,1778254560,908
2280.35,2281.6,2279.95,2281.35,1778254500,636
2281.1,2281.2,2279.45,2279.45,1778254440,3280
2278.65,2279.1,2278.4,2278.4,1778254380,708
2279.35,2279.35,2277.45,2277.65,1778254320,7074
2277.7,2277.7,2273.6,2273.8,1778254260,19098
2276.75,2277.2,2276.5,2276.65,1778254200,4123
2276.5,2276.5,2274.8,2274.8,1778254140,467
2274.55,2275.45,2274.3,2275.45,1778254080,1092
2275.3,2275.3,2274.65,2275.0,1778254020,4264
2274.15,2275.7,2274.15,2274.7,1778253960,761
2275.3,2275.3,2274.0,2274.65,1778253900,1489
2275.65,2275.65,2274.2,2274.95,1778253840,1384
2275.7,2279.7,2275.7,2279.65,1778253780,1943
2280.05,2281.1,2279.4,2280.15,1778253720,1158
2280.1,2280.1,2277.4,2278.8,1778253660,3661
2278.8,2278.8,2278.4,2278.4,1778253600,169
2279.3,2279.3,2278.05,2278.2,1778253540,1167
2277.45,2278.55,2277.0,2278.55,1778253480,1019
2279.3,2279.35,2278.75,2278.9,1778253420,4322
2279.5,2279.5,2276.85,2277.3,1778253360,1608
2277.3,2280.0,2277.0,2279.35,1778253300,3573
2279.35,2280.55,2279.35,2280.55,1778253240,461
2280.1,2280.1,2279.3,2279.7,1778253180,1028
2280.45,2281.05,2278.75,2281.05,1778253120,1043
2282.7,2282.75,2281.7,2281.7,1778253060,1091
2280.4,2280.4,2280.2,2280.2,1778253000,1092
2280.0,2280.9,2279.0,2280.15,1778252940,2440
2280.7,2281.75,2280.7,2281.75,1778252880,45
2282.95,2283.75,2282.95,2283.1,1778252820,100
2282.45,2282.45,2281.35,2281.45,1778252760,1851
2280.4,2281.9,2280.2,2281.5,1778252700,1794
2281.45,2282.4,2281.35,2282.1,1778252640,3630
2282.6,2282.7,2281.05,2282.7,1778252580,1061
2284.3,2286.7,2284.3,2286.7,1778252520,1431
2285.45,2285.6,2285.1,2285.55,1778252460,317
2285.95,2285.95,2284.45,2285.1,1778252400,616
2284.55,2284.65,2283.4,2283.55,1778252340,3673
2283.2,2283.65,2282.95,2283.0,1778252280,2248
2282.9,2283.8,2282.7,2283.8,1778252220,516
2283.25,2285.0,2283.25,2285.0,1778252160,5297
2285.25,2285.25,2284.8,2285.1,1778252100,302
2285.8,2285.8,2285.0,2285.0,1778252040,1046
2284.5,2284.55,2282.8,2282.8,1778251980,373
2282.95,2284.7,2282.95,2284.7,1778251920,1657
2285.15,2286.2,2285.15,2286.2,1778251860,1059
2286.35,2286.4,2285.15,2285.15,1778251800,686
2285.15,2286.7,2284.45,2286.45,1778251740,678
2286.45,2288.65,2286.45,2288.45,1778251680,1925
2288.7,2288.7,2287.1,2287.1,1778251620,4298
2285.85,2286.25,2285.35,2285.35,1778251560,1375
2286.2,2286.3,2285.8,2286.3,1778251500,2882
2286.65,2287.15,2286.4,2286.8,1778251440,2610
2285.9,2285.9,2285.6,2285.6,1778251380,799
2286.7,2286.7,2285.15,2285.15,1778251320,768
2285.5,2285.75,2285.35,2285.4,1778251260,1233
2285.45,2286.8,2285.45,2286.8,1778251200,1545
2287.15,2287.15,2285.35,2286.65,1778251140,1417
2286.1,2286.85,2284.55,2284.55,1778251080,3941
2284.45,2284.5,2283.0,2283.15,1778251020,3020
2282.85,2282.85,2278.95,2278.95,1778250960,1027
2279.9,2281.5,2279.9,2281.5,1778250900,1883
2281.6,2283.2,2278.6,2278.6,1778250840,3296
2277.65,2277.9,2277.65,2277.7,1778250780,1228
2276.35,2278.3,2276.35,2278.1,1778250720,1040
2278.2,2278.2,2272.15,2272.65,1778250660,2159
2273.2,2279.6,2273.2,2279.6,1778250600,5954
2280.9,2282.75,2280.9,2282.65,1778250540,3073
2282.75,2283.7,2282.4,2283.7,1778250480,1729
2284.8,2285.4,2284.2,2285.35,1778250420,1336
2286.25,2286.35,2286.25,2286.35,1778250360,300
2287.55,2287.55,2286.8,2286.8,1778250300,95
2287.6,2287.6,2286.55,2286.55,1778250240,612
2285.9,2286.6,2285.05,2285.8,1778250180,2453
2286.4,2287.75,2286.4,2287.75,1778250120,6821
2288.8,2289.55,2288.8,2289.0,1778250060,662
2288.9,2290.05,2287.65,2288.3,1778250000,2833
2288.9,2288.9,2285.9,2286.35,1778249940,1165
2288.45,2291.5,2283.5,2283.5,1778249880,22981
2283.0,2283.1,2281.95,2283.1,1778249820,3510
2282.15,2282.9,2281.0,2281.0,1778249760,4122
2280.45,2280.65,2279.5,2280.05,1778249700,2871
2280.0,2280.2,2279.35,2280.15,1778249640,1427
2279.7,2279.7,2279.1,2279.3,1778249580,325
2279.6,2280.2,2278.45,2279.3,1778249520,1427
2279.35,2280.05,2277.65,2280.05,1778249460,3748
2281.65,2281.65,2279.9,2280.85,1778249400,1382
2279.75,2279.75,2278.9,2278.9,1778249340,601
2280.6,2281.0,2280.15,2280.8,1778249280,524
2280.85,2281.5,2279.1,2281.5,1778249220,3720
2281.4,2283.75,2281.2,2283.75,1778249160,6612
2284.3,2284.3,2278.75,2278.8,1778249100,7625
2278.9,2279.0,2277.7,2278.5,1778249040,1489
2278.15,2279.0,2277.15,2277.65,1778248980,1878
2277.35,2277.35,2275.5,2275.5,1778248920,1613
2275.8,2275.8,2273.85,2273.85,1778248860,1053
2274.25,2277.6,2274.25,2276.65,1778248800,2490
2274.1,2274.3,2274.05,2274.3,1778248740,4
2274.3,2274.45,2274.3,2274.45,1778248680,923
2274.55,2275.0,2274.55,2274.8,1778248620,881
2273.95,2274.55,2273.9,2274.55,1778248560,122
2275.0,2275.0,2274.0,2274.0,1778248500,1024
2274.25,2274.25,2273.8,2273.8,1778248440,430
2275.55,2276.2,2275.15,2275.7,1778248380,254
2275.45,2275.45,2274.65,2274.65,1778248320,434
2273.4,2274.15,2273.4,2274.15,1778248260,790
2274.0,2274.3,2273.7,2274.25,1778248200,1863
2273.35,2275.8,2273.35,2274.35,1778248140,875
2274.5,2274.55,2271.65,2271.65,1778248080,1917
2270.45,2270.95,2270.45,2270.55,1778248020,1365
2271.1,2271.1,2270.2,2270.85,1778247960,984
2272.75,2272.95,2270.65,2270.7,1778247900,707
2270.7,2271.9,2270.55,2271.9,1778247840,1328
2271.4,2271.4,2270.15,2270.15,1778247780,1186
2270.65,2271.15,2269.85,2270.05,1778247720,311
2270.2,2271.75,2269.85,2271.7,1778247660,3434
2271.1,2271.1,2268.7,2270.6,1778247600,5906
2270.65,2274.25,2270.55,2274.25,1778247540,2890
2275.15,2275.15,2273.75,2274.6,1778247480,30
2275.6,2277.8,2275.5,2276.45,1778247420,2141
2277.05,2277.4,2276.05,2276.05,1778247360,1780
2276.65,2276.9,2275.6,2276.9,1778247300,593
2276.85,2277.05,2274.5,2274.9,1778247240,716
2274.0,2274.05,2272.8,2273.3,1778247180,3732
2273.1,2274.5,2272.95,2272.95,1778247120,951
2272.35,2272.75,2271.2,2271.2,1778247060,171
2273.65,2273.65,2272.4,2273.2,1778247000,1803
2272.55,2272.9,2271.95,2272.8,1778246940,820
2272.75,2274.55,2272.25,2274.55,1778246880,6493
2274.6,2275.85,2273.95,2275.35,1778246820,4989
2277.8,2278.1,2277.8,2278.1,1778246760,2746
2277.6,2277.6,2276.9,2276.9,1778246700,3485
2277.45,2277.7,2277.45,2277.7,1778246640,333
2277.45,2278.1,2277.45,2277.5,1778246580,1585
2277.6,2277.85,2276.45,2277.85,1778246520,1181
2278.2,2278.45,2277.75,2278.1,1778246460,858
2278.5,2278.5,2278.2,2278.2,1778246400,1088
2277.8,2277.85,2276.6,2276.6,1778246340,874
2277.85,2278.5,2277.55,2278.5,1778246280,2066
2278.4,2278.4,2277.8,2278.05,1778246220,1291
2277.85,2278.15,2276.55,2276.55,1778246160,799
2276.8,2277.1,2274.75,2274.75,1778246100,1027
2273.9,2278.5,2273.85,2278.5,1778246040,6948
2277.6,2278.3,2277.45,2278.3,1778245980,1655
2278.45,2281.4,2278.45,2281.4,1778245920,2560
2280.85,2281.1,2280.25,2280.25,1778245860,1914
2280.4,2280.95,2280.4,2280.6,1778245800,1604
2280.6,2280.6,2280.0,2280.3,1778245740,5212
2279.85,2280.95,2279.85,2280.2,1778245680,1357
2279.85,2281.05,2278.55,2279.7,1778245620,1408
2279.6,2281.4,2278.25,2281.35,1778245560,17839
2282.25,2284.0,2282.25,2284.0,1778245500,1450
2283.7,2284.65,2282.8,2284.65,1778245440,23
2285.2,2285.35,2283.75,2283.75,1778245380,4447
2284.4,2285.65,2284.4,2284.85,1778245320,1201
2284.2,2284.2,2283.75,2283.8,1778245260,742
2284.4,2284.4,2283.5,2283.5,1778245200,480
2283.45,2283.45,2281.3,2283.05,1778245140,2465
2283.8,2286.5,2283.75,2286.5,1778245080,346
2287.15,2287.2,2287.05,2287.1,1778245020,1716
2287.4,2287.9,2287.25,2287.3,1778244960,498
2286.6,2286.65,2286.6,2286.65,1778244900,233
2286.25,2286.25,2285.1,2285.75,1778244840,412
2285.65,2286.05,2284.2,2284.3,1778244780,997
2283.95,2284.85,2283.9,2284.85,1778244720,6145
2284.9,2284.9,2283.1,2283.1,1778244660,894
2284.0,2285.8,2283.0,2285.2,1778244600,8395
2285.5,2288.1,2285.5,2288.1,1778244540,3068
2288.85,2288.85,2288.7,2288.7,1778244480,443
2289.25,2289.6,2289.25,2289.5,1778244420,973
2289.45,2289.45,2288.4,2288.4,1778244360,2789
2288.35,2290.0,2287.65,2290.0,1778244300,3175
2291.15,2291.35,2291.15,2291.35,1778244240,398
2291.55,2291.55,2290.8,2290.95,1778244180,120
2291.05,2291.05,2289.6,2289.7,1778244120,1594
2289.6,2290.0,2289.6,2289.95,1778244060,384
2290.0,2290.1,2290.0,2290.1,1778244000,153
2289.95,2289.95,2289.65,2289.65,1778243940,500
2289.65,2289.65,2289.25,2289.25,1778243880,104
2289.95,2292.5,2289.65,2292.5,1778243820,1364
2292.2,2292.2,2291.95,2291.95,1778243760,158
2290.65,2292.3,2290.65,2292.3,1778243700,475
2291.35,2291.35,2290.3,2290.85,1778243640,2908
2291.2,2291.3,2290.45,2290.7,1778243580,849
2290.85,2290.85,2288.85,2288.85,1778243520,2708
2288.25,2291.25,2288.25,2289.7,1778243460,2242
2292.95,2300.55,2292.95,2293.1,1778243400,18942
2291.3,2291.45,2290.25,2290.25,1778243340,559
2290.05,2290.05,2288.85,2288.85,1778243280,393
2289.2,2289.2,2288.95,2288.95,1778243220,588
2288.35,2288.35,2288.0,2288.0,1778243160,1426
2288.65,2289.15,2288.65,2289.15,1778243100,574
2289.4,2289.55,2289.4,2289.55,1778243040,3101
2289.25,2290.1,2289.25,2289.55,1778242980,2131
2290.1,2290.25,2290.0,2290.25,1778242920,377
2290.3,2290.55,2289.35,2289.9,1778242860,778
2290.9,2290.9,2290.9,2290.9,1778242800,1
2291.3,2291.65,2291.15,2291.65,1778242740,339
2291.4,2291.5,2291.1,2291.5,1778242680,668
2292.2,2292.2,2292.0,2292.2,1778242620,1575
2292.6,2292.6,2291.5,2291.6,1778242560,550
2291.45,2293.0,2291.45,2292.8,1778242500,1431
2291.8,2292.05,2291.8,2292.05,1778242440,105
2292.05,2292.05,2291.1,2291.5,1778242380,796
2291.6,2291.6,2290.35,2290.35,1778242320,425
2290.65,2290.65,2290.15,2290.3,1778242260,412
2289.7,2291.3,2289.45,2291.3,1778242200,260
2291.55,2292.45,2291.55,2291.85,1778242140,1178
2291.55,2293.0,2291.45,2292.95,1778242080,2456
2292.3,2292.7,2292.3,2292.7,1778242020,436
2292.55,2293.6,2292.55,2292.8,1778241960,594
2291.35,2292.95,2291.35,2292.05,1778241900,470
2291.95,2294.05,2291.95,2294.05,1778241840,1657
2294.15,2294.75,2294.1,2294.75,1778241780,420
2295.9,2295.9,2295.15,2295.2,1778241720,531
2293.3,2294.45,2293.3,2294.45,1778241660,519
2294.6,2295.0,2294.6,2295.0,1778241600,5655
2294.2,2294.4,2294.2,2294.4,1778241540,489
2294.75,2295.7,2294.75,2295.0,1778241480,9334
2294.15,2294.15,2293.85,2293.85,1778241420,10
2293.25,2293.25,2293.2,2293.2,1778241360,283
2293.05,2293.15,2293.05,2293.05,1778241300,152
2293.75,2293.75,2293.25,2293.55,1778241240,161
2293.75,2293.8,2292.6,2292.65,1778241180,798
2293.1,2293.35,2292.7,2293.35,1778241120,1140
2294.05,2294.4,2293.95,2293.95,1778241060,950
2293.85,2294.15,2291.7,2291.8,1778241000,3325
2291.45,2291.45,2290.85,2290.85,1778240940,241
2291.1,2291.1,2290.9,2290.9,1778240880,40
2290.9,2291.65,2290.8,2291.25,1778240820,1338
2291.05,2291.05,2290.5,2290.5,1778240760,760
2289.75,2289.75,2289.55,2289.55,1778240700,558
2288.7,2288.8,2288.7,2288.7,1778240640,374
2289.1,2289.1,2289.1,2289.1,1778240580,34
2289.1,2289.1,2288.5,2288.85,1778240520,1369
2288.7,2289.95,2288.7,2289.95,1778240460,2094
2290.1,2290.65,2290.1,2290.65,1778240400,89
2290.6,2290.6,2289.65,2290.3,1778240340,1493
2290.35,2291.35,2290.35,2291.35,1778240280,628
2291.85,2292.3,2291.85,2292.3,1778240220,460
2292.4,2292.4,2292.2,2292.4,1778240160,480
2292.9,2292.9,2291.5,2291.5,1778240100,1176
2291.45,2291.45,2291.3,2291.3,1778240040,215
2291.45,2291.65,2290.95,2290.95,1778239980,1316
2291.5,2291.7,2291.0,2291.0,1778239920,591
2290.6,2291.35,2290.0,2291.35,1778239860,1234
2292.15,2292.3,2291.85,2291.85,1778239800,1097
2291.75,2292.0,2291.75,2292.0,1778239740,950
2292.15,2292.7,2292.15,2292.55,1778239680,158
2292.6,2293.45,2292.6,2292.6,1778239620,3685
2292.5,2293.4,2291.95,2291.95,1778239560,1717
2292.0,2292.75,2291.65,2291.95,1778239500,954
2291.85,2291.85,2290.5,2290.75,1778239440,1491
2290.25,2291.0,2289.75,2291.0,1778239380,1188
2291.3,2292.0,2291.25,2292.0,1778239320,2148
2292.0,2292.05,2290.9,2290.9,1778239260,1350
2291.45,2293.15,2290.95,2290.95,1778239200,3844
2290.65,2290.65,2290.45,2290.45,1778239140,474
2290.45,2290.45,2289.15,2289.15,1778239080,961
2289.65,2289.7,2289.1,2289.4,1778239020,260
2289.55,2289.6,2289.2,2289.2,1778238960,1197
2289.1,2289.6,2289.1,2289.6,1778238900,313
2289.3,2289.35,2288.9,2289.35,1778238840,1462
2289.5,2289.5,2289.0,2289.1,1778238780,604
2288.9,2288.95,2287.75,2287.75,1778238720,678
2287.95,2288.05,2287.95,2288.05,1778238660,1330
2287.7,2289.0,2287.7,2288.6,1778238600,892
2288.6,2289.45,2288.55,2289.45,1778238540,591
2288.95,2290.2,2288.95,2289.65,1778238480,478
2291.0,2291.0,2291.0,2291.0,1778238420,501
2290.0,2290.4,2289.75,2289.9,1778238360,728
2289.85,2290.45,2289.65,2290.0,1778238300,363
2289.9,2290.0,2289.9,2290.0,1778238240,4375
2288.85,2289.0,2288.35,2288.4,1778238180,511
2288.65,2289.45,2287.65,2289.45,1778238120,110
2289.75,2291.35,2289.5,2289.95,1778238060,2173
2290.6,2291.15,2287.7,2287.7,1778238000,6714
2286.75,2286.8,2285.95,2286.05,1778237940,618
2286.6,2287.3,2286.6,2287.25,1778237880,1487
2286.75,2287.7,2286.75,2287.7,1778237820,301
2287.1,2287.1,2287.1,2287.1,1778237760,20
2286.6,2288.4,2286.55,2288.4,1778237700,225
2287.5,2288.7,2287.5,2288.5,1778237640,2889
2288.95,2288.95,2288.6,2288.6,1778237580,787
2289.1,2289.15,2288.7,2288.7,1778237520,200
2288.75,2289.05,2288.65,2288.65,1778237460,4342
2288.25,2288.35,2288.2,2288.2,1778237400,1506
2287.55,2287.6,2286.95,2287.1,1778237340,1177
2287.5,2288.0,2287.05,2288.0,1778237280,472
2288.05,2288.2,2288.0,2288.15,1778237220,1243
2288.7,2288.7,2288.05,2288.05,1778237160,330
2288.15,2289.65,2288.15,2289.3,1778237100,2007
2288.35,2289.0,2288.0,2288.0,1778237040,1081
2288.0,2337.7,1006.0,1006.0,1778236980,862
2337.7,2337.7,1006.0,2288.5,1778236920,1442
2288.0,2337.7,2288.0,2337.7,1778236860,410
1006.0,2337.7,1006.0,2289.0,1778236800,433
2337.7,2337.7,1006.0,2334.35,1778236740,850
1006.0,2334.35,1006.0,2290.0,1778236680,818
2290.0,2334.35,2289.35,2334.35,1778236620,1063
2334.35,2334.35,1005.0,2281.8,1778236560,621
2334.35,2334.35,1005.0,2285.0,1778236500,1615
2285.0,2334.35,1005.0,2334.35,1778236440,262
2334.35,2334.35,2267.35,2285.65,1778236380,628
2334.35,2334.35,2285.65,2334.35,1778236320,395
2267.35,2334.35,2267.35,2334.35,1778236260,68
2334.35,2334.35,2267.35,2334.35,1778236200,493
2267.35,2267.35,2267.35,2267.35,1778236140,48
2334.35,2334.35,2267.35,2284.55,1778236080,38
2284.35,2334.35,2267.35,2334.35,1778236020,85
2334.35,2334.35,2267.35,2270.35,1778235960,267
2270.35,2334.35,2270.35,2270.35,1778235900,88
2292.0,2292.0,2270.35,2270.35,1778235840,106
2270.35,2334.35,2270.35,2334.35,1778235780,223
2334.35,2334.35,2280.0,2280.0,1778235720,437
2280.0,2334.35,2273.85,2273.85,1778235660,225
1005.0,2283.0,1005.0,2283.0,1778235600,10
2283.0,2334.35,2283.0,2283.0,1778235540,430
2283.0,2283.0,2283.0,2283.0,1778235480,5
2283.0,2334.35,2283.0,2283.0,1778235420,36
2334.35,2334.35,2283.0,2283.15,1778235360,52
2334.35,2334.35,2283.0,2283.0,1778235300,80
2283.0,2334.35,2283.0,2334.35,1778235240,11
2283.0,2334.35,2283.0,2334.35,1778235180,547
2283.0,2334.35,1005.0,2334.35,1778235120,412
2334.35,2334.35,1005.0,2280.0,1778235060,1776
2284.6,2284.6,2280.0,2280.0,1778235000,890
2284.6,2284.6,2280.0,2280.0,1778234940,522
2280.0,2280.0,1005.0,1005.0,1778234880,109
2286.55,2334.35,2286.55,2286.55,1778234820,360
2334.35,2334.35,2283.35,2283.35,1778234760,181
2334.35,2334.35,2287.5,2287.5,1778234700,239
1005.0,2334.35,1005.0,1005.0,1778234640,407
2334.35,2334.35,1005.0,2334.35,1778234580,152
2334.35,2334.35,2286.6,2286.6,1778234520,21
2334.35,2334.35,2331.7,2334.35,1778234460,335
2334.35,2334.35,1056.85,1056.85,1778234400,355
1005.0,2334.35,1005.0,2334.35,1778234340,85
1005.0,2334.35,1005.0,2334.35,1778234280,85
1005.0,2334.35,1005.0,2334.35,1778234220,87
2334.35,2334.35,1005.0,1005.0,1778234160,71
1005.0,2334.35,1005.0,2334.35,1778234100,389
2334.35,2334.35,1005.0,2285.0,1778234040,1110
1005.0,2285.0,1005.0,2285.0,1778233980,116
2285.0,2285.0,2285.0,2285.0,1778233920,95
1000.0,1000.0,1000.0,1000.0,1778233860,53
2334.35,2334.35,2283.5,2283.5,1778233800,1194
1000.0,2283.5,1000.0,2283.0,1778233740,1048
1000.0,1000.0,1000.0,1000.0,1778233680,561
1000.0,1000.0,1000.0,1000.0,1778233620,1
2334.35,2334.35,2280.3,2334.35,1778233560,350
2334.35,2334.35,2280.3,2280.3,1778233500,860
2280.3,2334.35,2280.3,2334.35,1778233440,84
1000.0,2334.35,1000.0,2334.35,1778233380,139
1000.0,1000.0,1000.0,1000.0,1778233320,235
2334.35,2334.35,1000.0,1000.0,1778233260,222
2334.35,2334.35,1000.0,1000.0,1778233200,529
2334.35,2334.35,1000.0,1000.0,1778233140,1420
2334.35,2334.35,2334.35,2334.35,1778233080,324
2334.35,2334.35,2334.35,2334.35,1778233020,0
2334.35,2334.35,2286.0,2286.0,1778232960,628
2286.0,2286.0,1000.0,2100.0,1778232900,235
2286.0,2286.0,2286.0,2286.0,1778232840,46
2100.0,2288.9,2100.0,2100.0,1778232780,284
2200.0,2288.9,2200.0,2288.9,1778232720,218
2293.2,2293.2,2293.2,2293.2,1778232660,11
2288.5,2288.5,2288.5,2288.5,1778232600,55
2292.75,2334.35,2292.75,2334.35,1778232540,426
2292.95,2334.35,2292.95,2292.95,1778232480,694
2292.95,2334.35,2292.95,2334.35,1778232420,464
2334.35,2334.35,2200.0,2200.0,1778232360,1212
2200.0,2334.35,2200.0,2334.35,1778232300,898
2334.35,2334.35,2334.35,2334.35,1778232240,50
2334.35,2334.35,2334.35,2334.35,1778232180,101
2334.35,2334.35,2334.35,2334.35,1778232120,370
2334.35,2334.35,2334.35,2334.35,1778232060,455
2334.35,2334.35,2200.0,2200.0,1778232000,48
2200.0,2334.35,2200.0,2290.0,1778231940,1017
2290.0,2290.0,2290.0,2290.0,1778231880,258
2290.0,2334.35,2265.0,2334.35,1778231820,413
2200.0,2334.35,2200.0,2290.0,1778231760,2334
2290.0,2300.0,2278.0,2300.0,1778231700,1424
2300.0,2300.0,2200.0,2278.65,1778231640,471
2200.0,2300.0,2100.0,2200.0,1778231580,116
2300.0,2300.0,1001.0,2300.0,1778231520,1226
2300.0,2300.0,1000.0,2300.0,1778231460,640
1000.0,2300.0,1000.0,2300.0,1778231400,1247
1000.0,2300.0,1000.0,2282.9,1778231340,1855
2282.9,2300.0,2282.9,2300.0,1778231280,72
2300.0,2300.0,2300.0,2300.0,1778231220,106
2300.0,2300.0,1001.0,2281.0,1778231160,141
2281.0,2281.0,1001.0,2273.0,1778231100,520
2273.0,2300.0,2273.0,2300.0,1778231040,370
2273.0,2300.0,1000.0,2300.0,1778230980,1131
1000.0,2300.0,1000.0,1000.0,1778230920,2144
2278.0,2285.7,2264.15,2285.7,1778230860,562
1000.0,2285.7,1000.0,1000.0,1778230800,751
2285.7,2285.7,1000.0,2285.2,1778230740,1055
1000.0,2285.2,1000.0,2285.0,1778230680,255
2285.0,2285.0,2285.0,2285.0,1778230620,110
1000.0,2285.0,1000.0,2285.0,1778230560,250
2285.0,2285.0,2285.0,2285.0,1778230500,518
2285.0,2285.0,1000.0,2285.0,1778230440,398
2334.35,2334.35,1000.0,2334.35,1778230380,2219
2334.35,2334.35,1000.0,2334.35,1778230320,112
2334.35,2334.35,1000.0,2334.35,1778230260,531
2334.35,2334.35,2263.0,2334.35,1778230200,289
2263.0,2334.35,2263.0,2289.0,1778230140,1570
2334.35,2334.35,2278.65,2334.35,1778230080,1704
2285.0,2334.35,2285.0,2334.35,1778230020,1212
2285.0,2334.35,2285.0,2334.35,1778229960,55
2334.35,2334.35,1000.0,2283.35,1778229900,987
2283.35,2334.35,2283.35,2334.35,1778229840,144
2334.35,2334.35,2283.35,2334.35,1778229780,20
2334.35,2334.35,1000.0,2334.35,1778229720,66
1000.0,2334.35,1000.0,2334.35,1778229660,42
1000.0,2334.35,1000.0,2334.35,1778229600,51
1000.0,2334.35,1000.0,2334.35,1778229540,774
2334.35,2334.35,1000.0,1000.0,1778229480,1373
1000.0,2334.35,1000.0,2280.0,1778229420,4334
2280.0,2280.0,1000.0,2280.0,1778229360,464
2280.0,2280.0,1000.0,2280.0,1778229300,1335
2280.0,2280.0,2280.0,2280.0,1778229240,250
2280.0,2280.0,1000.0,2280.0,1778229180,389
2280.0,2280.0,1000.0,2280.0,1778229120,500
2280.0,2280.0,2280.0,2280.0,1778229060,23
2280.0,2280.0,1000.0,1000.0,1778229000,77
1000.0,2334.35,1000.0,2334.35,1778228940,288
2334.35,2334.35,2270.0,2290.0,1778228880,671
2334.35,2334.35,1000.0,1000.0,1778228820,5435
1000.0,2334.35,1000.0,2281.4,1778228760,307
1000.0,2334.35,1000.0,2334.35,1778228700,414
2334.35,2334.35,1000.0,1000.0,1778228640,1180
2334.35,2334.35,1000.0,2080.0,1778228580,416
2080.0,2334.35,1000.0,2334.35,1778228520,652
2281.75,2334.35,2281.75,2281.75,1778228460,191
2281.75,2281.75,2270.0,2270.0,1778228400,131
2270.0,2334.35,1000.0,2281.0,1778228340,2587
1000.0,2334.35,1000.0,2334.35,1778228280,1169
2281.0,2334.35,2270.0,2334.35,1778228220,346
2334.35,2334.35,1000.0,2283.45,1778228160,683
2334.35,2334.35,2223.0,2334.35,1778228100,463
2223.0,2334.35,2223.0,2223.0,1778228040,1019
2290.0,2290.0,2223.0,2223.0,1778227980,400
2282.95,2334.35,2223.0,2281.35,1778227920,472
2281.35,2281.35,1000.0,1000.0,1778227860,1065
2281.35,2281.35,1000.0,2280.35,1778227800,410
2280.35,2280.35,2280.0,2280.0,1778227740,408
1000.0,2280.35,1000.0,2280.35,1778227680,205
2280.35,2280.35,2280.0,2280.0,1778227620,121
2280.35,2280.35,1000.0,1000.0,1778227560,1008
1000.0,2334.35,1000.0,2334.35,1778227500,30
2269.3,2334.35,2269.3,2334.35,1778227440,246
2334.35,2334.35,2268.0,2334.35,1778227380,511
2268.0,2334.35,2268.0,2268.0,1778227320,81
2268.0,2334.35,2268.0,2334.35,1778227260,292
2334.35,2334.35,2268.0,2277.1,1778227200,407
2290.0,2334.35,2268.25,2334.35,1778227140,377
1000.0,2268.25,1000.0,2268.25,1778227080,52
2334.35,2334.35,1000.0,2280.6,1778227020,672
1000.0,2291.0,1000.0,2277.0,1778226960,1100
2277.0,2334.35,1000.0,2278.15,1778226900,981
2278.15,2278.15,1000.0,2278.15,1778226840,574
1000.0,2290.0,1000.0,1000.0,1778226780,624
1000.0,2334.35,1000.0,2269.2,1778226720,1562
2334.35,2334.35,2269.2,2331.1,1778226660,1259
2331.1,2331.1,2331.1,2331.1,1778226600,723
2331.1,2331.1,2331.1,2331.1,1778226540,272
2331.1,2331.1,1000.0,2268.0,1778226480,357
2331.1,2331.1,2268.0,2281.1,1778226420,1128
1000.0,2331.1,1000.0,2268.0,1778226360,649
1000.0,2331.1,1000.0,2288.0,1778226300,213
2331.1,2331.1,1000.0,2331.1,1778226240,1369
2331.1,2331.1,2331.1,2331.1,1778226180,47
2331.1,2331.1,2331.1,2331.1,1778226120,656
2331.1,2331.1,2278.0,2331.1,1778226060,820
2284.95,2284.95,2273.0,2273.0,1778226000,154
1000.0,2273.0,1000.0,2273.0,1778225940,118
2273.0,2273.0,2273.0,2273.0,1778225880,10
2271.8,2283.85,1000.0,2283.85,1778225820,1506
2277.6,2277.6,1000.0,2275.35,1778225760,213
2275.35,2275.35,999.0,2268.0,1778225700,1571
999.0,2260.0,999.0,2260.0,1778225640,714
999.0,999.0,999.0,999.0,1778225580,20
2265.0,2265.0,2251.55,2265.0,1778225520,520
999.0,2265.0,999.0,2265.0,1778225460,1177
999.0,999.0,999.0,999.0,1778225400,14
2267.3,2267.3,2267.3,2267.3,1778225340,593
856.1,856.1,856.1,856.1,1778225280,0
856.1,2267.3,856.1,2267.3,1778225220,28
856.1,2263.0,856.1,2263.0,1778225160,854
2263.0,2269.0,2263.0,2268.0,1778225100,1051
855.0,2269.0,855.0,2269.0,1778225040,767
2268.0,2268.0,2268.0,2268.0,1778224980,0
2268.0,2269.0,2268.0,2268.0,1778224920,215
2269.0,2269.0,2268.0,2269.0,1778224860,289
2269.0,2269.0,855.0,2269.0,1778224800,409
2269.0,2269.0,2257.0,2257.0,1778224740,110
2269.0,2269.0,855.0,855.0,1778224680,717
2285.0,2285.0,855.0,2270.15,1778224620,992
855.0,2331.1,855.0,2331.1,1778224560,572
2256.0,2331.1,2256.0,2285.95,1778224500,183
855.0,2285.95,855.0,2257.0,1778224440,413
2257.0,2285.95,2257.0,2257.0,1778224380,87
2285.95,2285.95,855.0,2265.2,1778224320,944
855.0,2255.0,855.0,2255.0,1778224260,431
2255.0,2256.0,2255.0,2256.0,1778224200,588
2256.0,2269.0,855.0,855.0,1778224140,494
2269.0,2269.0,855.0,2258.0,1778224080,153
855.0,2331.1,855.0,2234.0,1778224020,804
2234.0,2234.0,2234.0,2234.0,1778223960,11
2224.9,2260.7,2224.9,2260.7,1778223900,39
855.0,855.0,855.0,855.0,1778223840,0
855.0,2331.1,855.0,2275.0,1778223780,1535
2331.1,2331.1,2275.0,2275.0,1778223720,270
2275.0,2293.25,2275.0,2275.0,1778223660,1054
2275.0,2275.75,2275.0,2275.0,1778223600,628
2275.0,2293.25,2275.0,2293.25,1778223540,252
2275.0,2275.0,2275.0,2275.0,1778223480,1105
2275.0,2330.0,2275.0,2275.35,1778223420,213
2275.0,2330.0,2275.0,2275.35,1778223360,330
2275.0,2288.0,2275.0,2275.0,1778223300,741
2288.0,2288.0,2275.0,2275.0,1778223240,193
2288.0,2330.0,2276.0,2276.0,1778223180,98
2275.0,2275.0,2275.0,2275.0,1778223120,2
2331.1,2331.1,2277.0,2277.0,1778223060,1249
2277.0,2277.0,806.3,2275.0,1778223000,429
806.3,806.3,806.3,806.3,1778222940,33
2275.0,2278.0,2275.0,2275.0,1778222880,1104
2275.0,2275.0,2275.0,2275.0,1778222820,2557
2275.0,2278.0,2275.0,2275.0,1778222760,1832
806.0,2275.0,806.0,2275.0,1778222700,170
806.0,2275.0,806.0,2275.0,1778222640,233
2275.0,2278.0,2275.0,2278.0,1778222580,628
2278.0,2278.0,2245.0,2278.0,1778222520,442
2278.0,2278.0,2245.0,2278.0,1778222460,560
2245.0,2278.0,2245.0,2278.0,1778222400,52
2245.0,2278.0,2245.0,2265.1,1778222340,881
2272.1,2272.1,806.0,806.0,1778222280,21
806.0,806.0,806.0,806.0,1778222220,60
806.0,2267.0,806.0,2267.0,1778222160,441
2260.0,2260.0,806.0,2260.0,1778222100,152
2275.0,2275.0,2270.0,2275.0,1778222040,200
2275.0,2275.0,806.0,2271.0,1778221980,455
2275.0,2275.0,2275.0,2275.0,1778221920,260
806.0,2270.4,806.0,2270.4,1778221860,1000
2278.0,2278.0,2272.0,2276.65,1778221800,655
805.1,2278.0,805.1,2278.0,1778221740,497
2278.0,2278.0,2272.0,2272.0,1778221680,250
2278.0,2278.0,2272.0,2272.0,1778221620,1157
2272.0,2278.0,2272.0,2275.25,1778221560,394
2275.25,2278.0,805.1,2255.0,1778221500,265
2278.0,2278.0,805.1,805.1,1778221440,324
2278.0,2278.0,805.1,2278.0,1778221380,941
805.1,2278.0,805.1,2278.0,1778221320,211
2278.0,2278.0,805.1,2278.0,1778221260,156
2278.0,2278.0,805.1,2278.0,1778221200,782
2278.0,2278.0,2278.0,2278.0,1778221140,31
805.1,2276.0,805.1,2276.0,1778221080,83
2278.0,2278.0,2276.0,2276.0,1778221020,100
2278.0,2331.1,2277.7,2331.1,1778220960,430
2331.1,2331.1,805.0,2331.1,1778220900,1209
2331.1,2331.1,806.5,2331.1,1778220840,191
2331.1,2331.1,2273.0,2273.0,1778220780,574
806.5,2273.0,806.5,2271.9,1778220720,215
2271.9,2271.9,806.5,2271.9,1778220660,233
806.5,2331.1,806.5,806.5,1778220600,179
2331.1,2331.1,806.5,806.5,1778220540,669
806.5,2331.1,806.5,2331.1,1778220480,1240
806.5,806.5,806.5,806.5,1778220420,0
806.5,2275.75,806.5,2275.75,1778220360,115
2331.1,2331.1,806.5,806.5,1778220300,434
806.5,2277.65,806.5,2277.65,1778220240,528
2277.65,2277.65,806.5,806.5,1778220180,378
806.5,806.5,806.5,806.5,1778220120,9
2270.65,2270.65,2270.65,2270.65,1778220060,7
806.5,806.5,806.5,806.5,1778220000,60
2277.65,2277.65,2277.65,2277.65,1778219940,401
2277.65,2278.35,806.5,2278.1,1778219880,77
806.5,2279.1,806.5,2279.1,1778219820,622
2280.0,2280.0,2280.0,2280.0,1778219760,155
2280.0,2280.0,806.5,806.5,1778219700,11
2280.0,2280.0,2280.0,2280.0,1778219640,90
2280.0,2280.0,2280.0,2280.0,1778219580,200
2280.0,2280.0,806.0,2270.75,1778219520,770
2280.0,2292.05,806.0,2280.0,1778219460,208
2292.3,2300.0,806.0,2287.0,1778219400,310
2300.0,2300.0,2300.0,2300.0,1778219340,11
2300.0,2331.1,806.0,2331.1,1778219280,380
2331.1,2331.1,806.0,2331.1,1778219220,263
2331.1,2331.1,2283.0,2283.0,1778219160,1053
806.0,2331.1,806.0,2331.1,1778219100,884
2284.8,2331.1,2280.0,2280.0,1778219040,1082
2280.0,2280.0,806.0,2280.0,1778218980,17
806.0,2280.0,806.0,2200.0,1778218920,432
2200.0,2200.0,2200.0,2200.0,1778218860,10
2200.0,2200.0,2200.0,2200.0,1778218800,211
2200.0,2280.0,2200.0,2280.0,1778218740,1320
2280.0,2283.05,805.0,2283.05,1778218680,4
2331.1,2331.1,2200.0,2200.0,1778218620,1002
802.0,2200.0,802.0,2200.0,1778218560,910
802.0,802.0,802.0,802.0,1778218500,1
802.0,2200.0,802.0,802.0,1778218440,304
2200.0,2200.0,2200.0,2200.0,1778218380,280
2331.1,2331.1,2280.0,2280.0,1778218320,162
2280.0,2280.0,2280.0,2280.0,1778218260,310
724.0,2331.1,724.0,2331.1,1778218200,449
2331.1,2331.1,2260.0,2267.0,1778218140,910
2331.1,2331.1,2290.0,2290.0,1778218080,51
2267.0,2290.0,724.0,2290.0,1778218020,329
724.0,2290.0,724.0,2280.0,1778217960,151
2280.0,2280.0,2280.0,2280.0,1778217900,60
2331.1,2331.1,724.0,2279.05,1778217840,420
2279.05,2331.1,2279.05,2286.0,1778217780,1009
2279.05,2286.0,2279.05,2286.0,1778217720,1025
2331.1,2331.1,724.0,2282.45,1778217660,15
724.0,724.0,724.0,724.0,1778217600,2
2281.75,2281.75,2281.75,2281.75,1778217540,0
2281.75,2331.1,2281.75,2282.95,1778217480,545
2281.75,2281.75,2280.0,2280.0,1778217420,667
2281.2,2281.2,724.0,724.0,1778217360,288
723.0,2281.2,723.0,2280.0,1778217300,1543
2280.0,2280.0,723.0,723.0,1778217240,1217
723.0,723.0,723.0,723.0,1778217180,16
2280.0,2280.0,723.0,723.0,1778217120,106
2280.0,2280.0,723.0,723.0,1778217060,31
2280.0,2280.0,723.0,2280.0,1778217000,833
2280.0,2280.0,2280.0,2280.0,1778216940,100
722.0,2280.0,722.0,2280.0,1778216880,427
750.0,2280.0,750.0,2280.0,1778216820,103
2280.0,2280.0,750.0,2262.95,1778216760,712
2262.95,2262.95,2262.95,2262.95,1778216700,13
2262.95,2262.95,722.0,722.0,1778216640,424
722.0,723.0,722.0,723.0,1778216580,5001
2331.1,2331.1,723.0,2280.0,1778216520,5244
750.0,2280.0,750.0,2280.0,1778216460,21
2280.0,2280.0,723.0,723.0,1778216400,397
2280.0,2280.0,2280.0,2280.0,1778216340,1
2280.0,2280.0,2280.0,2280.0,1778216280,2
2280.0,2280.0,2276.4,2276.4,1778216220,550
2280.0,2280.0,711.0,711.0,1778216160,1049
2280.0,2280.0,2280.0,2280.0,1778216100,225
2280.0,2280.0,711.0,2280.0,1778216040,156
2280.0,2280.0,711.0,711.0,1778215980,538
711.0,2280.0,711.0,2278.3,1778215920,592
2278.3,2280.0,2278.3,2280.0,1778215860,15
711.0,2280.0,711.0,2280.0,1778215800,441
2280.0,2280.0,711.0,711.0,1778215740,57
2280.0,2280.0,2280.0,2280.0,1778215680,21
2280.0,2280.0,2279.0,2279.0,1778215620,1253
711.0,711.0,711.0,711.0,1778215560,21
2279.0,2279.0,711.0,711.0,1778215500,569
2277.95,2279.0,2277.45,2277.45,1778215440,277
2277.45,2277.45,2277.45,2277.45,1778215380,10
2277.45,2280.0,710.0,2280.0,1778215320,576
2280.0,2280.0,710.0,2276.0,1778215260,201
2276.0,2280.0,2276.0,2280.0,1778215200,1577
2278.7,2278.7,2278.7,2278.7,1778215140,1474
2278.7,2280.0,2278.7,2280.0,1778215080,1414
710.0,710.0,710.0,710.0,1778215020,0
710.0,2280.0,710.0,2280.0,1778214960,71
710.0,2280.0,710.0,2279.0,1778214900,802
710.0,710.0,710.0,710.0,1778214840,206
2280.0,2281.2,710.0,2281.2,1778214780,939
2281.2,2281.35,2281.2,2281.2,1778214720,214
700.0,2241.9,700.0,700.0,1778214660,78
2200.0,2200.0,2200.0,2200.0,1778214600,0
2200.0,2280.0,2200.0,2273.05,1778214540,426
2280.0,2280.0,2280.0,2280.0,1778214480,252
2280.0,2280.0,650.0,2280.0,1778214420,481
650.0,650.0,650.0,650.0,1778214360,2
611.0,611.0,611.0,611.0,1778214300,89
2320.0,2320.0,611.0,611.0,1778214240,1490
2320.0,2320.0,611.0,2291.0,1778214180,523
2291.0,2291.0,2280.0,2280.0,1778214120,541
2280.0,2291.0,611.0,611.0,1778214060,1201
2287.75,2287.75,2287.75,2287.75,1778214000,1000
611.0,2287.75,611.0,2280.0,1778213940,1305
2280.0,2280.0,2280.0,2280.0,1778213880,228
611.0,611.0,611.0,611.0,1778213820,843
2280.0,2280.0,2280.0,2280.0,1778213760,123
2282.0,2285.0,611.0,2284.3,1778213700,1517
2284.3,2284.3,2284.3,2284.3,1778213640,45
2284.3,2284.3,610.0,2200.0,1778213580,1130
2200.0,2200.0,700.0,700.0,1778213520,601
2200.0,2200.0,2200.0,2200.0,1778213460,1124
2200.0,2200.0,2200.0,2200.0,1778213400,111
700.0,2200.0,610.0,2200.0,1778213340,1892
2200.0,2284.15,610.0,2284.15,1778213280,669
2284.15,2284.3,2284.15,2284.15,1778213220,384
2284.3,2284.3,2280.0,2280.0,1778213160,1002
610.0,2280.0,610.0,2280.0,1778213100,565
2280.0,2280.0,2280.0,2280.0,1778213040,87
610.0,2280.0,610.0,2279.0,1778212980,452
2279.0,2279.0,610.0,2273.45,1778212920,1469
2273.45,2277.0,2271.0,2271.0,1778212860,1505
2271.0,2271.0,2271.0,2271.0,1778212800,163
2271.0,2271.0,2271.0,2271.0,1778212740,120
610.0,2271.0,610.0,2270.0,1778212680,749
2271.0,2271.0,2270.0,2270.0,1778212620,247
2271.0,2271.0,610.0,2271.0,1778212560,672
2271.0,2271.0,2271.0,2271.0,1778212500,65
2271.0,2271.0,2271.0,2271.0,1778212440,425
2271.0,2271.0,600.0,600.0,1778212380,911
2271.0,2271.0,2271.0,2271.0,1778212320,59
2271.0,2271.0,2271.0,2271.0,1778212260,20
2271.2,2271.2,600.0,600.0,1778212200,311
600.0,2271.2,600.0,2271.2,1778212140,672
600.0,600.0,600.0,600.0,1778212080,0
600.0,611.0,600.0,611.0,1778212020,5000
2271.2,2271.2,2271.2,2271.2,1778211960,0
2271.2,2271.2,2271.2,2271.2,1778211900,0
2271.2,2271.2,611.0,611.0,1778211840,65
611.0,2271.2,611.0,2271.2,1778211780,1554
2271.2,2271.2,611.0,611.0,1778211720,854
611.0,611.0,611.0,611.0,1778211660,64
611.0,611.0,611.0,611.0,1778211600,67
611.0,611.0,611.0,611.0,1778211540,57
611.0,611.0,611.0,611.0,1778211480,2
611.0,611.0,611.0,611.0,1778211420,0
611.0,611.0,611.0,611.0,1778211360,540
611.0,611.0,611.0,611.0,1778211300,51
611.0,611.0,611.0,611.0,1778211240,8
611.0,611.0,611.0,611.0,1778211180,23
611.0,611.0,611.0,611.0,1778211120,200
611.0,2200.0,611.0,2200.0,1778211060,1745
2200.0,2200.0,611.0,2200.0,1778211000,91
611.0,611.0,611.0,611.0,1778210940,1
611.0,611.0,611.0,611.0,1778210880,49
611.0,611.0,611.0,611.0,1778210820,27
611.0,611.0,611.0,611.0,1778210760,49
605.0,605.0,605.0,605.0,1778210700,0
605.0,605.0,605.0,605.0,1778210640,0
605.0,2200.0,605.0,2200.0,1778210580,20
2200.0,2200.0,2200.0,2200.0,1778210520,10
605.0,2200.0,605.0,2200.0,1778210460,1205
2200.0,2200.0,2200.0,2200.0,1778210400,32
2200.0,2200.0,605.0,2200.0,1778210340,170
605.0,605.0,605.0,605.0,1778210280,275
605.0,605.0,605.0,605.0,1778210220,250
605.0,605.0,605.0,605.0,1778210160,1
550.1,550.1,550.1,550.1,1778210100,0
550.1,550.1,550.1,550.1,1778210040,408
2200.0,2200.0,2200.0,2200.0,1778209980,0
2200.0,2200.0,550.1,2200.0,1778209920,614
2200.0,2200.0,550.0,2200.0,1778209860,65
2200.0,2200.0,2200.0,2200.0,1778209800,458
2200.0,2200.0,2200.0,2200.0,1778209740,50
502.0,2200.0,502.0,2200.0,1778209680,800
500.1,500.1,500.1,500.1,1778209620,207
500.1,500.1,500.1,500.1,1778209560,71
500.0,500.0,500.0,500.0,1778209500,0
500.0,2271.0,500.0,500.0,1778209440,208
2200.0,2200.0,500.0,2200.0,1778209380,281
500.0,2200.0,500.0,500.0,1778209320,310
2200.0,2200.0,2200.0,2200.0,1778209260,200
2200.0,2200.0,2200.0,2200.0,1778209200,225
500.0,500.0,500.0,500.0,1778209140,50
2200.0,2200.0,2200.0,2200.0,1778209080,76
500.0,2200.0,500.0,2200.0,1778209020,565
2200.0,2200.0,2200.0,2200.0,1778208960,0
2200.0,2200.0,500.0,500.0,1778208900,260
500.0,500.0,500.0,500.0,1778208840,0
500.0,500.0,500.0,500.0,1778208780,0
500.0,500.0,500.0,500.0,1778208720,394
500.0,500.0,500.0,500.0,1778208660,100
2200.0,2200.0,500.0,500.0,1778208600,554
500.0,500.0,500.0,500.0,1778208540,0
500.0,500.0,500.0,500.0,1778208480,12
223.0,223.0,223.0,223.0,1778208420,0
223.0,223.0,223.0,223.0,1778208360,0
223.0,223.0,223.0,223.0,1778208300,0
223.0,223.0,223.0,223.0,1778208240,0
223.0,223.0,223.0,223.0,1778208180,0
223.0,223.0,223.0,223.0,1778208120,141
223.0,2274.0,223.0,2274.0,1778208060,1881
2274.0,2274.0,2274.0,2274.0,1778208000,2
223.0,223.0,223.0,223.0,1778207940,145
223.0,2275.9,223.0,2270.0,1778207880,849
2270.0,2270.0,200.0,200.0,1778207820,1222
2270.0,2270.0,200.0,2270.0,1778207760,1228
223.0,2270.0,223.0,2270.0,1778207700,161
223.0,2270.0,223.0,2270.0,1778207640,1292
2270.0,2270.0,223.0,2270.0,1778207580,146
2270.0,2270.0,2270.0,2270.0,1778207520,651
2270.0,2270.0,223.0,2270.0,1778207460,805
2270.0,2270.0,2270.0,2270.0,1778207400,15
2270.0,2270.0,2270.0,2270.0,1778207340,151
222.0,222.0,222.0,222.0,1778207280,0
222.0,222.0,222.0,222.0,1778207220,169
222.0,222.0,222.0,222.0,1778207160,1
222.0,222.0,222.0,222.0,1778207100,476
2271.9,2271.9,222.0,222.0,1778207040,6
222.0,2265.0,222.0,2265.0,1778206980,5298
2265.0,2265.0,2265.0,2265.0,1778206920,11
2265.0,2265.0,2265.0,2265.0,1778206860,0
2265.0,2265.0,1800.0,1800.0,1778206800,376
1800.0,1800.0,1800.0,1800.0,1778206740,0
1800.0,1800.0,1800.0,1800.0,1778206680,30
1800.0,1800.0,1800.0,1800.0,1778206620,1555
1800.0,1810.0,1800.0,1810.0,1778206560,658
1810.0,1810.0,1810.0,1810.0,1778206500,2
2269.3,2269.3,2265.0,2265.0,1778206440,54
2266.25,2268.35,2265.0,2268.35,1778206380,195
2265.0,2265.0,2265.0,2265.0,1778206320,4
2265.0,2265.0,2265.0,2265.0,1778206260,173
1810.0,1810.0,1810.0,1810.0,1778206200,10
1810.0,1810.0,1810.0,1810.0,1778206140,1
1800.0,1800.0,1800.0,1800.0,1778206080,0
1800.0,1800.0,1800.0,1800.0,1778206020,0
1800.0,2260.0,1800.0,2260.0,1778205960,202
1800.0,1800.0,1800.0,1800.0,1778205900,0
1800.0,2270.15,1800.0,2270.0,1778205840,162
2270.75,2270.75,2270.0,2270.0,1778205780,2159
2274.15,2274.15,1800.0,2269.55,1778205720,568
1800.0,2284.3,1800.0,2282.65,1778205660,2146
222.0,222.0,222.0,222.0,1778205600,0
222.0,2282.65,222.0,2282.45,1778205540,137
2282.45,2282.45,2280.0,2280.0,1778205480,534
2280.0,2280.0,2280.0,2280.0,1778205420,3927
2280.0,2280.0,222.0,222.0,1778205360,59
2280.0,2280.0,2280.0,2280.0,1778205300,1250
222.0,2280.0,222.0,2280.0,1778205240,294
222.0,222.0,222.0,222.0,1778205180,100
222.0,2280.0,222.0,2280.0,1778205120,200
2280.0,2280.0,2280.0,2280.0,1778205060,0
2280.0,2280.0,2280.0,2280.0,1778205000,0
2280.0,2280.0,2280.0,2280.0,1778204940,22
2280.0,2280.0,2280.0,2280.0,1778204880,20
2289.3,2289.3,2289.3,2289.3,1778204820,0
2289.3,2289.3,2289.3,2289.3,1778204760,23
2298.2,2298.2,2298.2,2298.2,1778204700,0
2298.2,2298.2,2298.2,2298.2,1778204640,0
2298.2,2298.2,2298.2,2298.2,1778204580,1
222.0,2298.2,222.0,2298.2,1778204520,66
222.0,2298.2,222.0,2293.05,1778204460,25
2331.1,2331.1,2331.1,2331.1,1778204400,58
222.0,222.0,222.0,222.0,1778204340,0
222.0,2331.1,222.0,2331.1,1778204280,472
2331.1,2331.1,2331.1,2331.1,1778204220,27
222.0,222.0,222.0,222.0,1778204160,0
222.0,2331.1,222.0,2331.1,1778204100,143
222.0,222.0,222.0,222.0,1778204040,10
222.0,2331.1,222.0,2285.1,1778203980,738
2331.1,2331.1,2285.1,2331.1,1778203920,625
2331.1,2331.1,2286.0,2286.0,1778203860,152
2331.1,2331.1,2286.0,2331.1,1778203800,72
2331.1,2331.1,2285.0,2331.1,1778203740,630
2285.0,2331.1,2285.0,2320.0,1778203680,108
2320.0,2320.0,2320.0,2320.0,1778203620,0
2320.0,2320.0,2285.0,2285.0,1778203560,484
2320.0,2320.0,2320.0,2320.0,1778203500,13
2320.0,2320.0,2320.0,2320.0,1778203440,51
2320.0,2320.0,2320.0,2320.0,1778203380,0
2320.0,2320.0,2286.75,2286.75,1778203320,166
2285.0,2331.1,2285.0,2331.1,1778203260,130
2331.1,2331.1,2286.0,2331.1,1778203200,442
222.0,2331.1,222.0,2331.1,1778203140,562
2282.0,2331.1,2282.0,2282.0,1778203080,443
222.0,2282.6,222.0,2282.6,1778203020,265
234.0,234.0,234.0,234.0,1778202960,0
234.0,2331.1,234.0,2234.0,1778202900,795
2234.0,2234.0,2234.0,2234.0,1778202840,0
2234.0,2234.0,2234.0,2234.0,1778202780,63
2234.0,2234.0,2234.0,2234.0,1778202720,0
2234.0,2234.0,2234.0,2234.0,1778202660,0
2234.0,2234.0,2234.0,2234.0,1778202600,50
2234.0,2234.0,2234.0,2234.0,1778202540,0
2234.0,2234.0,2234.0,2234.0,1778202480,24
2234.0,2234.0,2234.0,2234.0,1778202420,1
234.0,234.0,234.0,234.0,1778202360,0
234.0,234.0,234.0,234.0,1778202300,0
234.0,234.0,234.0,234.0,1778202240,270
2234.0,2234.0,2234.0,2234.0,1778202180,0
2234.0,2234.0,2234.0,2234.0,1778202120,0
2234.0,2234.0,2234.0,2234.0,1778202060,2
234.0,234.0,234.0,234.0,1778202000,0
234.0,234.0,234.0,234.0,1778201940,0
234.0,234.0,234.0,234.0,1778201880,0
234.0,234.0,234.0,234.0,1778201820,0
234.0,234.0,234.0,234.0,1778201760,205
234.0,234.0,234.0,234.0,1778201700,0
234.0,234.0,234.0,234.0,1778201640,0
234.0,234.0,234.0,234.0,1778201580,0
234.0,234.0,234.0,234.0,1778201520,0
234.0,234.0,234.0,234.0,1778201460,1600
234.0,234.0,234.0,234.0,1778201400,0
234.0,234.0,234.0,234.0,1778201340,0
234.0,234.0,234.0,234.0,1778201280,0
234.0,234.0,234.0,234.0,1778201220,0
234.0,2225.15,234.0,2225.15,1778201160,5010
1840.45,2256.0,1840.45,2256.0,1778201100,215
2256.0,2256.0,2256.0,2256.0,1778201040,110
2256.0,2256.0,2256.0,2256.0,1778200980,0
2256.0,2256.0,2256.0,2256.0,1778200920,0
2256.0,2256.0,2256.0,2256.0,1778200860,0
2256.0,2256.0,2256.0,2256.0,1778200800,391
2256.0,2256.0,2256.0,2256.0,1778200740,0
2256.0,2256.0,2256.0,2256.0,1778200680,140
1840.45,1840.45,1840.45,1840.45,1778200620,0
1840.45,1840.45,1840.45,1840.45,1778200560,223
1840.45,1840.45,1840.45,1840.45,1778200500,0
1840.45,1840.45,1840.45,1840.45,1778200440,0
1840.45,1840.45,1840.45,1840.45,1778200380,0
1840.45,1840.45,1840.45,1840.45,1778200320,200
1840.45,1840.45,1840.45,1840.45,1778200260,0
1840.45,1840.45,1840.45,1840.45,1778200200,0
1840.45,1840.45,1840.45,1840.45,1778200140,0
1840.45,1840.45,1840.45,1840.45,1778200080,0
1840.45,1840.45,1840.45,1840.45,1778200020,200
1840.45,1840.45,1840.45,1840.45,1778199960,0
1840.45,1840.45,1840.45,1840.45,1778199900,0
1840.45,1840.45,1840.45,1840.45,1778199840,0
1840.45,1840.45,1840.45,1840.45,1778199780,0
1840.45,1840.45,1840.45,1840.45,1778199720,0
1840.45,1840.45,1840.45,1840.45,1778199660,0
1840.45,1840.45,1840.45,1840.45,1778199600,0
1840.45,1840.45,1840.45,1840.45,1778199540,91
1840.45,1840.45,1840.45,1840.45,1778199060,1
2331.1,2331.1,2331.1,2331.1,1778199000,1775
2331.1,2331.1,2305.0,2305.0,1778198940,299
2305.0,2305.0,2305.0,2305.0,1778198880,40
2305.0,2305.0,2305.0,2305.0,1778198820,231
1840.45,1840.45,1840.45,1840.45,1778198760,1
2331.1,2331.1,2292.0,2292.0,1778198700,155
2331.1,2331.1,2331.1,2331.1,1778198640,1
2331.1,2331.1,2331.1,2331.1,1778198580,0
2331.1,2331.1,2331.1,2331.1,1778198520,0
2331.1,2331.1,2331.1,2331.1,1778198460,0
2331.1,2331.1,2331.1,2331.1,1778198400,0
2331.1,2331.1,2331.1,2331.1,1778198340,0
2331.1,2331.1,2331.1,2331.1,1778198280,26
1840.45,2081.2,1840.45,2081.2,1778198220,25
1840.45,1840.45,1840.45,1840.45,1778198160,0
1840.45,1840.45,1840.45,1840.45,1778198100,0
1840.45,1840.45,1840.45,1840.45,1778198040,110
2331.1,2331.1,2331.1,2331.1,1778197980,0
2331.1,2331.1,2331.1,2331.1,1778197920,60
2331.1,2331.1,2331.1,2331.1,1778197860,170
2289.45,2289.45,2289.45,2289.45,1778197800,0
2289.45,2289.45,2289.45,2289.45,1778197740,0
2289.45,2289.45,2289.45,2289.45,1778197680,0
2289.45,2289.45,1840.45,1840.45,1778197620,36
1840.45,2331.1,1840.45,2331.1,1778197560,4
2331.1,2331.1,2331.1,2331.1,1778197500,23
2331.1,2331.1,2331.1,2331.1,1778197440,0
2331.1,2331.1,2331.1,2331.1,1778197380,62
2331.1,2331.1,2291.6,2291.6,1778197320,97
2291.6,2291.6,2291.6,2291.6,1778197260,0
2291.6,2291.6,2289.45,2289.45,1778197200,358
1840.45,1840.45,1840.45,1840.45,1778197140,1021
1840.45,1840.45,1840.45,1840.45,1778197080,4
1840.45,1840.45,1840.45,1840.45,1778197020,0
1840.45,1840.45,1840.45,1840.45,1778196960,0
1840.45,1840.45,1840.45,1840.45,1778196900,311
2285.85,2285.85,2285.85,2285.85,1778196840,4
2285.85,2285.85,2285.85,2285.85,1778196780,0
2285.85,2285.85,2285.85,2285.85,1778196720,0
2285.85,2285.85,2285.85,2285.85,1778196660,0
2285.85,2285.85,2285.85,2285.85,1778196600,311
2285.85,2285.85,2285.85,2285.85,1778196540,0
2285.85,2285.85,2285.85,2285.85,1778196480,0
2285.85,2285.85,2285.85,2285.85,1778196420,0
2285.85,2285.85,2285.85,2285.85,1778196360,0
2285.85,2285.85,2285.85,2285.85,1778196300,0
2285.85,2285.85,2285.85,2285.85,1778196240,74
2285.85,2285.85,2285.85,2285.85,1778196180,1
2285.85,2285.85,2285.85,2285.85,1778196120,0
2285.85,2285.85,2285.85,2285.85,1778196060,0
2285.85,2285.85,2285.85,2285.85,1778196000,0
2285.85,2285.85,2285.85,2285.85,1778195940,0
2285.85,2285.85,2285.85,2285.85,1778195880,408
1840.45,1840.45,1840.45,1840.45,1778195520,105
2285.85,2285.85,2285.85,2285.85,1778195460,105
1840.45,1840.45,1840.45,1840.45,1778195400,0
1840.45,1840.45,1840.45,1840.45,1778195340,0
1840.45,1840.45,1840.45,1840.45,1778195280,0
1840.45,1840.45,1840.45,1840.45,1778195220,239
2285.85,2285.85,2285.85,2285.85,1778195160,0
2285.85,2285.85,2285.85,2285.85,1778195100,0
2285.85,2285.85,2285.85,2285.85,1778195040,0
2285.85,2285.85,2285.85,2285.85,1778194980,0
2285.85,2285.85,2285.85,2285.85,1778194920,0
2285.85,2285.85,2285.85,2285.85,1778194860,0
2285.85,2285.85,2285.85,2285.85,1778194800,26
1840.45,1840.45,1840.45,1840.45,1778194740,26
2285.85,2285.85,2285.85,2285.85,1778194680,0
2285.85,2285.85,2285.85,2285.85,1778194620,0
2285.85,2285.85,2285.85,2285.85,1778194560,0
2285.85,2285.85,2285.85,2285.85,1778194500,0
2285.85,2285.85,2285.85,2285.85,1778194440,0
2285.85,2285.85,2285.85,2285.85,1778194380,0
2285.85,2285.85,2285.85,2285.85,1778194320,0
2285.85,2285.85,2285.85,2285.85,1778194260,6
2285.85,2285.85,2285.85,2285.85,1778194200,0
2285.85,2285.85,2285.85,2285.85,1778194140,236
1840.45,1840.45,1840.45,1840.45,1778194080,0
1840.45,1840.45,1840.45,1840.45,1778194020,0
1840.45,1840.45,1840.45,1840.45,1778193960,392
2282.0,2282.0,2282.0,2282.0,1778193900,0
2282.0,2282.0,2282.0,2282.0,1778193840,0
2282.0,2282.0,2282.0,2282.0,1778193780,0
2282.0,2282.0,2282.0,2282.0,1778193720,0
2282.0,2282.0,2282.0,2282.0,1778193660,0
2282.0,2282.0,2282.0,2282.0,1778193600,0
2282.0,2282.0,2282.0,2282.0,1778193540,0
2282.0,2282.0,2282.0,2282.0,1778193480,0
2282.0,2282.0,2282.0,2282.0,1778193420,100
1840.45,1840.45,1840.45,1840.45,1778191140,100
1840.45,1840.45,1840.45,1840.45,1778191080,0
1840.45,1840.45,1840.45,1840.45,1778191020,0
1840.45,1840.45,1840.45,1840.45,1778190960,0
1840.45,1840.45,1840.45,1840.45,1778190900,0
1840.45,1840.45,1840.45,1840.45,1778190840,0
1840.45,1840.45,1840.45,1840.45,1778190780,0
1840.45,1840.45,1840.45,1840.45,1778190720,0
1840.45,1840.45,1840.45,1840.45,1778190660,0
1840.45,1840.45,1840.45,1840.45,1778190600,0
1840.45,1840.45,1840.45,1840.45,1778190540,50
1850.0,1850.0,1850.0,1850.0,1778190480,50
1840.45,1840.45,1840.45,1840.45,1778190420,0
1840.45,1840.45,1840.45,1840.45,1778190360,0
1840.45,1840.45,1840.45,1840.45,1778190300,0
1840.45,1840.45,1840.45,1840.45,1778190240,128
2291.6,2291.6,2291.6,2291.6,1778190180,0
2291.6,2291.6,2291.6,2291.6,1778190120,0
2291.6,2291.6,2291.6,2291.6,1778190060,14
1840.45,1840.45,1840.45,1840.45,1778190000,0
1840.45,1840.45,1840.45,1840.45,1778189940,0
1840.45,1840.45,1840.45,1840.45,1778189880,0
1840.45,1840.45,1840.45,1840.45,1778189820,0
1840.45,1840.45,1840.45,1840.45,1778189760,0
1840.45,1840.45,1840.45,1840.45,1778189700,0
1840.45,1840.45,1840.45,1840.45,1778189640,0
1840.45,1840.45,1840.45,1840.45,1778189580,0
1840.45,1840.45,1840.45,1840.45,1778189520,0
1840.45,1840.45,1840.45,1840.45,1778189460,0
1840.45,1840.45,1840.45,1840.45,1778189400,0
1840.45,1840.45,1840.45,1840.45,1778189340,0
1840.45,1840.45,1840.45,1840.45,1778189280,203
1840.45,1840.45,1840.45,1840.45,1778188440,1
1840.45,1840.45,1840.45,1840.45,1778188380,1
1840.45,1840.45,1840.45,1840.45,1778188320,0
1840.45,1840.45,1840.45,1840.45,1778188260,0
1840.45,1840.45,1840.45,1840.45,1778188200,0
1840.45,1840.45,1840.45,1840.45,1778188140,90
1840.45,1840.45,1840.45,1840.45,1778188080,0
1840.45,1840.45,1840.45,1840.45,1778188020,101
1840.45,2331.1,1840.45,2253.5,1778187960,319
1840.45,1840.45,1840.45,1840.45,1778187900,0
1840.45,2287.0,1840.45,2287.0,1778187840,21
2287.0,2287.0,2287.0,2287.0,1778187780,8
2287.0,2287.0,2287.0,2287.0,1778187720,110
2331.1,2331.1,2331.1,2331.1,1778187660,0
2331.1,2331.1,2331.1,2331.1,1778187600,8
2287.0,2287.0,2287.0,2287.0,1778187540,0
2287.0,2287.0,2287.0,2287.0,1778187480,8
2331.1,2331.1,2287.0,2287.0,1778187420,592
2287.0,2287.0,2287.0,2287.0,1778187360,10
2290.55,2290.55,2290.55,2290.55,1778187300,0
2290.55,2290.55,2290.55,2290.55,1778187240,9
2287.0,2287.0,2287.0,2287.0,1778187180,268
2290.55,2290.55,2290.55,2290.55,1778187120,11
2290.55,2290.55,2290.55,2290.55,1778187060,0
2290.55,2290.55,2290.55,2290.55,1778187000,5
2289.8,2289.8,2289.8,2289.8,1778186940,50
2331.1,2331.1,2331.1,2331.1,1778186880,0
2331.1,2331.1,2331.1,2331.1,1778186820,0
2331.1,2331.1,2331.1,2331.1,1778186760,0
2331.1,2331.1,2331.1,2331.1,1778186700,0
2331.1,2331.1,2331.1,2331.1,1778186640,0
2331.1,2331.1,2331.1,2331.1,1778186580,0
2331.1,2331.1,2331.1,2331.1,1778186520,0
2331.1,2331.1,2331.1,2331.1,1778186460,0
2331.1,2331.1,2331.1,2331.1,1778186400,0
2331.1,2331.1,2331.1,2331.1,1778186340,479
2331.1,2331.1,2331.1,2331.1,1778186280,0
2331.1,2331.1,2331.1,2331.1,1778186220,0
2331.1,2331.1,2331.1,2331.1,1778186160,0
2331.1,2331.1,2331.1,2331.1,1778186100,11
2331.1,2331.1,2331.1,2331.1,1778186040,2
1840.45,1840.45,1840.45,1840.45,1778185980,0
1840.45,1840.45,1840.45,1840.45,1778185920,0
1840.45,1840.45,1840.45,1840.45,1778185860,0
1840.45,1840.45,1840.45,1840.45,1778185800,4
2331.1,2331.1,2331.1,2331.1,1778185740,0
2331.1,2331.1,1840.45,1840.45,1778185680,352
1840.45,2331.1,1840.45,2331.1,1778185620,350
1840.45,1840.45,1840.45,1840.45,1778185560,392
1840.45,2331.1,1840.45,2331.1,1778185500,976
2331.1,2331.1,2293.25,2319.8,1778185440,395
1840.45,2319.8,1840.45,1840.45,1778185380,17
1840.45,1840.45,1840.45,1840.45,1778185320,1
2319.8,2319.8,2319.8,2319.8,1778185260,0
2319.8,2320.2,2295.0,2295.0,1778185200,25
1840.45,1840.45,1840.45,1840.45,1778185140,32
2331.1,2331.1,2315.3,2315.3,1778184900,29
2315.3,2315.3,2315.3,2315.3,1778184840,11
2297.0,2297.0,2297.0,2297.0,1778184780,0
2297.0,2297.0,2297.0,2297.0,1778184720,0
2297.0,2297.0,2297.0,2297.0,1778184660,473
2298.0,2298.0,2298.0,2298.0,1778184600,0
2298.0,2298.0,2298.0,2298.0,1778184540,0
2298.0,2298.0,2298.0,2298.0,1778184480,0
2298.0,2298.0,2298.0,2298.0,1778184420,0
2298.0,2298.0,1840.45,1840.45,1778184360,12
2331.1,2331.1,2331.1,2331.1,1778184300,43
2301.65,2301.65,2301.65,2301.65,1778184240,1
2301.65,2301.65,1840.45,2296.0,1778184180,443
2331.1,2331.1,1840.45,2331.1,1778184120,694
1840.45,1840.45,1840.45,1840.45,1778184060,4
2331.1,2331.1,2331.1,2331.1,1778184000,0
2331.1,2331.1,2331.1,2331.1,1778183940,1
2331.1,2331.1,1840.45,1840.45,1778183880,97
1840.45,1840.45,1840.45,1840.45,1778183820,0
1840.45,1840.45,1840.45,1840.45,1778183760,0
1840.45,1840.45,1840.45,1840.45,1778183700,0
1840.45,1840.45,1840.45,1840.45,1778183640,0
1840.45,1840.45,1840.45,1840.45,1778183580,0
1840.45,1840.45,1840.45,1840.45,1778183520,2
1840.45,2280.0,1840.45,2280.0,1778183460,17
2280.0,2331.1,2280.0,2294.45,1778183400,93
2280.0,2280.0,2280.0,2280.0,1778183340,0
2280.0,2280.0,2280.0,2280.0,1778183280,0
2280.0,2280.0,2280.0,2280.0,1778183220,7
2280.0,2280.0,2280.0,2280.0,1778183160,0
2280.0,2280.0,2280.0,2280.0,1778183100,1
1840.45,1840.45,1840.45,1840.45,1778183040,0
1840.45,1840.45,1840.45,1840.45,1778182980,2
2331.1,2331.1,1840.45,1840.45,1778182920,232
1840.45,2331.1,1840.45,1840.45,1778182860,581
1840.45,2296.4,1840.45,2296.4,1778182800,205
2296.4,2296.4,2290.0,2290.0,1778182740,582
2290.0,2290.0,2290.0,2290.0,1778182680,204
1840.45,1840.45,1840.45,1840.45,1778182620,1
1840.45,1840.45,1840.45,1840.45,1778182560,500
2331.1,2331.1,2331.1,2331.1,1778182500,3
2331.1,2331.1,2331.1,2331.1,1778182440,1
2331.1,2331.1,2331.1,2331.1,1778182380,2
2331.1,2331.1,1840.45,1840.45,1778182320,259
1840.45,1840.45,1840.45,1840.45,1778182260,50
2331.1,2331.1,2331.1,2331.1,1778182200,228
1840.45,1840.45,1840.45,1840.45,1778182140,140
2331.1,2331.1,2290.1,2290.1,1778182080,700
2331.1,2331.1,1840.45,2331.1,1778182020,105
2331.0,2331.1,2331.0,2331.1,1778181960,18
1840.45,2331.1,1840.45,2331.1,1778181900,58
2331.1,2331.1,2331.1,2331.1,1778181840,94
1840.45,2331.1,1840.45,2331.1,1778181780,241
2331.1,2331.1,2331.1,2331.1,1778181720,17
2331.1,2331.1,2331.1,2331.1,1778181660,123
2331.1,2331.1,2331.1,2331.1,1778181600,0
2331.1,2331.1,2331.1,2331.1,1778181540,10
1840.45,2331.1,1840.45,2331.1,1778181420,131
2331.1,2331.1,1840.45,2271.85,1778181360,1163
1840.45,2331.1,1840.45,2294.5,1778181300,653
2331.1,2331.1,1840.45,1840.45,1778181240,167
2310.0,2310.0,2310.0,2310.0,1778181180,25
1840.45,2310.0,1840.45,1840.45,1778181120,1153
1840.45,2331.1,1840.45,2295.45,1778181060,2377
1840.45,1840.45,1840.45,1840.45,1778181000,0
1840.45,2287.75,1840.45,2287.75,1778180940,164
2287.75,2287.75,2287.75,2287.75,1778180880,126
2287.75,2287.75,1840.45,2287.75,1778180820,109
1840.45,1840.45,1840.45,1840.45,1778180760,0
1840.45,1840.45,1840.45,1840.45,1778180700,72
2311.0,2311.0,2305.0,2305.0,1778180640,296
2305.0,2305.0,2305.0,2305.0,1778180580,107
1840.45,2310.4,1840.45,2310.4,1778180520,33
2310.4,2310.4,1840.45,2310.4,1778180460,83
1840.45,2331.1,1840.45,2331.1,1778180400,154
2331.1,2331.1,2301.1,2301.1,1778180340,127
2300.45,2300.45,2300.45,2300.45,1778180280,40
2307.3,2307.3,2307.3,2307.3,1778180220,0
2307.3,2331.1,2292.05,2292.05,1778180160,3900
1845.85,1845.85,1845.85,1845.85,1778180100,10
2292.0,2292.0,2292.0,2292.0,1778180040,0
2292.0,2292.0,2292.0,2292.0,1778179980,1
2292.0,2292.0,1845.85,2291.85,1778179920,36
2292.0,2292.0,2292.0,2292.0,1778179860,368
1845.85,1845.85,1845.85,1845.85,1778179800,121
1845.85,2311.0,1845.85,2308.0,1778179740,259
2308.0,2308.0,2298.0,2298.0,1778179680,172
2308.0,2308.0,2277.55,2308.0,1778179620,534
2308.0,2330.7,2277.55,2277.55,1778179560,16
1844.0,2330.7,1844.0,2330.7,1778179500,20
1843.05,2330.7,1843.05,2301.4,1778179440,1223
2301.4,2328.45,2301.4,2302.0,1778179380,1307
2328.45,2328.45,2300.0,2301.0,1778179320,103
2300.0,2331.1,2300.0,2302.0,1778179260,590
2302.0,2331.1,2302.0,2302.0,1778179200,934
2331.1,2331.1,2300.0,2300.0,1778179140,1173
2300.9,2331.1,1840.45,2331.1,1778179080,479
1840.45,2331.1,1840.45,2331.1,1778179020,545
2331.1,2331.1,1840.45,2297.55,1778178960,263
2304.0,2304.0,2297.55,2297.55,1778178900,230
2297.55,2331.1,2297.55,2297.55,1778178840,255
2331.1,2331.1,2297.55,2304.0,1778178780,437
2331.1,2331.1,2303.45,2303.45,1778178720,97
2331.1,2331.1,1840.45,2331.1,1778178660,19
1840.45,2331.1,1840.45,2326.0,1778178600,454
2328.1,2328.1,2328.1,2328.1,1778178540,6
1840.45,2328.1,1840.45,2306.0,1778178480,1090
2300.0,2328.1,2292.0,2292.0,1778178420,516
2328.1,2328.1,2292.0,2301.3,1778178360,157
2301.3,2301.3,1840.45,2301.3,1778178300,111
2301.3,2328.1,2301.3,2301.3,1778178240,563
1840.45,2328.1,1840.45,2299.0,1778178180,401
2299.0,2299.0,1840.0,2299.0,1778178120,386
2299.0,2299.0,2299.0,2299.0,1778178060,191
2299.0,2302.3,2299.0,2302.3,1778178000,390
2302.3,2328.1,2302.3,2328.1,1778177940,638
2328.1,2328.1,1840.0,1840.0,1778177880,343
2328.1,2328.1,2328.1,2328.1,1778177760,18
2328.1,2328.1,1840.0,2328.1,1778177700,115
2328.1,2328.1,2300.0,2328.1,1778177640,261
2328.1,2328.1,2308.0,2308.0,1778177580,471
1840.0,2308.0,1840.0,2308.0,1778177520,57
2308.0,2308.0,1840.0,2308.0,1778177460,488
2308.0,2308.0,1840.0,2304.2,1778177400,1008
2293.6,2304.2,2293.6,2301.75,1778177340,3083
2304.2,2328.1,2293.6,2304.1,1778177280,2005
2328.1,2328.1,2293.6,2328.1,1778177220,172
2293.6,2328.1,2293.6,2293.6,1778177160,2446
2328.1,2328.1,2293.6,2302.9,1778177100,2226
2293.6,2328.1,2293.6,2293.6,1778177040,991
2328.1,2328.1,2293.6,2318.15,1778176980,1128
2316.35,2328.1,2293.6,2328.1,1778176920,1216
2293.6,2328.1,2293.6,2328.1,1778176860,1691
2328.1,2328.1,2328.0,2328.0,1778176800,1476
2328.0,2328.1,2328.0,2328.0,1778176740,921
2328.0,2328.0,2328.0,2328.0,1778176680,78
2328.1,2328.1,2328.1,2328.1,1778176620,378
2328.1,2328.1,1838.1,1838.1,1778176560,485
2300.0,2300.0,1838.1,1838.1,1778176500,1467
1838.1,2300.0,1838.1,2300.0,1778176440,813
2300.0,2300.0,1838.1,2299.0,1778176380,210
1838.1,1838.1,1838.1,1838.1,1778176320,0
1838.1,2299.0,1838.1,2299.0,1778176260,33
2288.0,2300.0,2288.0,2300.0,1778176200,359
2300.0,2300.0,1838.0,2287.3,1778176140,176
1837.9,1837.9,1837.9,1837.9,1778176080,20
1837.9,2300.0,1837.9,2300.0,1778176020,300
2300.0,2328.1,2300.0,2328.1,1778175960,549
2328.1,2328.1,1837.5,2290.45,1778175900,1368
2290.45,2328.0,2290.45,2328.0,1778175840,31
1837.5,2328.0,1837.5,2328.0,1778175780,16
2328.0,2328.0,1836.5,1836.5,1778175720,256
2328.0,2328.0,1836.5,2328.0,1778175660,216
2308.6,2308.6,2282.35,2282.35,1778175600,2821
1838.0,1838.0,1838.0,1838.0,1778175540,400
1838.0,1838.0,1838.0,1838.0,1778175480,0
1838.0,1838.0,1838.0,1838.0,1778175420,50
1838.0,1838.0,1838.0,1838.0,1778175360,0
1838.0,1838.0,1838.0,1838.0,1778175300,0
1838.0,1838.0,1838.0,1838.0,1778175240,175
1838.0,2280.0,1838.0,2280.0,1778175180,186
2280.0,2280.0,2269.0,2269.0,1778175120,332
2280.0,2280.0,1838.0,1838.5,1778175060,608
2269.0,2269.0,1838.0,1838.0,1778175000,627
2269.0,2269.0,1838.0,1838.0,1778174940,42
1838.0,2269.0,1838.0,2269.0,1778174880,186
1836.0,1836.0,1836.0,1836.0,1778174820,1005
1836.0,2328.1,1835.0,1835.0,1778174760,1190
2290.75,2328.1,1835.0,1835.0,1778174700,35
2328.1,2328.1,2287.0,2287.0,1778174640,4799
2287.0,2287.0,2278.3,2285.0,1778174580,634
2287.0,2287.0,1835.0,1835.5,1778174520,735
2287.0,2287.0,1835.5,2287.0,1778174460,273
2287.0,2287.0,2287.0,2287.0,1778174400,500
1835.5,2287.0,1835.5,2287.0,1778174340,457
1835.0,2291.05,1835.0,1835.0,1778174280,128
2291.05,2291.05,1835.0,1835.5,1778174220,201
2328.1,2328.1,1835.0,1835.0,1778174160,2333
2328.1,2328.1,1835.0,2200.0,1778174100,2029
2200.0,2322.0,1835.0,2296.35,1778174040,1041
2296.35,2322.0,2296.35,2322.0,1778173980,15
1835.0,2322.0,1835.0,2280.4,1778173920,41
2322.0,2281.05,1835.0,2281.05,1778173860,221
2281.05,2281.05,2281.05,2281.05,1778173800,8
2328.1,2328.1,1835.0,1835.0,1778173740,1011
2294.65,2294.65,1835.0,1835.0,1778173680,638
1835.0,2328.1,1833.0,2328.1,1778173620,427
2328.1,2328.1,1833.0,1833.0,1778173560,85
2328.1,2328.1,1833.0,2293.05,1778173500,2120
1833.0,2328.1,1833.0,2328.1,1778173440,575
2328.1,2328.1,2328.1,2328.1,1778173380,20
2328.1,2328.1,2310.45,2310.45,1778173320,100
2292.0,2328.1,2292.0,2328.1,1778173260,279
2292.0,2328.1,2292.0,2292.0,1778173200,71
2292.0,2318.2,1833.0,2318.2,1778173140,725
1833.0,2328.1,1833.0,2328.1,1778173080,468
2328.1,2328.1,2300.0,2300.0,1778173020,5024
1831.15,2328.1,1831.15,2328.1,1778172960,5
2328.1,2328.1,1831.0,1831.0,1778172900,223
1831.0,1831.0,1831.0,1831.0,1778172840,0
1831.0,1831.0,1831.0,1831.0,1778172780,28
2328.1,2328.1,2328.1,2328.1,1778172720,1
1830.0,2328.1,1830.0,1830.0,1778172660,377
2328.1,2328.1,1830.0,1830.0,1778172600,838
2320.0,2320.0,1830.0,2320.0,1778172540,407
1830.0,2320.0,1830.0,2320.0,1778172480,1081
2328.1,2328.1,1830.0,1830.0,1778172420,729
1825.0,2328.1,1825.0,2292.0,1778172360,1164
2292.0,2292.0,1825.0,2292.0,1778172300,53
2292.0,2292.0,2275.05,2291.4,1778172240,369
2292.0,2292.0,1825.0,2292.0,1778172180,119
2292.0,2292.0,2292.0,2292.0,1778172120,0
2292.0,2292.0,1825.0,2289.5,1778172060,316
2289.5,2292.5,2289.5,2292.5,1778172000,106
1825.0,2292.5,1825.0,2291.4,1778171940,233
1825.0,2328.1,1825.0,2328.1,1778171880,585
2292.85,2292.85,2292.85,2292.85,1778171820,390
2328.1,2328.1,1825.0,1825.0,1778171760,1023
1825.0,1825.0,1825.0,1825.0,1778171700,1
1825.0,2298.0,1825.0,2298.0,1778171640,281
2319.05,2319.05,2319.05,2319.05,1778171580,13
2319.05,2319.05,1825.0,2319.05,1778171520,275
2328.1,2328.1,2305.3,2305.3,1778171460,430
2309.0,2309.0,2309.0,2309.0,1778171400,40
2309.0,2309.0,2293.0,2297.55,1778171340,2220
2297.55,2297.55,2288.75,2288.75,1778171280,2480
1820.0,2285.0,1820.0,2285.0,1778171220,4557
1820.0,1820.0,1820.0,1820.0,1778171160,375
1820.0,1820.0,1820.0,1820.0,1778171100,100
1820.0,1820.0,1820.0,1820.0,1778171040,0
1820.0,1820.0,1820.0,1820.0,1778170980,14
1820.0,1820.0,1820.0,1820.0,1778170920,38
1820.0,1820.0,1820.0,1820.0,1778170860,309
1820.0,1820.0,1820.0,1820.0,1778170800,1726
1820.0,1820.0,1820.0,1820.0,1778170740,10
1820.0,1820.0,1820.0,1820.0,1778170680,1230
1820.0,1820.0,1820.0,1820.0,1778170560,1
2287.95,2287.95,1820.0,1820.0,1778170500,85
1820.0,1820.0,1820.0,1820.0,1778170440,0
1820.0,2268.0,1820.0,2268.0,1778170380,245
2268.0,2268.0,2268.0,2268.0,1778170320,10
2268.0,2286.0,2268.0,2286.0,1778170260,760
2276.0,2276.0,2276.0,2276.0,1778170200,8
2276.0,2276.0,2276.0,2276.0,1778170140,60
2288.0,2288.0,2288.0,2288.0,1778170080,50
1810.1,2289.55,1810.1,2286.5,1778170020,638
2289.0,2290.0,1810.1,1810.1,1778169960,555
2290.0,2290.0,2290.0,2290.0,1778169900,593
2290.0,2290.0,2290.0,2290.0,1778169840,523
2290.0,2290.0,2290.0,2290.0,1778169780,587
2290.0,2290.0,2290.0,2290.0,1778169720,525
1810.1,2290.0,1810.1,2290.0,1778169660,1530
2290.0,2290.0,2290.0,2290.0,1778169600,0
2290.0,2290.0,1810.0,2290.0,1778169540,64
2290.0,2290.0,1810.0,2290.0,1778169480,923
1810.0,2290.0,1810.0,2290.0,1778169420,347
2290.0,2290.0,2290.0,2290.0,1778169360,0
2290.0,2290.0,2290.0,2290.0,1778169300,213
2290.0,2290.0,2290.0,2290.0,1778169240,1435
2290.0,2290.0,1800.0,1843.5,1778169180,3838
2294.15,2294.15,1843.5,2294.15,1778169120,110
2291.85,2291.85,2291.85,2291.85,1778169060,1
1843.5,1843.5,1843.5,1843.5,1778169000,348
1843.5,1843.5,1843.5,1843.5,1778168940,0
1843.5,1843.5,1843.5,1843.5,1778168880,28
1843.25,1843.25,1843.25,1843.25,1778168820,0
1843.25,1843.25,1843.25,1843.25,1778168760,100
1840.0,1840.0,1840.0,1840.0,1778168700,12
1840.0,1840.0,1840.0,1840.0,1778168640,0
1840.0,1840.0,1840.0,1840.0,1778168580,14
2292.0,2292.0,1840.0,1840.0,1778168520,530
1840.0,2294.75,1840.0,2294.75,1778168460,598
1840.65,2295.0,1840.65,2295.0,1778168400,178
2295.0,2296.0,1840.0,2296.0,1778168340,35
2296.0,2296.0,2296.0,2296.0,1778168280,57
2296.0,2296.0,2296.0,2296.0,1778168220,138
1837.0,2278.0,1836.0,1836.0,1778168160,1657
1836.0,2274.0,1836.0,2274.0,1778168100,208
1835.1,2275.0,1835.1,2275.0,1778168040,2
2275.0,2275.0,1835.1,2275.0,1778167980,306
2275.0,2275.0,2275.0,2275.0,1778167920,302
2278.0,2278.0,1835.0,1835.0,1778167860,50
2277.9,2277.9,1835.0,1835.0,1778167800,210
1832.9,1832.9,1832.9,1832.9,1778167740,3
1832.9,2286.0,1832.9,2286.0,1778167680,538
2286.0,2286.0,2223.0,2223.0,1778167620,343
2223.0,2290.7,2223.0,2223.0,1778167560,795
2290.7,2290.7,2223.0,2290.0,1778167500,2100
2290.0,2290.0,1822.0,2290.0,1778167440,683
2290.0,2290.0,1822.0,2290.0,1778167380,1085
2289.6,2289.6,1822.0,1822.0,1778167320,983
1822.0,1822.0,1822.0,1822.0,1778167260,30
1822.0,1822.0,1822.0,1822.0,1778167200,258
1822.0,1822.0,1822.0,1822.0,1778167140,19
2217.0,2297.0,2217.0,2297.0,1778167080,28
1822.0,2297.0,1822.0,2297.0,1778167020,438
2297.0,2297.0,1822.0,2297.0,1778166960,333
2233.7,2233.7,1820.1,1820.1,1778166900,109
1820.1,1820.1,1820.1,1820.1,1778166840,201
1820.1,1820.1,1820.1,1820.1,1778166780,2
1820.1,1820.1,1820.1,1820.1,1778166720,124
1820.1,2297.0,1820.0,2214.0,1778166660,726
2214.0,2297.0,2214.0,2214.0,1778166600,2138
2214.0,2294.0,1820.0,1820.0,1778166540,1045
1820.0,2295.0,1820.0,2295.0,1778166480,46
2295.0,2295.0,1815.1,2295.0,1778166420,78
2295.0,2295.0,1815.1,2295.0,1778166360,1245
2295.0,2295.0,1815.1,1815.1,1778166300,962
1815.1,1815.1,1815.1,1815.1,1778166240,5
2297.45,2297.45,2296.9,2296.9,1778166180,1298
1815.1,2296.9,1815.0,1815.0,1778166120,1060
2296.9,2296.9,1815.0,1815.0,1778166060,877
2296.45,2296.9,1815.0,2295.0,1778166000,140
1815.0,2295.0,1815.0,2224.6,1778165940,30
1815.0,2279.3,1815.0,1815.0,1778165880,777
2279.3,2279.3,1815.0,2260.0,1778165820,515
2260.0,2294.35,2260.0,2294.35,1778165760,234
2292.0,2292.0,2291.8,2291.8,1778165700,545
1815.0,2291.8,1815.0,1815.0,1778165640,11
1810.05,2280.0,1810.05,1810.05,1778165580,83
1810.05,1810.05,1810.0,1810.0,1778165520,8
1810.0,1810.0,1801.0,1801.0,1778165460,351
2295.1,2295.1,2290.0,2295.1,1778165400,977
1801.0,2295.1,1801.0,2292.0,1778165340,1254
2010.0,2297.05,2010.0,2297.05,1778165280,971
2010.0,2297.1,2010.0,2290.0,1778165220,2233
2290.0,2290.0,2010.0,2288.0,1778165160,1236
2288.0,2288.0,2010.0,2288.0,1778165100,1520
2288.0,2288.0,2288.0,2288.0,1778165040,69
2288.0,2288.0,2288.0,2288.0,1778164980,554
2288.0,2288.0,2288.0,2288.0,1778164920,543
2288.0,2290.0,2004.4,2290.0,1778164860,1078
2290.0,2290.0,2004.4,2280.0,1778164800,882
2280.0,2280.0,2280.0,2280.0,1778164740,1
2289.8,2289.8,2220.0,2220.0,1778164680,2648
2220.0,2220.0,2200.0,2200.0,1778164620,162
2298.0,2298.0,2200.0,2298.0,1778164560,498
2200.0,2298.0,1801.0,1801.0,1778164500,1189
1801.0,1801.0,1801.0,1801.0,1778164440,355
2296.65,2296.65,1801.0,1801.0,1778164380,258
1801.0,2302.0,1801.0,2302.0,1778164320,668
1801.0,2328.1,1801.0,2308.0,1778164260,3103
1801.0,2308.0,1801.0,1801.0,1778164200,981
1801.0,1801.0,1801.0,1801.0,1778164140,20
2328.1,2328.1,2317.85,2317.85,1778164080,401
1801.0,1801.0,1801.0,1801.0,1778164020,21
2328.1,2328.1,2315.0,2315.0,1778163960,1392
2315.0,2315.0,2310.0,2310.0,1778163900,675
2310.0,2310.0,1801.0,2310.0,1778163840,108
2310.0,2310.0,1801.0,2309.65,1778163780,9
2310.0,2311.0,1801.0,1801.0,1778163720,349
2328.1,2328.1,2304.75,2304.75,1778163660,385
1800.0,1800.0,1800.0,1800.0,1778163600,294
2328.1,2328.1,1800.0,2001.0,1778163540,10135
2310.0,2310.0,2001.0,2305.35,1778163480,336
2000.0,2312.0,2000.0,2000.0,1778163420,102
2000.0,2311.0,2000.0,2311.0,1778163360,75
2325.45,2325.45,2000.0,2000.0,1778163300,1369
2325.45,2325.45,2000.0,2325.45,1778163240,3360
2325.45,2325.45,2000.0,2325.45,1778163180,6076
2325.45,2325.45,2317.85,2325.0,1778163120,3622
2325.45,2325.45,2000.0,2325.45,1778163060,1875
2000.0,2325.45,2000.0,2325.45,1778163000,138
2325.45,2325.45,2000.0,2000.0,1778162940,288
2000.0,2325.45,2000.0,2325.45,1778162880,939
2325.45,2325.45,2000.0,2325.45,1778162820,1146
2312.85,2313.0,2100.0,2100.0,1778162760,125
2325.45,2325.45,2100.0,2181.35,1778162700,1206
2313.0,2313.0,2181.35,2305.0,1778162640,675
2181.35,2309.0,2181.35,2300.0,1778162580,245
2300.0,2313.0,2181.35,2313.0,1778162520,172
2181.35,2181.35,2181.35,2181.35,1778162460,11
2181.35,2325.25,2181.35,2325.25,1778162400,93
2325.45,2325.45,2181.35,2181.35,1778162340,266
2325.45,2325.45,2181.35,2325.45,1778162280,1351
2325.45,2325.45,2181.35,2181.35,1778162220,782
2325.45,2325.45,2181.35,2325.45,1778162160,971
2325.45,2325.45,2181.35,2315.35,1778162100,2886
2325.45,2325.45,2260.0,2325.45,1778162040,1843
2325.45,2325.45,2307.0,2325.45,1778161980,985
2325.45,2325.45,2307.0,2307.0,1778161920,1287
2320.0,2325.0,2258.3,2274.0,1778161860,220
2325.45,2325.45,2300.0,2300.0,1778161800,1495
2315.0,2315.0,2274.0,2300.0,1778161740,1320
2325.45,2325.45,2300.0,2302.65,1778161680,2613
2302.65,2325.45,2302.65,2306.95,1778161620,32533
2306.95,2323.2,2306.95,2308.4,1778161560,7818
2312.0,2323.2,2308.4,2323.2,1778161500,27685
2323.2,2323.2,2314.6,2323.2,1778161440,822
2323.2,2323.2,2314.6,2323.2,1778161380,3363
2315.9,2323.2,2315.9,2315.9,1778161320,1348
2323.2,2323.2,2315.9,2317.8,1778161260,14684
2323.2,2323.2,2317.8,2318.35,1778161200,2831
2318.35,2319.0,2318.35,2318.75,1778161140,2639
2320.0,2322.0,2318.75,2318.75,1778161080,668
2323.2,2323.2,2318.75,2323.2,1778161020,1466
2323.2,2323.2,2318.75,2318.75,1778160960,5733
2318.75,2321.5,2318.75,2321.5,1778160900,355
2318.75,2321.5,2318.75,2318.9,1778160840,898
2318.9,2321.5,2318.9,2318.95,1778160780,5151
2319.5,2320.3,2317.55,2320.3,1778160720,8425
2320.15,2322.55,2320.15,2321.2,1778160660,5419
2321.9,2322.25,2321.6,2322.25,1778160600,1999
2324.2,2324.2,2321.6,2323.5,1778160540,3072
2323.05,2323.25,2321.95,2323.2,1778160480,318
2323.55,2325.6,2323.4,2325.6,1778160420,905
2325.55,2326.55,2325.05,2325.55,1778160360,2662
2321.75,2326.5,2321.75,2326.25,1778160300,5162
2327.25,2327.5,2327.0,2327.5,1778160240,162
2326.85,2326.85,2326.25,2326.7,1778160180,260
2326.35,2328.6,2326.35,2328.3,1778160120,3113
2328.35,2328.35,2326.7,2327.05,1778160060,1692
2326.85,2326.85,2326.4,2326.5,1778160000,827
2327.05,2327.15,2326.85,2327.05,1778159940,1295
2327.15,2327.15,2325.45,2325.45,1778159880,4838
2325.4,2327.75,2324.05,2324.05,1778159820,5095
2323.9,2324.0,2322.7,2322.7,1778159760,366
2322.15,2324.25,2322.15,2323.5,1778159700,1423
2322.55,2323.05,2321.4,2323.05,1778159640,2160
2323.0,2324.0,2322.4,2324.0,1778159580,2819
2326.0,2326.45,2326.0,2326.15,1778159520,2200
2326.0,2326.25,2326.0,2326.15,1778159460,412
2325.9,2325.9,2324.35,2325.05,1778159400,1249
2325.95,2326.2,2325.95,2326.2,1778159340,745
2326.0,2326.0,2325.15,2325.55,1778159280,3627
2324.75,2327.0,2322.25,2327.0,1778159220,3642
2326.85,2328.65,2326.85,2328.15,1778159160,6519
2328.3,2329.6,2328.1,2329.4,1778159100,2305
2329.45,2329.7,2328.9,2329.7,1778159040,279
2330.0,2330.05,2329.3,2329.8,1778158980,523
2330.0,2330.0,2328.1,2328.15,1778158920,1047
2328.0,2329.4,2327.35,2329.2,1778158860,4850
2329.2,2330.75,2329.2,2330.75,1778158800,919
2332.05,2332.95,2332.05,2332.95,1778158740,978
2332.6,2332.9,2331.1,2331.1,1778158680,1909
2330.9,2330.9,2330.9,2330.9,1778158620,104
2331.4,2331.4,2331.15,2331.2,1778158560,872
2331.6,2332.25,2331.6,2332.1,1778158500,700
2332.1,2332.1,2332.0,2332.0,1778158440,152
2331.95,2332.55,2331.95,2332.5,1778158380,1771
2332.3,2332.3,2331.55,2331.6,1778158320,762
2331.6,2331.65,2330.1,2330.1,1778158260,555
2330.15,2330.5,2330.15,2330.5,1778158200,2845
2331.0,2331.0,2328.3,2329.85,1778158140,7769
2330.0,2331.05,2330.0,2331.05,1778158080,3408
2330.55,2331.75,2330.55,2331.75,1778158020,292
2332.05,2332.55,2332.05,2332.35,1778157960,1177
2332.95,2333.55,2332.6,2332.75,1778157900,2613
2332.15,2332.25,2332.1,2332.1,1778157840,425
2332.0,2332.0,2331.95,2331.95,1778157780,628
2331.6,2331.6,2330.9,2331.4,1778157720,515
2331.35,2331.35,2330.95,2331.1,1778157660,486
2331.75,2332.7,2331.75,2332.7,1778157600,2734
2332.5,2333.25,2332.5,2332.8,1778157540,323
2332.1,2332.1,2331.65,2331.65,1778157480,1509
2331.6,2332.35,2331.6,2332.05,1778157420,5560
2332.55,2333.1,2331.85,2333.1,1778157360,4455
2333.15,2333.35,2333.0,2333.15,1778157300,1330
2333.65,2334.35,2333.65,2334.35,1778157240,522
2334.7,2335.05,2334.7,2335.05,1778157180,139
2335.15,2335.15,2331.05,2331.15,1778157120,1205
2330.9,2330.95,2330.55,2330.85,1778157060,2535
2331.45,2332.1,2331.4,2331.55,1778157000,1244
2331.95,2331.95,2331.55,2331.7,1778156940,451
2332.0,2332.95,2332.0,2332.65,1778156880,961
2332.65,2332.9,2332.5,2332.9,1778156820,362
2332.65,2333.2,2332.65,2333.2,1778156760,234
2332.55,2333.85,2331.4,2331.75,1778156700,1933
2331.95,2331.95,2331.2,2331.2,1778156640,731
2331.65,2331.7,2331.65,2331.7,1778156580,45
2331.0,2332.05,2331.0,2331.6,1778156520,1577
2331.4,2332.4,2331.15,2332.4,1778156460,173
2331.8,2332.95,2331.8,2332.95,1778156400,915
2333.6,2333.65,2333.6,2333.65,1778156340,80
2334.8,2335.85,2331.85,2331.85,1778156280,3751
2332.0,2333.65,2332.0,2333.65,1778156220,744
2333.8,2334.0,2332.6,2334.0,1778156160,1711
2334.35,2334.9,2334.35,2334.8,1778156100,4601
2334.8,2334.85,2333.25,2334.3,1778156040,1771
2334.55,2335.15,2334.05,2334.05,1778155980,4167
2334.0,2334.05,2333.85,2334.05,1778155920,662
2334.0,2334.3,2333.1,2333.1,1778155860,3848
2332.6,2333.25,2332.45,2332.55,1778155800,2506
2332.0,2332.0,2330.9,2331.2,1778155740,1987
2331.1,2331.1,2331.1,2331.1,1778155680,0
2331.1,2331.4,2330.85,2331.35,1778155620,2362
2330.75,2331.8,2330.75,2331.8,1778155560,280
2331.45,2332.3,2331.45,2332.3,1778155500,3076
2332.15,2333.25,2331.85,2331.9,1778155440,2745
2332.7,2332.7,2330.25,2330.4,1778155380,4281
2330.65,2331.0,2329.1,2329.15,1778155320,2522
2329.7,2329.7,2329.1,2329.1,1778155260,972
2328.5,2328.5,2328.15,2328.35,1778155200,951
2329.0,2329.75,2329.0,2329.5,1778155140,91
2329.45,2329.45,2328.9,2328.9,1778155080,221
2328.3,2328.3,2328.0,2328.15,1778155020,1204
2328.1,2329.4,2328.05,2329.4,1778154960,990
2329.7,2329.7,2328.0,2328.0,1778154900,2577
2327.5,2327.95,2326.8,2326.8,1778154840,2980
2326.65,2327.25,2326.25,2326.95,1778154780,1425
2326.95,2327.5,2326.4,2326.65,1778154720,3936
2326.65,2326.7,2324.45,2324.75,1778154660,2257
2325.0,2327.95,2325.0,2327.05,1778154600,6360
2327.25,2329.55,2327.25,2329.45,1778154540,818
2329.05,2329.7,2329.0,2329.7,1778154480,1603
2329.9,2330.2,2329.85,2330.2,1778154420,510
2330.2,2330.2,2329.75,2330.05,1778154360,858
2329.9,2329.95,2328.9,2329.5,1778154300,3162
2329.5,2330.0,2329.45,2329.95,1778154240,3647
2329.25,2329.75,2328.9,2329.75,1778154180,1055
2329.9,2330.1,2329.65,2330.1,1778154120,2337
2330.3,2330.4,2330.3,2330.4,1778154060,1093
2330.1,2330.5,2330.05,2330.05,1778154000,2483
2330.15,2330.15,2329.9,2329.9,1778153940,226
2329.5,2329.8,2328.45,2329.0,1778153880,2531
2329.0,2329.0,2328.25,2328.25,1778153820,1285
2329.15,2329.3,2329.1,2329.1,1778153760,199
2329.0,2329.2,2329.0,2329.2,1778153700,165
2329.3,2329.45,2329.3,2329.45,1778153640,144
2329.6,2329.6,2329.6,2329.6,1778153580,600
2328.8,2328.8,2328.45,2328.45,1778153520,950
2329.25,2329.25,2327.35,2327.35,1778153460,6169
2327.35,2327.35,2327.35,2327.35,1778153400,200
2326.9,2327.35,2326.9,2327.25,1778153340,586
2327.0,2327.0,2327.0,2327.0,1778153280,100
2327.9,2327.9,2327.0,2327.7,1778153220,1031
2328.2,2329.05,2328.2,2329.05,1778153160,195
2329.75,2329.95,2329.6,2329.6,1778153100,462
2330.0,2330.0,2329.0,2329.0,1778153040,643
2328.95,2329.2,2328.8,2329.2,1778152980,1189
2328.05,2328.05,2328.05,2328.05,1778152920,3841
2327.9,2327.9,2326.9,2327.7,1778152860,845
2328.15,2328.15,2327.7,2327.8,1778152800,283
2327.35,2328.05,2327.35,2328.05,1778152740,15
2328.9,2329.05,2328.3,2328.3,1778152680,445
2327.5,2328.5,2326.7,2328.5,1778152620,831
2328.75,2328.75,2328.6,2328.6,1778152560,73
2328.95,2328.95,2328.95,2328.95,1778152500,0
2328.95,2328.95,2328.95,2328.95,1778152440,5
2328.65,2328.65,2328.25,2328.25,1778152380,68
2328.65,2328.65,2328.65,2328.65,1778152320,10
2329.1,2329.1,2327.8,2327.8,1778152260,271
2327.8,2328.65,2327.8,2328.65,1778152200,1137
2327.7,2327.8,2327.7,2327.8,1778152140,166
2326.95,2327.3,2326.65,2326.7,1778152080,738
2326.9,2327.35,2326.9,2327.35,1778152020,961
2328.4,2329.6,2328.4,2329.6,1778151960,1202
2329.8,2329.8,2329.4,2329.45,1778151900,1152
2329.25,2329.25,2327.6,2327.6,1778151840,268
2327.6,2328.75,2327.6,2327.6,1778151780,2491
2327.3,2327.6,2325.0,2325.0,1778151720,1459
2325.0,2325.85,2324.25,2325.85,1778151660,1926
2326.0,2326.65,2326.0,2326.5,1778151600,1448
2325.65,2326.8,2325.65,2326.0,1778151540,1080
2326.05,2326.2,2326.0,2326.15,1778151480,793
2326.25,2326.55,2326.2,2326.55,1778151420,337
2326.9,2327.15,2326.9,2327.15,1778151360,402
2326.15,2326.45,2325.8,2326.4,1778151300,1272
2326.75,2326.85,2326.75,2326.75,1778151240,1604
2325.4,2325.55,2325.15,2325.3,1778151180,1822
2325.4,2325.8,2325.4,2325.8,1778151120,57
2326.25,2326.4,2325.35,2325.45,1778151060,470
2325.65,2325.65,2322.9,2325.2,1778151000,1701
2325.3,2326.25,2325.2,2325.75,1778150940,2042
2326.1,2327.0,2326.0,2327.0,1778150880,1345
2326.55,2327.1,2326.45,2326.45,1778150820,658
2326.35,2328.25,2326.3,2328.25,1778150760,1618
2328.35,2328.35,2326.95,2326.95,1778150700,3704
2326.95,2327.0,2326.65,2326.65,1778150640,1327
2325.6,2325.6,2325.35,2325.35,1778150580,721
2325.25,2325.65,2324.7,2325.65,1778150520,964
2325.95,2326.25,2324.8,2325.0,1778150460,1543
2324.45,2324.45,2324.2,2324.2,1778150400,400
2324.45,2324.45,2323.2,2323.2,1778150340,969
2323.1,2323.1,2322.1,2322.2,1778150280,918
2323.05,2323.15,2322.6,2322.6,1778150220,754
2321.95,2322.9,2321.35,2321.35,1778150160,8630
2321.35,2321.35,2319.4,2320.0,1778150100,1623
2319.85,2320.8,2319.85,2320.8,1778150040,546
2321.5,2321.5,2320.45,2320.45,1778149980,255
2319.85,2319.9,2319.85,2319.85,1778149920,1161
2320.35,2320.75,2319.4,2319.4,1778149860,1219
2319.0,2319.0,2317.9,2317.95,1778149800,2990
2317.15,2317.15,2316.25,2316.3,1778149740,1110
2316.6,2320.65,2316.5,2320.65,1778149680,23240
2319.85,2321.4,2318.25,2320.65,1778149620,3951
2320.85,2322.45,2320.85,2321.4,1778149560,4248
2322.4,2322.55,2319.25,2321.45,1778149500,2095
2324.5,2324.5,2324.2,2324.2,1778149440,269
2324.05,2325.2,2324.05,2324.2,1778149380,1276
2324.2,2324.55,2324.0,2324.4,1778149320,1781
2325.25,2325.25,2325.15,2325.15,1778149260,254
2324.15,2324.3,2323.95,2323.95,1778149200,644
2324.0,2324.95,2324.0,2324.95,1778149140,188
2324.7,2326.95,2324.7,2326.95,1778149080,1139
2327.05,2327.45,2326.7,2326.7,1778149020,1617
2326.0,2327.0,2326.0,2326.6,1778148960,3093
2325.05,2325.05,2324.4,2324.4,1778148900,2799
2324.45,2325.2,2324.45,2325.2,1778148840,3088
2324.55,2324.95,2324.3,2324.3,1778148780,653
2324.55,2324.55,2320.05,2324.05,1778148720,10121
2323.75,2327.0,2323.45,2327.0,1778148660,6108
2327.05,2328.45,2326.55,2328.45,1778148600,1979
2328.75,2329.7,2328.75,2329.7,1778148540,110
2329.9,2329.9,2329.5,2329.5,1778148480,46
2329.1,2329.1,2329.1,2329.1,1778148420,0
2329.1,2329.1,2329.1,2329.1,1778148360,21
2329.1,2329.45,2329.0,2329.3,1778148300,3046
2329.2,2329.6,2329.0,2329.6,1778148240,3161
2330.35,2330.7,2329.35,2329.35,1778148180,884
2330.25,2330.55,2330.25,2330.45,1778148120,2051
2330.3,2330.3,2329.1,2329.1,1778148060,1506
2328.45,2328.8,2327.0,2327.05,1778148000,1199
2328.0,2328.05,2328.0,2328.05,1778147940,129
2328.05,2328.05,2326.8,2326.8,1778147880,296
2327.05,2327.8,2327.05,2327.8,1778147820,656
2327.15,2328.15,2327.15,2328.15,1778147760,440
2328.05,2328.05,2327.95,2327.95,1778147700,104
2328.1,2328.1,2327.8,2327.8,1778147640,152
2326.85,2328.1,2326.85,2327.5,1778147580,607
2327.55,2328.0,2326.45,2328.0,1778147520,3387
2328.2,2328.7,2327.6,2327.6,1778147460,213
2328.0,2329.35,2327.85,2329.35,1778147400,2003
2328.75,2328.75,2328.55,2328.55,1778147340,135
2328.5,2328.5,2328.05,2328.05,1778147280,278
2327.85,2328.25,2327.25,2327.4,1778147220,1095
2327.7,2327.85,2327.3,2327.3,1778147160,127
2326.75,2327.4,2326.75,2327.1,1778147100,1725
2327.95,2327.95,2327.15,2327.7,1778147040,460
2326.65,2327.45,2325.8,2327.3,1778146980,2773
2327.35,2329.15,2327.35,2329.1,1778146920,1262
2329.25,2329.8,2328.65,2328.65,1778146860,1276
2328.35,2329.3,2327.45,2327.6,1778146800,1095
2327.55,2329.1,2326.95,2327.0,1778146740,474
2327.4,2329.15,2326.85,2329.15,1778146680,6757
2331.15,2331.15,2330.45,2330.45,1778146620,1054
2330.5,2330.5,2330.05,2330.2,1778146560,2614
2332.1,2332.6,2331.95,2331.95,1778146500,751
2332.55,2332.55,2330.8,2330.8,1778146440,210
2328.7,2330.6,2328.7,2330.4,1778146380,639
2330.2,2331.0,2330.2,2330.9,1778146320,2055
2331.65,2331.65,2330.5,2330.5,1778146260,886
2330.4,2330.4,2329.35,2329.95,1778146200,3545
2330.2,2330.3,2329.0,2329.0,1778146140,339
2328.8,2329.2,2327.6,2329.0,1778146080,7387
2328.85,2330.95,2325.1,2330.95,1778146020,9272
2331.7,2332.25,2331.7,2332.05,1778145960,203
2331.5,2332.2,2331.5,2332.2,1778145900,541
2332.25,2332.9,2332.25,2332.4,1778145840,703
2332.05,2332.25,2331.15,2331.15,1778145780,1510
2331.45,2331.5,2330.6,2331.4,1778145720,1956
2331.6,2331.8,2331.3,2331.8,1778145660,323
2334.05,2334.55,2334.05,2334.15,1778145600,333
2334.15,2334.3,2333.5,2333.65,1778145540,1352
2333.55,2334.35,2333.55,2334.35,1778145480,428
2335.25,2336.15,2335.05,2335.5,1778145420,1580
2335.95,2335.95,2333.95,2334.5,1778145360,672
2334.45,2335.2,2334.2,2335.2,1778145300,405
2334.8,2334.8,2334.25,2334.25,1778145240,741
2334.0,2334.4,2333.65,2333.65,1778145180,1573
2333.6,2333.6,2333.15,2333.25,1778145120,14
2333.2,2333.85,2333.2,2333.85,1778145060,801
2333.9,2334.35,2333.3,2333.3,1778145000,1164
2333.15,2333.15,2332.35,2332.35,1778144940,182
2332.2,2333.0,2332.2,2332.95,1778144880,713
2332.85,2332.85,2331.2,2331.3,1778144820,636
2331.45,2331.45,2330.8,2331.25,1778144760,162
2331.25,2331.95,2331.25,2331.95,1778144700,266
2332.0,2332.0,2330.6,2331.0,1778144640,2197
2330.2,2331.8,2329.6,2331.8,1778144580,3926
2331.85,2332.7,2331.45,2332.4,1778144520,1728
2332.65,2333.0,2332.4,2332.75,1778144460,1259
2331.7,2332.75,2331.45,2332.6,1778144400,2568
2332.5,2332.5,2332.4,2332.4,1778144340,89
2332.15,2333.7,2332.15,2333.65,1778144280,1549
2333.5,2334.05,2333.35,2333.35,1778144220,1999
2333.2,2333.75,2331.9,2333.75,1778144160,2634
2334.5,2335.65,2334.15,2335.65,1778144100,1705
2336.0,2337.05,2335.85,2337.0,1778144040,2102
2337.1,2338.3,2334.65,2334.65,1778143980,3746
2335.0,2335.3,2334.3,2335.2,1778143920,2648
2335.0,2335.1,2334.35,2334.4,1778143860,3386
2334.4,2334.4,2334.05,2334.3,1778143800,2089
2334.15,2334.15,2332.25,2332.25,1778143740,975
2331.25,2331.5,2330.65,2330.65,1778143680,1004
2330.75,2331.75,2330.7,2331.45,1778143620,4126
2332.1,2332.5,2328.9,2332.35,1778143560,8198
2331.9,2333.7,2331.9,2333.25,1778143500,2764
2333.25,2333.3,2332.85,2333.3,1778143440,2249
2333.95,2334.3,2333.8,2334.3,1778143380,813
2333.9,2333.9,2333.25,2333.85,1778143320,2174
2334.35,2335.2,2334.35,2335.0,1778143260,818
2333.6,2335.65,2333.45,2335.65,1778143200,1819
2335.55,2335.65,2333.95,2334.0,1778143140,508
2334.0,2334.0,2332.5,2334.0,1778143080,3279
2334.75,2335.8,2334.75,2335.5,1778143020,1404
2334.8,2335.3,2334.8,2335.3,1778142960,184
2334.8,2335.35,2334.7,2334.85,1778142900,1985
2334.9,2335.95,2334.7,2335.85,1778142840,1914
2336.55,2337.6,2336.55,2337.6,1778142780,458
2337.7,2338.35,2337.7,2338.35,1778142720,2031
2339.1,2339.9,2335.6,2337.9,1778142660,7913
2337.35,2337.9,2336.0,2336.4,1778142600,1534
2336.05,2336.6,2336.05,2336.4,1778142540,4331
2336.4,2336.4,2334.85,2335.05,1778142480,4210
2335.7,2335.85,2334.8,2335.25,1778142420,616
2335.85,2335.9,2334.6,2334.95,1778142360,1068
2334.95,2337.5,2333.85,2337.5,1778142300,1741
2337.05,2337.05,2335.5,2335.55,1778142240,1006
2335.6,2336.8,2335.2,2336.8,1778142180,1831
2336.75,2336.8,2334.35,2334.6,1778142120,2236
2334.6,2335.9,2334.45,2335.9,1778142060,1230
2335.7,2335.8,2334.45,2335.65,1778142000,1542
2335.95,2336.9,2335.3,2336.2,1778141940,2122
2336.25,2339.5,2333.8,2339.5,1778141880,4622
2340.0,2340.0,2339.7,2339.7,1778141820,107
2339.1,2339.65,2339.0,2339.4,1778141760,956
2338.6,2340.45,2338.6,2340.45,1778141700,8197
2340.75,2341.45,2340.75,2341.45,1778141640,1069
2340.65,2341.0,2340.6,2340.6,1778141580,3691
2340.45,2340.6,2339.85,2339.85,1778141520,206
2340.15,2341.45,2340.0,2340.25,1778141460,5097
2341.5,2343.6,2341.5,2343.6,1778141400,1886
2344.1,2344.1,2344.1,2344.1,1778141340,30
2343.5,2343.5,2343.5,2343.5,1778141280,391
2343.5,2343.65,2343.25,2343.65,1778141220,149
2343.4,2343.5,2343.0,2343.0,1778141160,1646
2343.0,2343.95,2343.0,2343.5,1778141100,1404
2343.5,2344.6,2343.0,2344.6,1778141040,3429
2345.1,2345.25,2344.45,2344.55,1778140980,1201
2344.85,2345.55,2344.05,2344.75,1778140920,2459
2343.85,2343.85,2342.4,2342.4,1778140860,1386
2342.1,2343.55,2342.1,2343.55,1778140800,1164
2343.8,2344.3,2343.35,2343.35,1778140740,222
2343.25,2343.25,2343.0,2343.0,1778140680,2136
2342.35,2342.4,2342.25,2342.25,1778140620,2174
2342.25,2342.3,2340.95,2340.95,1778140560,2636
2341.2,2341.5,2340.7,2340.7,1778140500,2768
2340.7,2341.65,2340.5,2341.65,1778140440,1139
2342.95,2344.1,2342.95,2344.1,1778140380,1036
2344.85,2345.1,2344.85,2344.95,1778140320,1397
2344.5,2344.5,2343.6,2343.65,1778140260,595
2342.9,2343.0,2342.9,2343.0,1778140200,76
2342.6,2342.75,2341.6,2342.65,1778140140,2270
2343.05,2344.45,2342.3,2344.45,1778140080,7625
2345.05,2345.2,2345.05,2345.05,1778140020,1307
2345.1,2345.15,2343.95,2343.95,1778139960,837
2343.95,2344.7,2343.95,2344.4,1778139900,842
2344.4,2345.05,2343.8,2345.05,1778139840,1233
2345.5,2345.55,2345.2,2345.55,1778139780,780
2345.8,2345.8,2344.05,2344.05,1778139720,1487
2344.0,2344.55,2344.0,2344.35,1778139660,2416
2344.15,2344.95,2344.15,2344.9,1778139600,4984
2345.0,2345.0,2344.4,2344.4,1778139540,398
2343.3,2345.25,2343.3,2345.2,1778139480,1801
2345.25,2345.25,2343.75,2343.8,1778139420,2275
2344.2,2344.2,2343.35,2344.1,1778139360,1843
2344.1,2344.3,2343.35,2343.35,1778139300,455
2343.55,2344.8,2343.05,2344.35,1778139240,2228
2344.35,2344.35,2342.25,2342.25,1778139180,2259
2341.35,2341.45,2341.0,2341.0,1778139120,136
2341.65,2341.85,2339.6,2339.6,1778139060,6462
2339.1,2339.15,2339.0,2339.1,1778139000,1161
2338.8,2339.1,2338.8,2339.05,1778138940,368
2338.5,2339.25,2338.5,2339.25,1778138880,204
2339.7,2339.7,2339.4,2339.4,1778138820,336
2338.9,2339.3,2337.95,2338.4,1778138760,6471
2338.75,2339.7,2338.05,2339.7,1778138700,1326
2339.95,2339.95,2339.45,2339.5,1778138640,2857
2339.8,2341.1,2339.7,2341.1,1778138580,2679
2341.1,2341.35,2340.1,2340.1,1778138520,1610
2339.85,2340.05,2339.35,2339.6,1778138460,2769
2339.6,2339.6,2338.75,2338.75,1778138400,1805
2338.75,2339.5,2338.2,2339.5,1778138340,4043
2339.6,2343.25,2339.55,2343.1,1778138280,3129
2343.3,2343.8,2343.15,2343.15,1778138220,1520
2343.75,2343.8,2341.2,2341.2,1778138160,2817
2341.55,2342.6,2341.55,2342.55,1778138100,1095
2342.05,2342.45,2341.35,2341.35,1778138040,4019
2341.25,2341.25,2340.1,2340.1,1778137980,3260
2339.3,2340.75,2338.5,2338.5,1778137920,1676
2337.9,2337.9,2337.2,2337.2,1778137860,2021
2336.65,2337.25,2336.35,2337.25,1778137800,1011
2338.05,2338.55,2338.05,2338.55,1778137740,773
2337.5,2340.35,2337.5,2340.0,1778137680,4205
2339.45,2339.45,2336.9,2336.9,1778137620,3177
2337.3,2337.45,2336.65,2337.0,1778137560,1842
2336.8,2337.7,2336.7,2337.0,1778137500,2753
2335.95,2336.2,2334.95,2336.05,1778137440,2324
2336.05,2336.25,2335.8,2336.25,1778137380,775
2336.8,2336.8,2336.2,2336.2,1778137320,1416
2336.35,2337.4,2336.1,2337.25,1778137260,1592
2336.8,2336.8,2335.25,2335.95,1778137200,411
2335.95,2335.95,2334.85,2334.85,1778137140,2914
2334.85,2335.1,2333.7,2335.0,1778137080,2605
2334.8,2335.65,2334.8,2335.25,1778137020,1560
2335.1,2336.9,2334.8,2336.25,1778136960,3535
2335.3,2336.3,2335.3,2335.75,1778136900,2090
2335.5,2335.5,2334.45,2335.1,1778136840,496
2335.0,2335.35,2334.55,2335.35,1778136780,1078
2335.35,2336.05,2335.3,2335.35,1778136720,14860
2334.9,2335.15,2330.1,2335.15,1778136660,7449
2335.05,2335.25,2333.35,2333.35,1778136600,976
2333.25,2333.25,2332.1,2332.1,1778136540,701
2331.75,2332.65,2330.8,2332.6,1778136480,1775
2332.45,2332.75,2332.15,2332.7,1778136420,1139
2332.9,2333.85,2332.05,2333.85,1778136360,1376
2334.05,2335.4,2334.05,2335.0,1778136300,179
2335.0,2335.0,2334.55,2334.55,1778136240,751
2335.25,2335.8,2333.45,2333.45,1778136180,7276
2333.05,2333.8,2332.45,2332.45,1778136120,1328
2332.95,2333.0,2332.3,2332.3,1778136060,2024
2332.25,2332.25,2331.5,2331.5,1778136000,2030
2332.0,2332.0,2331.5,2331.5,1778135940,1048
2331.65,2332.5,2331.65,2332.0,1778135880,12191
2331.6,2331.8,2331.6,2331.75,1778135820,689
2332.5,2332.5,2332.5,2332.5,1778135760,429
2332.75,2334.3,2332.25,2332.8,1778135700,11917
2330.85,2331.35,2329.25,2329.55,1778135640,10181
2329.95,2329.95,2327.0,2327.75,1778135580,5096
2327.85,2328.6,2327.3,2327.45,1778135520,1136
2327.2,2327.2,2323.95,2323.95,1778135460,4082
2323.9,2323.9,2322.3,2322.3,1778135400,1114
2321.9,2321.9,2321.0,2321.0,1778135340,2209
2320.55,2320.65,2320.05,2320.05,1778135280,115
2320.25,2320.55,2320.25,2320.45,1778135220,258
2319.9,2320.05,2319.2,2319.2,1778135160,331
2318.95,2319.5,2318.35,2319.35,1778135100,372
2318.95,2318.95,2318.2,2318.7,1778135040,1955
2319.9,2320.3,2319.65,2319.9,1778134980,2855
2319.9,2320.9,2319.8,2320.4,1778134920,2326
2320.15,2320.15,2318.8,2319.5,1778134860,1130
2318.85,2320.0,2318.85,2319.95,1778134800,1617
2319.35,2320.35,2318.65,2320.35,1778134740,4529
2320.1,2320.8,2319.65,2320.75,1778134680,1007
2321.7,2321.7,2321.25,2321.25,1778134620,8
2321.25,2321.9,2320.85,2321.9,1778134560,1559
2321.2,2321.2,2320.15,2320.15,1778134500,903
2320.25,2322.0,2319.8,2321.95,1778134440,3965
2321.15,2321.2,2320.65,2321.2,1778134380,222
2321.4,2322.6,2321.1,2322.5,1778134320,6899
2323.85,2324.0,2323.1,2323.2,1778134260,3316
2323.35,2324.95,2323.1,2324.95,1778134200,9264
2325.05,2325.05,2322.35,2324.5,1778134140,3443
2324.7,2328.55,2324.7,2328.55,1778134080,5558
2328.8,2328.8,2328.0,2328.0,1778134020,486
2328.6,2328.8,2328.1,2328.1,1778133960,509
2328.55,2329.5,2328.1,2329.5,1778133900,2018
2329.55,2329.55,2329.1,2329.15,1778133840,96
2328.8,2328.8,2328.6,2328.7,1778133780,1229
2329.4,2329.55,2329.4,2329.55,1778133720,2190
2329.8,2329.8,2329.3,2329.3,1778133660,583
2329.8,2330.15,2329.7,2330.15,1778133600,1136
2329.65,2329.65,2328.8,2329.0,1778133540,2263
2328.85,2328.85,2328.8,2328.8,1778133480,388
2328.85,2328.9,2328.5,2328.5,1778133420,1085
2328.65,2328.9,2328.35,2328.35,1778133360,733
2328.3,2329.3,2328.2,2329.3,1778133300,978
2328.6,2328.6,2327.9,2327.9,1778133240,450
2328.5,2329.0,2325.05,2329.0,1778133180,2665
2329.35,2329.45,2329.2,2329.3,1778133120,409
2329.8,2329.8,2329.8,2329.8,1778133060,5
2330.55,2330.55,2329.75,2329.75,1778133000,749
2330.45,2330.45,2330.1,2330.1,1778132940,3984
2329.5,2329.5,2328.6,2328.6,1778132880,212
2328.65,2329.3,2328.65,2329.3,1778132820,2034
2328.7,2329.35,2328.7,2329.35,1778132760,2125
2329.3,2330.1,2329.3,2330.1,1778132700,1056
2330.1,2330.1,2329.95,2329.95,1778132640,1440
2329.9,2329.9,2328.85,2328.85,1778132580,581
2328.7,2328.7,2328.7,2328.7,1778132520,216
2328.25,2328.25,2328.25,2328.25,1778132460,190
2328.6,2328.6,2328.55,2328.55,1778132400,600
2328.8,2330.2,2328.8,2330.2,1778132340,529
2329.95,2329.95,2329.8,2329.8,1778132280,1549
2329.75,2330.3,2329.75,2330.0,1778132220,1000
2329.85,2330.3,2329.85,2330.3,1778132160,950
2330.35,2330.35,2329.2,2329.2,1778132100,369
2328.9,2330.05,2328.9,2330.05,1778132040,185
2330.05,2331.0,2329.35,2330.8,1778131980,1049
2330.6,2332.0,2330.6,2332.0,1778131920,1336
2331.75,2332.0,2331.75,2332.0,1778131860,42
2331.55,2332.85,2331.5,2332.35,1778131800,730
2331.15,2331.15,2331.15,2331.15,1778131740,0
2331.15,2331.15,2328.35,2328.4,1778131680,361
2328.4,2328.5,2328.4,2328.5,1778131620,1788
2328.35,2328.45,2328.35,2328.45,1778131560,201
2329.0,2329.2,2329.0,2329.2,1778131500,688
2329.2,2329.2,2328.85,2328.85,1778131440,544
2328.9,2328.9,2328.35,2328.35,1778131380,565
2328.5,2328.5,2328.5,2328.5,1778131320,7
2328.9,2328.9,2328.9,2328.9,1778131260,0
2328.9,2329.3,2328.9,2329.3,1778131200,958
2330.25,2330.25,2330.0,2330.1,1778131140,824
2330.05,2330.95,2330.05,2330.95,1778131080,2546
2330.55,2330.9,2330.55,2330.9,1778131020,225
2330.85,2331.05,2330.8,2330.8,1778130960,568
2330.1,2330.65,2330.05,2330.05,1778130900,1608
2330.0,2331.45,2329.8,2331.45,1778130840,1058
2331.55,2332.45,2330.9,2330.9,1778130780,4415
2330.9,2330.9,2329.35,2329.35,1778130720,2778
2329.3,2329.3,2328.65,2329.3,1778130660,518
2329.3,2329.3,2328.65,2329.05,1778130600,725
2328.7,2329.0,2328.65,2329.0,1778130540,665
2328.6,2328.75,2328.55,2328.75,1778130480,2760
2328.3,2329.0,2328.3,2329.0,1778130420,3230
2329.25,2329.25,2329.05,2329.05,1778130360,1200
2329.9,2330.9,2329.9,2330.9,1778130300,3114
2330.7,2330.7,2329.25,2329.8,1778130240,1161
2330.05,2330.8,2330.0,2330.0,1778130180,2505
2329.65,2330.55,2328.0,2328.0,1778130120,9196
2327.8,2328.0,2326.7,2327.8,1778130060,933
2327.7,2327.7,2325.8,2326.35,1778130000,4311
2326.35,2326.35,2326.2,2326.2,1778129940,263
2326.0,2326.05,2325.45,2325.75,1778129880,904
2325.95,2326.15,2325.95,2326.05,1778129820,240
2325.5,2325.55,2325.5,2325.5,1778129760,776
2325.4,2325.55,2325.4,2325.55,1778129700,790
2326.2,2326.35,2325.85,2325.85,1778129640,2189
2325.85,2325.85,2325.25,2325.35,1778129580,386
2325.35,2325.9,2325.35,2325.6,1778129520,1435
2325.8,2325.8,2324.25,2324.25,1778129460,41
2325.25,2325.25,2325.25,2325.25,1778129400,0
2325.25,2325.25,2325.25,2325.25,1778129340,113
2324.75,2324.85,2324.55,2324.55,1778129280,698
2321.65,2324.25,2321.65,2324.25,1778129220,715
2323.65,2323.75,2323.65,2323.7,1778129160,861
2324.2,2324.2,2323.05,2323.05,1778129100,57
2323.05,2323.4,2322.85,2323.35,1778129040,622
2323.3,2323.3,2323.05,2323.05,1778128980,699
2322.75,2322.75,2322.65,2322.65,1778128920,776
2321.8,2322.2,2321.8,2322.2,1778128860,201
2322.05,2322.7,2321.6,2322.7,1778128800,6742
2322.25,2323.85,2322.25,2323.85,1778128740,836
2323.95,2324.3,2323.95,2324.15,1778128680,2071
2324.0,2324.55,2323.85,2324.55,1778128620,1237
2324.5,2324.5,2324.1,2324.1,1778128560,735
2323.6,2323.9,2323.3,2323.9,1778128500,1555
2324.0,2325.0,2324.0,2325.0,1778128440,855
2325.95,2326.05,2325.8,2325.95,1778128380,301
2325.9,2325.9,2324.95,2324.95,1778128320,2026
2323.95,2324.85,2323.95,2324.85,1778128260,610
2324.05,2324.3,2324.05,2324.3,1778128200,628
2324.75,2324.75,2324.15,2324.7,1778128140,1064
2324.25,2324.25,2324.25,2324.25,1778128080,12
2324.55,2325.05,2324.55,2325.05,1778128020,6439
2325.0,2325.45,2325.0,2325.45,1778127960,1518
2325.4,2326.1,2325.4,2325.75,1778127900,2048
2324.95,2324.95,2324.5,2324.5,1778127840,1497
2324.5,2324.5,2323.75,2324.4,1778127780,2438
2324.45,2325.75,2324.45,2325.75,1778127720,4536
2322.95,2326.4,2322.95,2325.9,1778127660,6178
2325.35,2325.35,2323.8,2325.25,1778127600,6735
2325.65,2325.95,2325.0,2325.95,1778127540,1145
2325.05,2325.95,2324.6,2325.8,1778127480,6829
2324.9,2325.75,2324.65,2324.65,1778127420,3981
2323.95,2323.95,2323.55,2323.85,1778127360,2167
2323.7,2323.7,2322.75,2322.75,1778127300,190
2323.05,2323.3,2322.25,2322.25,1778127240,885
2320.6,2320.65,2320.45,2320.45,1778127180,12
2320.3,2320.6,2318.25,2320.6,1778127120,648
2320.0,2320.0,2319.65,2319.95,1778127060,80
2319.5,2319.5,2317.25,2317.25,1778127000,1008
2317.1,2318.25,2314.1,2318.25,1778126940,2949
2318.0,2318.6,2318.0,2318.4,1778126880,387
2318.85,2318.95,2318.85,2318.95,1778126820,669
2318.65,2318.65,2318.55,2318.65,1778126760,1020
2319.0,2319.85,2316.85,2319.6,1778126700,5374
2320.25,2320.75,2320.25,2320.75,1778126640,148
2320.55,2323.85,2320.55,2321.5,1778126580,6142
2321.5,2321.5,2320.8,2320.8,1778126520,20
2320.6,2320.6,2319.6,2320.1,1778126460,1440
2319.95,2320.05,2319.45,2320.05,1778126400,1375
2320.55,2321.9,2320.1,2321.9,1778126340,1624
2321.4,2321.5,2320.45,2320.5,1778126280,885
2319.8,2322.15,2319.8,2322.1,1778126220,644
2321.75,2322.45,2321.75,2321.95,1778126160,172
2323.15,2323.2,2323.05,2323.2,1778126100,1175
2323.55,2323.8,2319.5,2323.8,1778126040,4326
2323.85,2324.05,2319.95,2324.0,1778125980,4923
2324.0,2324.25,2323.45,2324.25,1778125920,1191
2324.25,2324.4,2323.15,2324.35,1778125860,4672
2324.35,2324.0,2322.9,2322.9,1778125800,4653
2322.45,2322.45,2321.6,2321.6,1778125740,648
2321.8,2321.8,2321.05,2321.05,1778125680,831
2321.95,2322.0,2321.85,2321.85,1778125620,631
2322.1,2322.1,2322.05,2322.05,1778125560,19
2322.05,2322.3,2321.95,2322.2,1778125500,1963
2321.7,2321.9,2321.1,2321.8,1778125440,283
2321.85,2321.85,2320.8,2320.8,1778125380,6
2321.05,2321.75,2321.05,2321.75,1778125320,195
2321.35,2321.75,2321.05,2321.75,1778125260,285
2321.9,2321.9,2320.8,2321.2,1778125200,653
2320.95,2321.25,2320.65,2321.05,1778125140,713
2320.65,2320.65,2320.3,2320.45,1778125080,1129
2320.3,2320.3,2319.3,2319.4,1778125020,1199
2318.95,2319.9,2318.9,2319.65,1778124960,1407
2319.1,2319.2,2318.05,2318.2,1778124900,1517
2317.3,2317.75,2317.3,2317.65,1778124840,746
2318.85,2319.7,2312.5,2319.25,1778124780,8756
2318.35,2318.35,2318.35,2318.35,1778124720,5
2317.55,2317.65,2317.55,2317.65,1778124660,700
2317.95,2318.05,2314.15,2317.8,1778124600,1520
2318.55,2318.55,2318.3,2318.35,1778124540,1308
2318.5,2318.65,2318.45,2318.45,1778124480,95
2317.8,2317.9,2317.05,2317.05,1778124420,773
2317.0,2317.0,2316.5,2316.5,1778124360,755
2315.5,2315.6,2315.45,2315.6,1778124300,362
2315.1,2315.2,2310.4,2314.65,1778124240,1686
2314.5,2316.15,2309.9,2315.65,1778124180,1460
2315.6,2315.95,2314.4,2315.65,1778124120,2301
2314.8,2316.5,2314.25,2316.5,1778124060,2645
2317.35,2318.6,2317.35,2318.6,1778124000,1216
2319.2,2319.35,2319.2,2319.35,1778123940,246
2319.5,2319.5,2316.8,2318.8,1778123880,6386
2319.25,2320.7,2319.25,2320.2,1778123820,2091
2319.5,2320.7,2319.5,2320.15,1778123760,600
2318.8,2318.8,2318.8,2318.8,1778123700,100
2317.8,2319.05,2317.8,2319.05,1778123640,1430
2318.55,2319.1,2318.5,2319.1,1778123580,654
2319.55,2319.55,2319.55,2319.55,1778123520,204
2319.6,2320.4,2319.6,2319.85,1778123460,716
2319.8,2319.8,2319.4,2319.8,1778123400,457
2320.2,2321.25,2320.2,2321.05,1778123340,100
2321.05,2322.0,2321.05,2321.45,1778123280,1242
2317.5,2318.15,2317.5,2318.15,1778123220,600
2318.35,2318.45,2318.35,2318.45,1778123160,610
2318.1,2318.4,2318.05,2318.2,1778123100,507
2318.5,2319.75,2318.5,2319.75,1778123040,1027
2319.9,2319.9,2318.9,2318.9,1778122980,263
2318.3,2318.9,2317.85,2318.9,1778122920,1535
2318.9,2319.35,2318.5,2319.0,1778122860,1024
2319.35,2319.75,2319.35,2319.75,1778122800,305
2320.35,2320.35,2320.35,2320.35,1778122740,0
2320.35,2321.6,2320.35,2321.25,1778122680,1119
2321.55,2321.95,2318.0,2321.95,1778122620,3526
2322.45,2322.45,2319.65,2319.8,1778122560,1444
2320.5,2320.5,2320.5,2320.5,1778122500,416
2320.45,2320.95,2320.45,2320.75,1778122440,2676
2320.9,2320.9,2320.0,2320.0,1778122380,586
2316.0,2320.0,2315.55,2317.5,1778122320,1924
2317.2,2317.4,2317.2,2317.4,1778122260,410
2317.25,2318.85,2316.0,2318.85,1778122200,3513
2318.65,2318.65,2318.65,2318.65,1778122140,101
2318.25,2318.55,2318.25,2318.55,1778122080,443
2318.8,2318.8,2317.7,2317.7,1778122020,253
2317.7,2317.75,2317.3,2317.75,1778121960,500
2317.05,2317.3,2314.85,2315.85,1778121900,3983
2316.6,2316.6,2316.6,2316.6,1778121840,2
2315.5,2315.5,2315.5,2315.5,1778121780,50
2316.45,2316.45,2315.15,2316.3,1778121720,870
2316.4,2316.4,2311.8,2315.95,1778121660,902
2316.8,2316.9,2316.55,2316.9,1778121600,721
2315.65,2317.5,2315.65,2317.5,1778121540,559
2317.45,2317.45,2316.2,2316.2,1778121480,450
2315.85,2316.55,2315.85,2316.55,1778121420,637
2316.45,2316.75,2312.55,2316.7,1778121360,1588
2317.6,2318.7,2317.6,2318.7,1778121300,1742
2318.6,2318.6,2317.45,2317.45,1778121240,251
2315.9,2319.25,2315.9,2319.25,1778121180,892
2317.3,2317.3,2316.95,2317.1,1778121120,70
2316.4,2316.9,2316.4,2316.9,1778121060,500
2315.7,2317.25,2315.5,2316.65,1778121000,1453
2316.25,2316.25,2316.25,2316.25,1778120940,10
2315.55,2315.55,2315.5,2315.5,1778120880,1056
2315.45,2316.55,2314.5,2316.2,1778120820,2011
2316.2,2316.2,2315.3,2315.45,1778120760,343
2312.65,2316.3,2312.65,2315.6,1778120700,1237
2315.9,2316.3,2315.45,2316.3,1778120640,1403
2317.9,2318.05,2313.3,2314.25,1778120580,3056
2314.35,2314.35,2308.8,2312.85,1778120520,4180
2312.9,2315.15,2312.9,2315.15,1778120460,1255
2315.15,2315.15,2313.6,2313.6,1778120400,809
2315.05,2315.3,2314.45,2315.3,1778120340,566
2315.85,2316.1,2314.6,2316.0,1778120280,1862
2314.6,2315.5,2314.0,2314.85,1778120220,557
2314.95,2315.7,2311.5,2315.7,1778120160,516
2316.25,2316.25,2312.75,2313.5,1778120100,1451
2313.7,2315.0,2313.7,2314.4,1778120040,190
2313.55,2315.75,2309.8,2315.75,1778119980,4939
2315.9,2316.95,2315.1,2316.4,1778119920,4074
2316.3,2317.8,2316.3,2317.3,1778119860,855
2317.65,2317.8,2313.4,2316.75,1778119800,887
2316.25,2319.25,2314.8,2319.25,1778119740,1628
2319.25,2319.8,2319.25,2319.8,1778119680,75
2312.4,2319.65,2312.4,2319.65,1778119620,5651
2320.1,2320.1,2318.6,2318.6,1778119560,1123
2319.65,2321.05,2318.85,2320.85,1778119500,5164
2322.0,2323.2,2322.0,2323.2,1778119440,285
2318.95,2323.2,2318.35,2323.0,1778119380,1353
2322.9,2324.9,2318.65,2323.95,1778119320,5333
2323.9,2325.7,2323.9,2324.65,1778119260,1679
2324.65,2324.65,2324.65,2324.65,1778119200,195
2326.15,2326.15,2323.85,2325.45,1778119140,1540
2325.1,2325.6,2323.4,2325.6,1778119080,1835
2325.6,2326.0,2325.45,2325.95,1778119020,1147
2325.95,2326.7,2325.75,2326.25,1778118960,353
2326.65,2326.65,2325.5,2325.5,1778118900,1461
2326.65,2326.65,2326.65,2326.65,1778118840,23
2327.4,2327.4,2327.4,2327.4,1778118780,1298
2327.0,2328.3,2321.35,2328.3,1778118720,2815
2328.3,2330.5,2328.3,2330.5,1778118660,148
2330.3,2331.55,2330.3,2331.55,1778118600,1166
2332.65,2332.65,2331.4,2331.9,1778118540,2152
2331.35,2331.4,2331.05,2331.05,1778118480,910
2331.85,2332.0,2331.85,2332.0,1778118420,347
2331.0,2331.15,2329.65,2330.85,1778118360,155
2331.75,2332.65,2328.15,2332.65,1778118300,2032
2333.1,2333.5,2332.7,2332.7,1778118240,545
2333.15,2333.15,2333.15,2333.15,1778118180,70
2332.65,2332.65,2332.65,2332.65,1778118120,0
2332.65,2333.05,2329.8,2332.9,1778118060,3091
2332.65,2333.15,2332.3,2332.3,1778118000,1231
2329.25,2331.95,2329.25,2330.85,1778117940,315
2330.05,2330.05,2330.05,2330.05,1778117880,300
2330.5,2330.5,2329.1,2329.1,1778117820,109
2329.3,2329.55,2329.3,2329.55,1778117760,111
2328.6,2328.6,2327.55,2327.55,1778117700,160
2326.3,2328.8,2326.3,2328.8,1778117640,47
2329.0,2331.85,2329.0,2331.85,1778117580,574
2330.7,2330.7,2330.4,2330.4,1778117520,425
2331.45,2332.65,2330.95,2332.65,1778117460,2254
2331.75,2332.2,2330.0,2330.45,1778117400,2998
2330.4,2330.75,2329.4,2329.4,1778117340,3220
2328.55,2328.55,2325.8,2327.0,1778117280,1221
2327.0,2327.4,2326.35,2326.35,1778117220,432
2325.7,2325.8,2325.7,2325.8,1778117160,155
2325.2,2327.0,2322.75,2325.45,1778117100,1282
2325.5,2325.5,2325.05,2325.05,1778117040,1943
2324.05,2324.1,2321.15,2322.4,1778116980,3304
2314.7,2321.45,2314.7,2319.55,1778116920,2027
2318.6,2322.85,2318.6,2322.85,1778116860,109
2322.55,2322.55,2322.55,2322.55,1778116800,0
2322.55,2323.5,2320.95,2322.65,1778116740,783
2321.95,2322.05,2317.4,2322.05,1778116680,256
2325.65,2325.65,2325.65,2325.65,1778116620,18
2326.1,2326.1,2326.1,2326.1,1778116560,20
2327.4,2327.6,2321.25,2327.5,1778116500,620
2327.85,2327.85,2325.4,2326.45,1778116440,2535
2322.65,2326.7,2322.65,2326.65,1778116380,1248
2325.1,2327.35,2325.1,2325.3,1778116320,1301
2326.65,2326.65,2326.65,2326.65,1778116260,250
2327.95,2327.95,2327.45,2327.7,1778116200,700
2326.25,2326.55,2324.35,2324.95,1778116140,83
2324.75,2324.95,2323.65,2323.7,1778116080,1115
2323.35,2323.35,2308.55,2313.45,1778116020,2885
2306.45,2318.3,2306.45,2318.3,1778115960,5058
2318.15,2318.15,2318.15,2318.15,1778115900,10
2320.05,2321.2,2315.15,2321.2,1778115840,3738
2323.2,2324.85,2323.2,2324.05,1778115780,1317
2321.8,2325.9,2321.8,2323.6,1778115720,5033
2319.0,2324.35,2313.35,2323.95,1778115660,9818
2325.3,2328.1,2317.1,2327.2,1778115600,5593
2327.9,2329.45,2326.85,2329.45,1778115540,2268
2329.3,2330.1,2328.8,2330.1,1778115480,2077
2332.7,2332.7,2332.15,2332.3,1778115420,98
2332.25,2332.25,2332.25,2332.25,1778115360,0
2332.25,2332.3,2325.65,2330.45,1778115300,544
2323.7,2332.05,2323.7,2332.05,1778115240,3136
2333.55,2333.55,2333.55,2333.55,1778115180,20
2335.3,2335.3,2331.5,2335.3,1778115120,239
2336.0,2336.15,2336.0,2336.15,1778115060,115
2336.55,2337.5,2336.55,2336.75,1778115000,2408
2336.7,2337.0,2333.65,2336.4,1778114940,2156
2336.3,2337.35,2333.05,2334.35,1778114880,612
2333.95,2334.8,2327.9,2332.25,1778114820,6766
2334.95,2335.25,2334.35,2335.25,1778114760,895
2336.15,2336.15,2334.15,2334.25,1778114700,886
2334.95,2337.15,2331.6,2337.1,1778114640,15340
2338.15,2338.25,2337.55,2338.0,1778114580,1136
2337.85,2338.85,2337.85,2338.85,1778114520,334
2338.45,2340.15,2338.45,2338.65,1778114460,1128
2338.9,2341.45,2335.1,2341.45,1778114400,1228
2340.9,2340.95,2340.9,2340.95,1778114340,33
2343.5,2343.5,2343.5,2343.5,1778114280,0
2343.5,2343.5,2343.5,2343.5,1778114220,7
2343.4,2344.4,2343.4,2344.4,1778114160,296
2344.1,2344.2,2343.45,2343.45,1778114100,619
2343.15,2343.15,2343.15,2343.15,1778114040,0
2343.15,2343.95,2343.15,2343.95,1778113980,572
2342.4,2343.7,2342.4,2343.7,1778113920,855
2341.9,2341.9,2341.9,2341.9,1778113860,0
2341.9,2343.1,2341.9,2343.1,1778113800,110
2344.45,2344.45,2344.45,2344.45,1778113740,5
2342.25,2345.0,2342.25,2345.0,1778113680,740
2344.8,2344.85,2344.8,2344.85,1778113620,21
2344.85,2344.85,2343.6,2343.75,1778113560,75
2344.4,2345.1,2344.3,2345.1,1778113500,410
2344.4,2344.9,2344.4,2344.85,1778113440,233
2345.3,2345.4,2345.3,2345.4,1778113380,142
2345.25,2345.25,2345.25,2345.25,1778113320,50
2345.75,2345.75,2345.75,2345.75,1778113260,100
2348.0,2348.0,2348.0,2348.0,1778113200,0
2348.0,2348.0,2348.0,2348.0,1778113140,50
2346.3,2348.05,2346.3,2348.05,1778113020,6
2348.05,2348.05,2348.05,2348.05,1778112960,100
2347.75,2348.15,2347.75,2348.15,1778112900,201
2349.0,2349.05,2349.0,2349.05,1778112840,353
2350.85,2350.85,2350.85,2350.85,1778112780,1725
2350.3,2350.3,2350.3,2350.3,1778112720,0
2350.3,2350.3,2350.3,2350.3,1778112660,130
2350.7,2350.7,2349.7,2349.7,1778112600,902
2349.0,2349.9,2349.0,2349.9,1778112540,453
2348.35,2348.35,2348.35,2348.35,1778112480,15
2349.05,2349.05,2349.0,2349.0,1778112420,162
2349.55,2349.55,2349.55,2349.55,1778112360,0
2349.55,2350.4,2349.55,2349.75,1778112300,473
2348.8,2350.95,2348.8,2350.95,1778112240,204
2349.95,2349.95,2349.95,2349.95,1778112180,835
2350.05,2350.05,2350.05,2350.05,1778112120,10
2350.3,2350.7,2350.3,2350.7,1778112060,464
2349.95,2349.95,2349.0,2349.05,1778112000,917
2350.15,2350.15,2350.15,2350.15,1778111940,0
2350.15,2350.15,2349.1,2349.25,1778111880,321
2350.35,2350.35,2350.35,2350.35,1778111820,0
2350.35,2350.35,2350.15,2350.15,1778111760,1072
2349.5,2349.5,2349.5,2349.5,1778111700,179
2349.1,2349.1,2349.1,2349.1,1778111640,0
2349.1,2349.15,2348.9,2349.0,1778111580,189
2347.25,2347.25,2347.25,2347.25,1778111520,0
2347.25,2347.25,2347.25,2347.25,1778111460,2690
2347.25,2347.25,2346.5,2346.6,1778111400,2810
2348.6,2348.6,2348.6,2348.6,1778111340,0
2348.6,2348.6,2348.6,2348.6,1778111280,0
2348.6,2348.6,2348.6,2348.6,1778111220,0
2348.6,2348.6,2348.6,2348.6,1778111160,0
2348.6,2348.6,2348.6,2348.6,1778111100,45
2348.5,2348.5,2348.5,2348.5,1778111040,1
2348.6,2348.6,2348.6,2348.6,1778110980,199
2347.05,2347.05,2347.05,2347.05,1778110920,0
2347.05,2347.05,2347.05,2347.05,1778110860,0
2347.05,2347.05,2347.05,2347.05,1778110800,0
2347.05,2347.05,2347.05,2347.05,1778110740,25
2346.85,2346.85,2346.85,2346.85,1778110680,0
2346.85,2346.85,2346.6,2346.6,1778110620,881
2347.85,2347.85,2347.85,2347.85,1778110560,0
2347.85,2347.85,2347.85,2347.85,1778110500,0
2347.85,2347.85,2347.85,2347.85,1778110440,0
2347.85,2347.95,2347.85,2347.95,1778110380,510
2347.4,2347.4,2347.4,2347.4,1778110320,0
2347.4,2347.8,2347.4,2347.8,1778110260,562
2348.5,2348.5,2348.5,2348.5,1778110200,0
2348.5,2348.5,2348.5,2348.5,1778110140,11
2347.95,2347.95,2347.95,2347.95,1778110080,0
2347.95,2347.95,2347.95,2347.95,1778110020,0
2347.95,2347.95,2347.95,2347.95,1778109960,0
2347.95,2347.95,2347.95,2347.95,1778109900,51
2344.5,2344.5,2344.5,2344.5,1778109840,0
2344.5,2344.5,2344.5,2344.5,1778109780,0
2344.5,2344.5,2344.5,2344.5,1778109720,0
2344.5,2344.5,2344.5,2344.5,1778109660,0
2344.5,2344.5,2344.5,2344.5,1778109600,50
2345.25,2345.25,2345.25,2345.25,1778109540,11
2344.25,2344.25,2344.25,2344.25,1778109120,177
2343.55,2343.55,2343.25,2343.25,1778109060,126
2342.2,2342.2,2342.2,2342.2,1778109000,84
2341.0,2341.0,2341.0,2341.0,1778108940,0
2341.0,2341.0,2341.0,2341.0,1778108880,49
2336.15,2336.15,2336.15,2336.15,1778108820,0
2336.15,2337.5,2336.15,2337.5,1778108760,4601
2336.8,2336.8,2336.8,2336.8,1778108700,0
2336.8,2338.25,2336.8,2338.25,1778108640,455
2337.3,2339.05,2337.3,2339.0,1778108580,5070
2342.5,2342.5,2342.5,2342.5,1778108520,0
2342.5,2343.05,2341.7,2343.05,1778108460,211
2343.85,2343.85,2343.85,2343.85,1778108400,0
2343.85,2343.85,2343.85,2343.85,1778108340,0
2343.85,2343.85,2343.85,2343.85,1778108280,0
2343.85,2343.85,2343.85,2343.85,1778108220,0
2343.85,2346.15,2343.85,2346.15,1778108160,919
2345.7,2345.7,2345.7,2345.7,1778108100,0
2345.7,2345.7,2345.7,2345.7,1778108040,0
2345.7,2345.7,2345.7,2345.7,1778107980,0
2345.7,2345.7,2345.7,2345.7,1778107920,0
2345.7,2345.7,2345.7,2345.7,1778107860,0
2345.7,2345.7,2345.7,2345.7,1778107800,200
2346.6,2346.6,2346.6,2346.6,1778107740,0
2346.6,2346.6,2346.6,2346.6,1778107680,0
2346.6,2346.6,2346.6,2346.6,1778107620,0
2346.6,2346.6,2346.6,2346.6,1778107560,0
2346.6,2346.6,2346.6,2346.6,1778107500,0
2346.6,2346.6,2346.6,2346.6,1778107440,0
2346.6,2346.6,2346.6,2346.6,1778107380,0
2346.6,2346.6,2346.6,2346.6,1778107320,0
2346.6,2346.6,2346.6,2346.6,1778107260,84
2346.4,2346.4,2346.4,2346.4,1778107200,84
2345.9,2345.9,2345.9,2345.9,1778107140,0
2345.9,2345.9,2345.9,2345.9,1778107080,70
2346.8,2346.8,2346.8,2346.8,1778107020,0
2346.8,2346.8,2346.8,2346.8,1778106960,235
2346.65,2346.65,2346.6,2346.6,1778106900,296
2346.95,2347.0,2346.95,2347.0,1778106840,554
2347.25,2347.25,2347.25,2347.25,1778106780,0
2347.25,2347.25,2347.25,2347.25,1778106720,0
2347.25,2347.25,2347.25,2347.25,1778106660,88
2345.0,2345.0,2344.25,2344.25,1778106600,744
2344.55,2344.55,2344.55,2344.55,1778106540,0
2344.55,2344.55,2344.55,2344.55,1778106480,0
2344.55,2344.55,2344.55,2344.55,1778106420,0
2344.55,2344.55,2344.55,2344.55,1778106360,0
2344.55,2344.85,2344.55,2344.85,1778106300,95
2346.6,2346.6,2346.6,2346.6,1778106240,0
2346.6,2346.6,2346.6,2346.6,1778106180,0
2346.6,2346.6,2346.6,2346.6,1778106120,0
2346.6,2346.6,2346.6,2346.6,1778106060,0
2346.6,2346.6,2346.6,2346.6,1778106000,307
2347.85,2347.85,2347.85,2347.85,1778105940,0
2347.85,2348.15,2347.85,2348.15,1778105880,126
2347.55,2348.3,2347.55,2348.3,1778105760,450
2349.05,2349.05,2349.05,2349.05,1778105700,200
2349.05,2349.05,2349.05,2349.05,1778105640,0
2349.05,2349.05,2349.05,2349.05,1778105580,0
2349.05,2349.7,2349.05,2349.7,1778105520,115
2347.45,2347.45,2347.45,2347.45,1778105460,0
2347.45,2347.9,2346.1,2347.85,1778105400,649
2348.45,2348.45,2348.45,2348.45,1778105340,0
2348.45,2348.45,2348.45,2348.45,1778105280,0
2348.45,2349.25,2348.25,2349.25,1778105220,376
2353.75,2353.75,2353.75,2353.75,1778105160,0
2353.75,2353.75,2353.75,2353.75,1778105100,484
2351.5,2351.65,2351.5,2351.6,1778105040,421
2352.1,2352.1,2352.1,2352.1,1778104980,0
2352.1,2352.1,2352.1,2352.1,1778104920,0
2352.1,2352.1,2352.1,2352.1,1778104860,0
2352.1,2352.1,2352.1,2352.1,1778104800,0
2352.1,2352.1,2352.1,2352.1,1778104740,51
2354.05,2354.05,2354.05,2354.05,1778104680,0
2354.05,2354.05,2354.05,2354.05,1778104620,10
2354.2,2354.2,2354.2,2354.2,1778104560,100
2354.45,2354.45,2353.3,2353.35,1778104500,875
2353.65,2353.65,2353.65,2353.65,1778104440,0
2353.65,2353.65,2353.2,2353.2,1778104380,261
2352.75,2352.75,2352.75,2352.75,1778104320,0
2352.75,2352.75,2352.75,2352.75,1778104260,383
2354.15,2354.15,2354.15,2354.15,1778104200,0
2354.15,2354.15,2354.15,2354.15,1778104140,0
2354.15,2354.15,2354.15,2354.15,1778104080,0
2354.15,2354.15,2354.15,2354.15,1778104020,1
2354.0,2354.0,2354.0,2354.0,1778103960,0
2354.0,2354.0,2352.75,2352.75,1778103900,655
2356.0,2356.0,2356.0,2356.0,1778103840,1016
2355.4,2355.4,2355.4,2355.4,1778103780,131
2354.15,2354.15,2354.15,2354.15,1778103720,0
2354.15,2354.15,2354.15,2354.15,1778103660,100
2354.0,2354.0,2354.0,2354.0,1778103600,0
2354.0,2354.5,2353.55,2353.55,1778103540,834
2353.4,2353.4,2353.4,2353.4,1778103480,246
2350.95,2350.95,2350.95,2350.95,1778103420,0
2350.95,2350.95,2350.95,2350.95,1778103360,0
2350.95,2350.95,2350.95,2350.95,1778103300,0
2350.95,2350.95,2350.95,2350.95,1778103240,0
2350.95,2350.95,2350.95,2350.95,1778103180,0
2350.95,2350.95,2350.95,2350.95,1778103120,10
2349.65,2349.65,2349.65,2349.65,1778103060,0
2349.65,2349.65,2349.65,2349.65,1778103000,73
2350.05,2350.05,2350.05,2350.05,1778102940,0
2350.05,2350.05,2350.05,2350.05,1778102880,0
2350.05,2350.05,2350.05,2350.05,1778102820,0
2350.05,2350.05,2349.95,2349.95,1778102760,446
2349.95,2349.95,2349.3,2349.3,1778102700,12
2349.8,2349.95,2349.8,2349.95,1778102640,185
2348.5,2348.5,2348.5,2348.5,1778102580,0
2348.5,2348.5,2348.5,2348.5,1778102520,0
2348.5,2348.5,2348.5,2348.5,1778102460,225
2347.35,2347.35,2347.3,2347.3,1778102400,280
2347.8,2347.8,2347.55,2347.55,1778102340,482
2346.95,2347.45,2346.95,2347.45,1778102280,414
2349.0,2349.0,2348.35,2348.35,1778102160,543
2348.1,2348.1,2347.7,2347.7,1778102100,13
2347.5,2347.5,2347.5,2347.5,1778102040,1
2345.65,2345.9,2344.7,2345.85,1778101980,597
2350.0,2350.0,2350.0,2350.0,1778101920,0
2350.0,2350.0,2350.0,2350.0,1778101860,1
2349.9,2350.05,2349.9,2350.05,1778101800,50
2350.7,2350.7,2350.7,2350.7,1778101740,0
2350.7,2350.7,2350.65,2350.65,1778101680,40
2350.0,2350.1,2350.0,2350.1,1778101620,144
2349.95,2349.95,2349.95,2349.95,1778101560,0
2349.95,2349.95,2349.95,2349.95,1778101500,0
2349.95,2349.95,2349.95,2349.95,1778101440,0
2349.95,2349.95,2349.95,2349.95,1778101380,0
2349.95,2349.95,2349.95,2349.95,1778101320,312
2350.2,2350.2,2350.2,2350.2,1778101260,0
2350.2,2350.2,2350.2,2350.2,1778101200,12
2348.1,2348.1,2347.95,2348.1,1778101140,875
2348.1,2348.9,2348.1,2348.6,1778101080,1822
2347.1,2348.55,2347.1,2348.1,1778101020,806
2347.95,2347.95,2347.95,2347.95,1778100960,126
2346.75,2346.75,2346.75,2346.75,1778100900,11
2346.3,2346.3,2345.1,2345.1,1778100840,231
2344.85,2344.85,2344.85,2344.85,1778100780,230
2344.35,2344.35,2344.35,2344.35,1778100720,10
2345.15,2345.15,2345.15,2345.15,1778100660,0
2345.15,2345.15,2345.15,2345.15,1778100600,84
2345.65,2345.65,2345.65,2345.65,1778100540,0
2345.65,2345.65,2345.65,2345.65,1778100480,0
2345.65,2346.0,2345.35,2346.0,1778100420,1082
2346.8,2346.8,2346.8,2346.8,1778100360,50
2343.7,2343.7,2343.7,2343.7,1778100300,0
2343.7,2343.7,2343.7,2343.7,1778100240,0
2343.7,2343.7,2343.7,2343.7,1778100180,0
2343.7,2346.35,2343.7,2345.7,1778100120,5005
2340.55,2345.15,2340.55,2345.15,1778100060,731
2346.45,2346.45,2346.45,2346.45,1778100000,0
2346.45,2346.45,2346.45,2346.45,1778099940,0
2346.45,2346.45,2346.45,2346.45,1778099880,150
2345.45,2345.6,2345.45,2345.6,1778099820,319
2346.0,2346.0,2346.0,2346.0,1778099760,0
2346.0,2346.0,2344.95,2344.95,1778099700,575
2344.7,2344.7,2344.7,2344.7,1778099640,0
2344.7,2345.25,2343.5,2345.25,1778099580,2227
2346.7,2348.9,2346.7,2348.9,1778099520,896
2349.05,2349.05,2349.05,2349.05,1778099460,69
2350.05,2351.2,2348.1,2351.2,1778099400,2283
2352.1,2352.1,2352.1,2352.1,1778099340,69
2353.55,2354.25,2353.55,2354.25,1778099280,11
2354.85,2355.85,2354.85,2355.1,1778099220,160
2355.4,2355.7,2352.6,2352.6,1778099160,2503
2351.0,2351.0,2351.0,2351.0,1778099100,0
2351.0,2351.15,2351.0,2351.15,1778099040,1435
2351.8,2351.8,2350.9,2350.9,1778098980,661
2350.45,2350.45,2350.0,2350.0,1778098920,811
2350.0,2351.9,2350.0,2351.65,1778098860,1720
2351.7,2351.7,2351.7,2351.7,1778098800,1
2351.25,2351.3,2351.05,2351.25,1778098740,310
2351.95,2351.95,2351.9,2351.9,1778098680,964
2351.75,2352.15,2351.75,2352.15,1778098620,105
2351.95,2351.95,2351.95,2351.95,1778098560,5
2352.4,2352.4,2351.9,2352.05,1778098500,1475
2352.85,2352.85,2352.85,2352.85,1778098440,26
2353.2,2353.2,2353.2,2353.2,1778098380,383
2353.55,2353.55,2353.55,2353.55,1778098320,762
2352.9,2352.9,2352.0,2352.1,1778098260,2005
2351.7,2351.9,2351.7,2351.9,1778098200,764
2351.65,2351.65,2351.65,2351.65,1778098140,100
2352.25,2352.25,2352.25,2352.25,1778098080,31
2352.35,2353.15,2352.35,2353.15,1778098020,161
2351.7,2351.95,2351.7,2351.7,1778097960,116
2352.15,2352.7,2351.85,2352.7,1778097900,250
2352.4,2352.4,2351.15,2351.15,1778097840,1076
2351.3,2351.8,2349.95,2351.2,1778097780,845
2351.2,2351.25,2350.0,2350.0,1778097720,3051
2349.65,2349.65,2346.5,2347.7,1778097660,3950
2347.9,2347.9,2347.8,2347.8,1778097600,98
2347.75,2347.75,2347.75,2347.75,1778097540,20
2348.0,2348.0,2347.5,2347.5,1778097480,98
2348.25,2348.25,2348.25,2348.25,1778097420,0
2348.25,2348.25,2347.8,2347.8,1778097360,561
2347.65,2347.65,2347.35,2347.35,1778097300,1037
2346.9,2347.05,2346.9,2347.05,1778097240,525
2346.75,2346.75,2346.75,2346.75,1778097180,0
2346.75,2346.75,2346.75,2346.75,1778097120,50
2346.75,2346.8,2346.75,2346.8,1778097060,750
2346.5,2346.5,2346.5,2346.5,1778097000,697
2344.2,2344.2,2344.2,2344.2,1778096940,593
2345.0,2345.0,2345.0,2345.0,1778096880,166
2345.05,2345.05,2345.05,2345.05,1778096820,83
2345.35,2345.65,2345.35,2345.65,1778096760,97
2344.45,2344.65,2344.25,2344.65,1778096700,364
2344.3,2344.3,2344.3,2344.3,1778096640,200
2345.75,2345.75,2345.75,2345.75,1778096580,20
2344.9,2344.9,2344.55,2344.55,1778096520,110
2343.9,2343.9,2343.9,2343.9,1778096460,10
2344.55,2344.55,2344.55,2344.55,1778096400,40
2343.95,2343.95,2343.8,2343.8,1778096340,589
2343.95,2343.95,2341.65,2341.65,1778096280,31
2341.4,2341.4,2341.35,2341.35,1778096220,21
2341.6,2341.6,2341.6,2341.6,1778096160,0
2341.6,2341.65,2341.45,2341.45,1778096100,127
2341.95,2341.95,2341.95,2341.95,1778096040,20
2341.0,2342.0,2341.0,2342.0,1778095980,442
2342.95,2343.05,2342.95,2343.05,1778095920,850
2342.55,2342.55,2342.55,2342.55,1778095860,21
2343.2,2343.2,2343.2,2343.2,1778095800,18
2343.65,2343.65,2343.65,2343.65,1778095740,658
2343.0,2343.0,2341.05,2341.85,1778095680,462
2342.95,2342.95,2342.75,2342.8,1778095620,164
2342.1,2342.2,2341.7,2342.2,1778095560,783
2343.5,2343.6,2342.8,2343.6,1778095500,705
2347.6,2347.6,2347.6,2347.6,1778095440,0
2347.6,2347.6,2347.6,2347.6,1778095380,0
2347.6,2347.7,2345.55,2345.55,1778095320,964
2345.45,2345.45,2344.45,2344.45,1778095260,361
2343.65,2343.65,2343.65,2343.65,1778095200,0
2343.65,2343.65,2343.65,2343.65,1778095140,400
2343.45,2343.95,2343.45,2343.65,1778095080,584
2343.9,2343.9,2343.9,2343.9,1778095020,200
2343.7,2344.0,2343.7,2344.0,1778094960,200
2342.6,2344.05,2342.6,2344.05,1778094900,798
2344.0,2344.3,2344.0,2344.3,1778094840,103
2343.2,2343.2,2342.5,2342.5,1778094780,808
2342.7,2342.7,2342.7,2342.7,1778094720,0
2342.7,2342.7,2342.7,2342.7,1778094660,23
2341.85,2344.0,2341.85,2344.0,1778094600,960
2342.2,2342.95,2340.95,2342.45,1778094540,500
2342.75,2343.35,2342.75,2343.35,1778094480,4810
2344.8,2344.9,2344.8,2344.9,1778094420,586
2345.7,2345.7,2345.25,2345.3,1778094360,387
2344.6,2345.2,2344.6,2345.0,1778094300,613
2344.6,2346.7,2344.6,2346.7,1778094240,5408
2346.0,2346.0,2345.25,2345.25,1778094180,728
2345.0,2345.0,2344.65,2344.65,1778094120,5
2344.5,2345.35,2338.3,2345.35,1778094060,1845
2344.5,2344.5,2344.5,2344.5,1778094000,102
2343.85,2344.85,2343.8,2344.85,1778093940,504
2345.1,2345.1,2345.1,2345.1,1778093880,8
2346.35,2346.35,2346.35,2346.35,1778093820,1109
2346.85,2346.85,2346.55,2346.55,1778093760,55
2346.65,2346.65,2345.9,2345.9,1778093700,375
2345.85,2346.6,2345.35,2346.6,1778093640,5199
2346.6,2347.1,2346.6,2346.65,1778093580,258
2345.15,2345.4,2345.15,2345.35,1778093520,300
2343.0,2343.0,2343.0,2343.0,1778093460,0
2343.0,2343.5,2343.0,2343.5,1778093400,42
2345.15,2345.15,2344.15,2344.15,1778093340,1171
2344.15,2344.5,2338.2,2344.4,1778093280,944
2342.6,2345.9,2342.6,2345.9,1778093220,187
2346.8,2347.3,2346.8,2347.0,1778093160,222
2346.25,2346.75,2344.45,2345.4,1778093100,798
2345.15,2346.25,2345.15,2345.8,1778093040,355
2345.25,2345.35,2342.65,2345.35,1778092980,805
2344.35,2344.35,2340.9,2344.3,1778092920,1496
2344.15,2344.8,2344.1,2344.25,1778092860,1136
2344.35,2345.8,2344.35,2345.8,1778092800,223
2343.5,2344.8,2340.35,2344.75,1778092740,1607
2343.2,2344.6,2343.2,2344.5,1778092680,2816
2344.6,2344.7,2343.65,2344.0,1778092620,302
2342.4,2345.25,2341.85,2345.2,1778092560,1935
2344.8,2346.3,2344.25,2346.3,1778092500,1966
2345.25,2346.0,2345.1,2345.95,1778092440,645
2346.5,2346.5,2336.0,2340.55,1778092380,1620
2336.95,2343.45,2336.95,2343.25,1778092320,703
2339.65,2345.8,2339.65,2345.8,1778092260,948
2343.6,2344.2,2342.4,2342.4,1778092200,293
2344.15,2346.05,2339.85,2346.05,1778092140,3991
2346.05,2346.15,2345.35,2345.45,1778092080,1614
2345.9,2346.7,2345.05,2346.6,1778092020,849
2346.5,2347.0,2346.5,2346.75,1778091960,462
2347.0,2347.0,2344.35,2346.7,1778091900,1137
2347.15,2347.6,2341.8,2346.7,1778091840,825
2347.55,2348.2,2347.4,2347.4,1778091780,440
2347.05,2347.7,2347.0,2347.3,1778091720,163
2347.85,2348.2,2343.7,2348.1,1778091660,1577
2349.0,2349.2,2345.8,2348.2,1778091600,2752
2348.65,2351.2,2348.05,2351.2,1778091540,2357
2350.0,2351.2,2350.0,2350.75,1778091480,2180
2350.7,2351.0,2339.5,2342.0,1778091420,7175
2247.95,2247.95,2247.95,2247.95,1778091360,0
2247.95,2250.0,2181.35,2250.0,1778091300,895
2290.85,2335.0,2250.0,2335.0,1778091240,158
2336.9,2339.05,2334.9,2339.05,1778091180,2282
2338.9,2344.6,2250.0,2344.6,1778091120,28832
2345.65,2346.0,2339.55,2345.8,1778091060,7586
2345.6,2347.9,2345.3,2347.9,1778091000,2013
2347.6,2347.6,2334.65,2345.9,1778090940,11755
2346.4,2347.0,2344.25,2346.5,1778090880,2119
2348.1,2348.1,2348.1,2348.1,1778090820,1
2346.45,2348.65,2346.45,2348.0,1778090760,2435
2348.6,2348.6,2347.55,2347.55,1778090700,10
2348.1,2348.15,2347.65,2347.65,1778090640,308
2348.25,2348.95,2348.25,2348.6,1778090580,649
2347.65,2348.8,2347.65,2348.8,1778090520,419
2349.3,2349.3,2348.35,2348.35,1778090460,395
2348.35,2348.35,2348.35,2348.35,1778090400,4
2348.35,2348.35,2348.35,2348.35,1778090340,0
2348.35,2348.4,2347.55,2348.4,1778090280,1216
2349.3,2350.8,2349.3,2350.8,1778090220,719
2351.3,2351.55,2349.45,2349.45,1778090160,414
2348.65,2350.3,2348.65,2349.85,1778090100,1158
2350.0,2350.0,2348.35,2349.8,1778090040,856
2348.0,2348.35,2348.0,2348.35,1778089980,62
2348.5,2349.55,2347.85,2349.55,1778089920,124
2348.8,2349.65,2348.5,2349.35,1778089860,6759
2349.7,2350.0,2349.0,2349.0,1778089800,3460
2349.55,2349.9,2349.55,2349.9,1778089740,2655
2350.9,2351.5,2349.65,2349.8,1778089680,1236
2349.6,2350.5,2339.4,2348.05,1778089620,8870
2348.85,2351.0,2348.7,2351.0,1778089560,449
2350.3,2351.95,2349.55,2351.95,1778089500,518
2352.0,2352.9,2351.8,2351.8,1778089440,307
2350.2,2350.2,2348.55,2349.0,1778089380,886
2349.75,2349.75,2349.75,2349.75,1778089320,0
2349.75,2349.75,2349.75,2349.75,1778089260,39
2349.75,2350.9,2349.75,2350.9,1778089200,123
2349.0,2349.15,2348.1,2349.15,1778089140,837
2349.75,2350.5,2347.4,2349.95,1778089080,3999
2349.7,2350.0,2349.7,2350.0,1778089020,439
2351.15,2351.15,2350.25,2350.65,1778088960,1490
2350.25,2350.25,2350.25,2350.25,1778088900,66
2351.55,2351.8,2351.0,2351.6,1778088840,1487
2351.2,2351.95,2350.9,2350.95,1778088780,452
2350.65,2351.95,2350.65,2351.95,1778088720,1660
2352.45,2353.0,2351.8,2353.0,1778088660,1135
2352.55,2352.55,2352.5,2352.5,1778088600,350
2352.55,2354.3,2352.05,2354.3,1778088540,1051
2354.05,2354.05,2353.7,2353.7,1778088480,370
2353.8,2353.8,2353.55,2353.55,1778088420,856
2352.25,2353.65,2350.9,2353.65,1778088360,3712
2355.0,2355.0,2352.8,2354.75,1778088300,6757
2355.2,2355.95,2355.05,2355.95,1778088240,471
2356.0,2356.0,2355.55,2355.8,1778088180,448
2354.2,2355.9,2354.2,2355.45,1778088120,5726
2355.55,2355.75,2354.75,2354.75,1778088060,2003
2354.55,2354.55,2354.0,2354.0,1778088000,1773
2354.05,2354.05,2352.8,2353.0,1778087940,2053
2351.9,2351.9,2351.2,2351.35,1778087880,2787
2351.3,2353.0,2351.3,2351.7,1778087820,1289
2351.45,2355.65,2349.35,2355.65,1778087760,4745
2351.8,2358.05,2351.8,2358.05,1778087700,839
2358.25,2358.7,2358.25,2358.7,1778087640,506
2358.65,2358.65,2358.65,2358.65,1778087580,8
2359.2,2359.2,2358.2,2358.2,1778087520,159
2357.5,2359.55,2357.5,2358.9,1778087460,1948
2358.45,2358.45,2357.7,2357.7,1778087400,485
2357.45,2358.85,2357.45,2358.7,1778087340,1507
2357.7,2358.1,2356.9,2356.9,1778087280,1815
2354.25,2357.35,2354.25,2357.35,1778087220,1127
2356.1,2357.1,2356.1,2357.1,1778087160,808
2356.65,2357.9,2356.65,2357.9,1778087100,92
2357.0,2357.15,2357.0,2357.15,1778087040,459
2357.2,2357.55,2355.45,2357.35,1778086980,505
2357.35,2357.95,2356.5,2356.6,1778086920,420
2356.1,2356.7,2356.0,2356.35,1778086860,339
2355.8,2357.55,2355.8,2357.05,1778086800,552
2356.85,2357.6,2356.45,2357.6,1778086740,175
2358.05,2358.2,2351.8,2356.55,1778086680,3735
2357.05,2358.95,2357.05,2358.3,1778086620,685
2358.65,2358.65,2357.5,2357.6,1778086560,593
2357.3,2357.3,2355.65,2356.8,1778086500,1445
2356.8,2359.3,2356.8,2359.3,1778086440,3126
2358.45,2358.45,2358.45,2358.45,1778086380,200
2360.25,2360.25,2360.25,2360.25,1778086320,0
2360.25,2360.85,2359.55,2359.55,1778086260,3445
2359.55,2359.55,2358.45,2358.7,1778086200,8735
2357.2,2357.85,2357.2,2357.85,1778086140,1060
2357.1,2357.15,2356.85,2357.15,1778086080,903
2357.0,2357.55,2356.95,2356.95,1778086020,1058
2353.45,2357.75,2353.45,2357.55,1778085960,7031
2357.8,2358.25,2357.75,2357.9,1778085900,740
2358.1,2358.5,2357.05,2357.05,1778085840,540
2356.7,2358.0,2356.7,2357.95,1778085780,1314
2357.2,2357.65,2357.2,2357.65,1778085720,722
2358.6,2358.6,2357.15,2357.2,1778085660,1752
2356.7,2356.7,2353.65,2356.15,1778085600,5872
2357.15,2358.7,2354.15,2354.3,1778085540,6467
2354.05,2354.2,2354.0,2354.2,1778085480,619
2354.45,2354.85,2353.9,2354.3,1778085420,903
2354.7,2354.7,2351.8,2351.8,1778085360,733
2352.2,2353.75,2352.2,2353.75,1778085300,249
2354.75,2354.75,2353.0,2353.0,1778085240,1023
2352.7,2352.7,2352.1,2352.2,1778085180,922
2352.05,2352.05,2349.2,2350.4,1778085120,3224
2350.65,2352.05,2350.65,2352.0,1778085060,600
2350.8,2353.25,2350.0,2350.15,1778085000,11173
2350.0,2354.4,2349.25,2354.4,1778084940,14470
2354.35,2355.1,2354.35,2355.1,1778084880,780
2355.45,2355.9,2354.8,2354.9,1778084820,1686
2356.0,2356.45,2356.0,2356.1,1778084760,491
2356.15,2357.0,2356.15,2356.85,1778084700,237
2356.85,2358.0,2356.55,2356.55,1778084640,1501
2356.55,2356.6,2354.45,2354.45,1778084580,2270
2354.65,2354.7,2353.3,2354.05,1778084520,5150
2354.55,2357.0,2353.85,2357.0,1778084460,2638
2357.0,2358.4,2357.0,2358.35,1778084400,886
2358.75,2359.85,2358.75,2359.85,1778084340,1737
2361.1,2361.1,2358.45,2360.2,1778084280,2862
2361.75,2362.5,2361.55,2361.85,1778084220,1132
2362.2,2363.2,2362.2,2363.2,1778084160,551
2363.2,2363.2,2362.05,2362.25,1778084100,886
2362.25,2362.25,2362.2,2362.25,1778084040,803
2363.15,2363.65,2359.55,2363.65,1778083980,6629
2363.75,2366.9,2361.8,2361.8,1778083920,7975
2361.8,2362.1,2361.15,2361.65,1778083860,1074
2361.9,2362.2,2361.5,2361.5,1778083800,612
2360.3,2362.0,2359.55,2360.7,1778083740,1336
2360.7,2360.7,2359.85,2360.15,1778083680,1335
2360.25,2360.25,2360.15,2360.2,1778083620,789
2358.15,2360.05,2358.0,2360.05,1778083560,855
2360.4,2360.8,2359.2,2359.55,1778083500,2599
2358.9,2358.9,2356.6,2356.7,1778083440,1974
2354.65,2355.8,2354.15,2355.6,1778083380,2847
2355.85,2356.75,2355.85,2356.75,1778083320,442
2357.3,2358.0,2357.05,2357.2,1778083260,5395
2357.9,2357.9,2357.6,2357.6,1778083200,578
2358.25,2358.25,2358.25,2358.25,1778083140,164
2357.35,2357.45,2357.0,2357.4,1778083080,892
2357.1,2358.75,2356.9,2358.7,1778083020,917
2358.7,2358.7,2358.7,2358.7,1778082960,300
2358.55,2359.85,2358.55,2359.4,1778082900,814
2358.6,2359.3,2358.45,2359.3,1778082840,3150
2358.05,2358.05,2358.05,2358.05,1778082780,133
2358.4,2359.0,2358.1,2359.0,1778082720,1504
2358.7,2358.7,2357.3,2357.6,1778082660,1382
2356.8,2357.95,2356.0,2357.0,1778082600,1916
2357.1,2358.5,2357.1,2358.5,1778082540,847
2358.75,2358.75,2358.5,2358.75,1778082480,60
2358.9,2360.05,2358.0,2360.05,1778082420,2864
2359.6,2359.65,2358.9,2359.05,1778082360,2020
2359.65,2361.5,2358.8,2359.65,1778082300,1019
2360.6,2360.6,2356.0,2356.45,1778082240,2783
2356.15,2356.2,2355.5,2356.05,1778082180,575
2354.05,2354.45,2354.05,2354.45,1778082120,84
2354.85,2355.15,2354.7,2355.15,1778082060,2602
2354.95,2355.0,2353.25,2354.2,1778082000,3230
2354.55,2354.75,2354.15,2354.75,1778081940,1126
2354.3,2356.6,2354.25,2355.2,1778081880,1085
2355.2,2356.7,2354.1,2356.7,1778081820,2579
2356.55,2357.35,2356.55,2356.6,1778081760,645
2356.6,2358.05,2356.3,2358.05,1778081700,1372
2359.65,2359.65,2359.25,2359.25,1778081640,110
2358.95,2359.3,2358.25,2358.45,1778081580,1316
2358.85,2360.0,2358.25,2358.6,1778081520,3769
2358.6,2359.55,2354.75,2359.55,1778081460,5320
2359.0,2360.25,2358.75,2358.75,1778081400,4653
2358.7,2360.1,2358.3,2360.1,1778081340,478
2360.0,2360.0,2359.25,2359.35,1778081280,435
2360.45,2360.85,2359.3,2360.75,1778081220,4502
2361.35,2361.5,2360.8,2360.8,1778081160,3306
2361.85,2361.95,2361.8,2361.95,1778081100,1117
2362.85,2362.85,2361.65,2361.85,1778081040,1825
2361.3,2363.25,2361.25,2361.25,1778080980,1321
2362.1,2364.65,2362.1,2364.65,1778080920,2030
2364.2,2364.2,2363.85,2363.85,1778080860,733
2363.15,2363.7,2362.7,2363.7,1778080800,1930
2363.65,2364.2,2362.85,2362.85,1778080740,3028
2363.1,2364.8,2363.1,2363.95,1778080680,656
2363.85,2364.5,2362.35,2362.35,1778080620,1614
2361.8,2361.8,2358.15,2358.15,1778080560,2451
2358.55,2358.55,2355.4,2355.45,1778080500,2238
2354.95,2354.95,2353.65,2354.5,1778080440,501
2354.5,2357.7,2349.5,2357.5,1778080380,14133
2357.35,2358.35,2357.15,2358.35,1778080320,180
2358.35,2358.5,2358.0,2358.05,1778080260,934
2358.75,2359.3,2358.75,2359.1,1778080200,2409
2359.95,2359.95,2358.45,2358.45,1778080140,624
2358.9,2359.3,2358.9,2359.3,1778080080,378
2360.0,2360.0,2358.95,2359.4,1778080020,582
2359.55,2360.25,2359.15,2359.7,1778079960,5818
2359.5,2360.9,2359.5,2360.7,1778079900,1288
2360.5,2360.5,2357.65,2358.65,1778079840,7520
2358.95,2360.05,2357.75,2359.95,1778079780,1743
2359.25,2359.25,2357.2,2357.2,1778079720,841
2358.1,2358.1,2356.5,2356.5,1778079660,259
2357.2,2358.5,2357.2,2357.35,1778079600,79
2358.45,2358.55,2357.25,2357.4,1778079540,1071
2357.4,2358.35,2355.4,2358.35,1778079480,3735
2359.2,2359.2,2357.3,2357.4,1778079420,2794
2358.4,2361.2,2358.3,2360.55,1778079360,976
2360.45,2361.9,2360.3,2360.3,1778079300,1554
2360.3,2360.75,2360.0,2360.15,1778079240,914
2360.75,2362.15,2360.55,2361.8,1778079180,8110
2361.35,2361.95,2355.1,2361.95,1778079120,7716
2362.15,2365.25,2361.95,2364.75,1778079060,1662
2365.15,2366.25,2364.5,2366.25,1778079000,1479
2366.35,2367.2,2364.7,2364.7,1778078940,5126
2364.4,2365.9,2364.35,2364.85,1778078880,1453
2365.35,2367.4,2365.35,2367.2,1778078820,2215
2367.5,2370.55,2367.5,2370.55,1778078760,3305
2371.5,2372.05,2369.15,2369.3,1778078700,9170
2368.2,2368.65,2366.7,2366.75,1778078640,7253
2366.4,2366.8,2365.1,2365.75,1778078580,371
2365.1,2365.1,2362.7,2364.3,1778078520,646
2363.65,2366.0,2363.65,2366.0,1778078460,1633
2366.2,2366.2,2364.95,2365.0,1778078400,1693
2364.95,2364.95,2363.35,2363.35,1778078340,1830
2362.4,2362.85,2361.0,2362.5,1778078280,2536
2362.85,2363.4,2362.85,2363.2,1778078220,1144
2364.3,2365.5,2363.65,2365.1,1778078160,1825
2365.2,2366.15,2364.95,2365.6,1778078100,1672
2366.1,2367.3,2365.4,2366.25,1778078040,2059
2366.2,2366.95,2365.4,2366.65,1778077980,8020
2366.6,2367.65,2365.45,2366.6,1778077920,5779
2366.35,2368.05,2365.0,2366.2,1778077860,6357
2366.45,2366.45,2362.55,2362.7,1778077800,2903
2362.15,2365.95,2359.7,2365.0,1778077740,5847
2364.15,2364.85,2363.0,2364.85,1778077680,1503
2364.9,2364.95,2364.25,2364.4,1778077620,4846
2359.4,2365.5,2359.4,2364.1,1778077560,4601
2363.55,2366.3,2362.2,2362.2,1778077500,13411
2363.05,2363.05,2361.2,2361.2,1778077440,2964
2360.95,2361.6,2358.7,2359.95,1778077380,3523
2359.55,2360.5,2359.15,2359.2,1778077320,3809
2358.2,2360.0,2358.2,2358.85,1778077260,1123
2357.35,2357.35,2356.2,2356.4,1778077200,1228
2357.05,2358.2,2356.5,2356.5,1778077140,1494
2356.2,2357.0,2355.3,2356.0,1778077080,407
2356.6,2356.6,2353.15,2356.15,1778077020,5020
2357.55,2359.7,2353.25,2357.35,1778076960,6876
2358.1,2360.0,2351.85,2356.95,1778076900,8125
2352.5,2357.4,2352.5,2354.55,1778076840,1894
2354.2,2355.8,2354.2,2355.35,1778076780,1487
2355.2,2355.4,2352.2,2352.4,1778076720,2562
2352.75,2355.0,2349.85,2355.0,1778076660,4105
2355.7,2356.0,2350.8,2355.5,1778076600,5555
2357.65,2357.65,2354.6,2354.6,1778076540,4947
2353.25,2353.25,2351.0,2351.85,1778076480,2833
2350.95,2353.5,2343.25,2353.5,1778076420,36671
2353.65,2360.2,2353.55,2360.2,1778076360,11201
2358.45,2360.25,2356.7,2359.6,1778076300,4574
2359.95,2363.9,2356.8,2363.3,1778076240,16774
2365.65,2365.65,2364.1,2364.1,1778076180,1256
2364.1,2365.55,2363.55,2363.65,1778076120,1431
2364.05,2365.65,2361.7,2364.1,1778076060,2326
2365.7,2368.25,2365.05,2366.45,1778076000,1509
2367.75,2369.1,2365.25,2368.3,1778075940,5315
2368.45,2370.5,2368.45,2370.35,1778075880,6499
2370.5,2370.65,2369.8,2369.8,1778075820,2012
2368.6,2369.2,2366.3,2367.55,1778075760,1908
2367.85,2368.25,2367.75,2367.75,1778075700,1553
2364.9,2366.8,2364.25,2366.8,1778075640,2149
2365.55,2366.4,2359.7,2365.05,1778075580,2650
2364.75,2368.0,2360.1,2366.4,1778075520,3501
2365.0,2366.9,2363.6,2364.15,1778075460,1565
2365.8,2369.1,2365.8,2366.55,1778075400,1363
2368.9,2375.85,2368.55,2368.55,1778075340,6632
2369.1,2369.55,2367.7,2368.8,1778075280,3761
2367.55,2368.0,2363.55,2367.0,1778075220,16803
2367.2,2371.6,2367.0,2371.6,1778075160,12134
2371.7,2374.6,2371.7,2374.6,1778075100,6299
2376.4,2376.75,2374.95,2376.75,1778075040,1338
2377.2,2377.2,2374.05,2374.5,1778074980,3714
2375.6,2375.8,2374.5,2375.05,1778074920,1176
2374.9,2377.8,2374.9,2377.8,1778074860,727
2376.25,2378.55,2375.75,2375.75,1778074800,2057
2376.8,2379.25,2376.8,2377.65,1778074740,2807
2376.35,2377.2,2373.85,2375.3,1778074680,3717
2376.5,2379.1,2375.55,2379.05,1778074620,7233
2381.05,2381.65,2379.05,2381.65,1778074560,1261
2381.75,2384.4,2381.75,2384.4,1778074500,520
2384.25,2384.25,2382.75,2382.75,1778074440,1038
2383.45,2385.9,2381.95,2385.9,1778074380,513
2385.65,2385.75,2384.6,2385.35,1778074320,925
2385.0,2385.25,2379.5,2380.45,1778074260,4790
2377.9,2380.75,2377.3,2380.75,1778074200,5693
2382.2,2382.9,2381.05,2381.05,1778074140,829
2381.85,2382.0,2380.3,2380.3,1778074080,1420
2382.7,2382.7,2379.3,2381.0,1778074020,2457
2379.95,2382.0,2379.35,2381.15,1778073960,5951
2380.55,2384.4,2380.55,2384.4,1778073900,4999
2383.85,2386.85,2382.8,2386.7,1778073840,921
2386.4,2386.4,2386.1,2386.3,1778073780,153
2386.8,2386.8,2385.05,2386.65,1778073720,1124
2387.0,2387.0,2385.65,2386.9,1778073660,1278
2387.45,2388.45,2385.25,2386.4,1778073600,2045
2386.8,2389.05,2386.8,2388.45,1778073540,1959
2390.15,2391.05,2389.0,2391.05,1778073480,1756
2392.3,2392.3,2390.45,2391.55,1778073420,6461
2391.45,2391.6,2386.3,2388.05,1778073360,5547
2388.3,2388.95,2388.3,2388.4,1778073300,637
2389.5,2391.0,2389.5,2390.75,1778073240,2038
2391.05,2391.5,2391.05,2391.4,1778073180,4200
2392.4,2393.35,2392.2,2393.35,1778073120,1507
2393.35,2393.35,2392.2,2392.9,1778073060,2441
2388.75,2393.0,2388.75,2390.35,1778073000,3120
2391.15,2392.5,2390.7,2390.7,1778072940,3249
2390.3,2390.3,2382.95,2384.85,1778072880,8614
2386.1,2392.4,2384.4,2392.25,1778072820,15194
2392.45,2393.15,2387.95,2393.15,1778072760,7051
2394.15,2396.8,2392.55,2394.1,1778072700,1984
2396.8,2398.45,2396.8,2398.45,1778072640,585
2398.7,2399.45,2398.7,2399.0,1778072580,1609
2397.45,2397.45,2394.5,2394.5,1778072520,2519
2395.65,2397.45,2390.1,2397.45,1778072460,13891
2397.8,2401.8,2393.05,2401.8,1778072400,7303
2404.0,2404.45,2404.0,2404.05,1778072340,211
2403.05,2403.05,2403.0,2403.0,1778072280,249
2403.3,2403.9,2403.3,2403.9,1778072220,67
2403.4,2403.55,2398.9,2400.5,1778072160,5337
2399.15,2404.3,2399.0,2402.3,1778072100,3255
2402.35,2409.1,2400.0,2409.1,1778072040,8406
2409.45,2409.75,2409.15,2409.75,1778071980,482
2409.85,2409.85,2409.1,2409.2,1778071920,483
2409.15,2409.35,2408.45,2408.45,1778071860,1058
2408.35,2408.35,2408.35,2408.35,1778071800,1
2408.2,2408.25,2407.15,2408.25,1778071740,1059
2408.5,2409.0,2408.5,2409.0,1778071680,1931
2409.3,2409.75,2409.3,2409.75,1778071620,877
2407.95,2407.95,2407.95,2407.95,1778071560,0
2407.95,2407.95,2407.95,2407.95,1778071500,390
2407.1,2407.3,2407.0,2407.0,1778071440,1362
2403.9,2406.35,2403.9,2406.35,1778071380,658
2407.3,2407.3,2406.55,2406.6,1778071320,513
2406.55,2407.3,2406.55,2407.3,1778071260,243
2405.75,2407.5,2405.75,2407.5,1778071200,872
2407.4,2407.4,2407.1,2407.1,1778071140,451
2407.75,2407.85,2407.75,2407.85,1778071080,701
2408.8,2410.0,2404.75,2410.0,1778071020,2330
2409.75,2410.5,2409.6,2410.5,1778070960,2453
2410.0,2410.2,2410.0,2410.2,1778070900,140
2409.9,2410.2,2408.05,2408.65,1778070840,840
2408.75,2410.0,2408.75,2410.0,1778070780,708
2408.2,2408.3,2408.2,2408.3,1778070720,800
2408.15,2408.15,2407.45,2407.85,1778070660,449
2408.0,2408.0,2408.0,2408.0,1778070600,150
2408.45,2408.45,2408.45,2408.45,1778070540,543
2408.55,2408.55,2406.9,2407.4,1778070480,483
2407.95,2408.85,2407.95,2408.85,1778070420,83
2408.8,2408.95,2408.4,2408.5,1778070360,860
2402.9,2409.85,2402.9,2409.25,1778070300,5230
2409.1,2411.05,2409.1,2411.05,1778070240,1134
2411.75,2412.6,2411.55,2411.55,1778070180,7185
2411.0,2411.45,2408.75,2408.8,1778070120,5959
2408.55,2409.95,2408.55,2409.85,1778070060,1770
2408.75,2409.55,2407.0,2407.0,1778070000,749
2406.15,2406.15,2404.05,2405.5,1778069940,789
2405.9,2407.2,2404.8,2405.45,1778069880,2717
2405.25,2405.25,2402.6,2404.8,1778069820,1572
2405.05,2405.05,2402.85,2404.4,1778069760,2488
2404.65,2404.65,2393.95,2401.1,1778069700,7145
2400.9,2409.05,2400.1,2409.05,1778069640,14033
2407.55,2408.2,2407.25,2408.2,1778069580,947
2407.8,2408.85,2407.7,2408.85,1778069520,1397
2408.5,2408.75,2407.9,2408.45,1778069460,1789
2408.75,2408.75,2407.1,2407.2,1778069400,1797
2407.4,2407.65,2406.85,2407.65,1778069340,840
2408.3,2409.35,2408.3,2409.3,1778069280,1143
2408.55,2408.55,2403.85,2404.85,1778069220,1853
2405.45,2406.45,2404.35,2406.45,1778069160,2106
2407.15,2407.15,2404.65,2405.9,1778069100,5312
2405.85,2407.05,2402.9,2406.1,1778069040,6578
2406.25,2409.55,2404.95,2409.55,1778068980,2810
2410.1,2410.85,2409.45,2409.6,1778068920,360
2408.8,2410.35,2408.6,2410.35,1778068860,353
2410.75,2410.75,2408.95,2408.95,1778068800,386
2408.95,2408.95,2408.15,2408.8,1778068740,1640
2408.8,2408.8,2408.8,2408.8,1778068680,0
2408.8,2408.85,2405.75,2408.1,1778068620,3174
2407.7,2409.6,2407.7,2409.6,1778068560,624
2409.85,2409.85,2408.8,2408.8,1778068500,492
2408.7,2410.65,2406.65,2410.65,1778068440,750
2410.65,2411.25,2410.4,2411.05,1778068380,3487
2411.45,2411.55,2409.5,2410.75,1778068320,1149
2411.55,2412.35,2410.65,2412.35,1778068260,3097
2412.55,2412.55,2411.35,2411.35,1778068200,626
2410.2,2411.5,2410.2,2410.3,1778068140,1128
2409.45,2412.85,2409.45,2411.7,1778068080,7500
2412.05,2412.95,2410.55,2410.55,1778068020,1656
2410.0,2410.0,2409.1,2410.0,1778067960,1832
2409.95,2409.95,2406.1,2408.55,1778067900,730
2408.55,2409.75,2408.15,2409.75,1778067840,1623
2409.75,2410.0,2408.0,2408.5,1778067780,754
2407.45,2411.35,2407.45,2410.45,1778067720,2834
2410.3,2414.65,2409.0,2414.65,1778067660,3006
2414.5,2416.85,2414.5,2416.0,1778067600,2079
2416.0,2416.3,2415.15,2415.5,1778067540,1319
2415.6,2416.55,2415.6,2416.55,1778067480,941
2415.5,2416.7,2415.5,2416.7,1778067420,45
2416.55,2417.0,2415.25,2415.4,1778067360,493
2415.4,2415.4,2415.0,2415.0,1778067300,1183
2415.2,2415.35,2413.5,2413.5,1778067240,6927
2414.5,2414.55,2412.75,2413.2,1778067180,5740
2414.2,2414.2,2413.6,2413.6,1778067120,408
2413.65,2413.7,2412.95,2412.95,1778067060,480
2413.25,2414.1,2412.85,2414.0,1778067000,1166
2414.45,2414.6,2413.4,2413.4,1778066940,1412
2414.3,2414.85,2414.0,2414.65,1778066880,2398
2413.0,2414.25,2410.1,2414.25,1778066820,5905
2415.2,2415.5,2415.1,2415.3,1778066760,1114
2416.05,2419.05,2416.05,2417.7,1778066700,1221
2418.15,2419.4,2417.65,2418.95,1778066640,3095
2419.3,2422.4,2418.6,2422.4,1778066580,1741
2422.5,2422.5,2419.35,2419.5,1778066520,13395
2419.1,2419.1,2417.2,2418.15,1778066460,3571
2418.6,2419.1,2416.0,2416.0,1778066400,1439
2416.0,2416.7,2415.65,2415.65,1778066340,621
2415.5,2420.6,2415.5,2418.15,1778066280,9983
2418.5,2418.5,2413.9,2414.75,1778066220,15784
2415.0,2416.4,2414.8,2415.3,1778066160,3281
2415.0,2415.0,2411.95,2412.4,1778066100,3704
2411.6,2411.65,2410.8,2411.65,1778066040,3747
2412.25,2412.75,2411.95,2411.95,1778065980,2047
2411.7,2412.3,2411.6,2412.3,1778065920,1071
2412.0,2412.0,2410.3,2410.3,1778065860,234
2409.95,2409.95,2408.95,2408.95,1778065800,1207
2408.85,2408.85,2408.05,2408.45,1778065740,153
2408.55,2408.55,2407.8,2407.8,1778065680,837
2408.8,2410.4,2408.8,2410.25,1778065620,2151
2410.15,2411.55,2410.15,2411.45,1778065560,511
2411.05,2411.6,2411.05,2411.45,1778065500,82
2410.15,2410.85,2409.8,2410.2,1778065440,954
2409.2,2409.2,2408.6,2408.9,1778065380,285
2410.05,2410.05,2408.75,2410.0,1778065320,1400
2410.0,2410.0,2407.5,2407.7,1778065260,741
2407.65,2408.9,2405.75,2406.95,1778065200,1834
2408.7,2409.75,2408.65,2409.75,1778065140,640
2410.1,2411.1,2410.1,2411.1,1778065080,1494
2411.3,2411.3,2410.2,2410.2,1778065020,250
2410.4,2412.55,2410.4,2412.0,1778064960,3015
2411.95,2411.95,2410.6,2411.55,1778064900,3340
2410.95,2412.75,2410.65,2411.45,1778064840,2413
2411.0,2411.0,2410.5,2410.5,1778064780,1452
2408.5,2408.8,2407.25,2407.6,1778064720,2173
2407.65,2408.65,2407.6,2408.3,1778064660,2375
2408.5,2408.8,2406.2,2407.55,1778064600,1328
2406.3,2409.95,2402.1,2409.95,1778064540,10612
2410.75,2410.75,2409.95,2410.1,1778064480,886
2409.85,2410.2,2409.65,2409.8,1778064420,998
2409.95,2409.95,2409.25,2409.25,1778064360,380
2409.4,2409.4,2407.4,2407.6,1778064300,1709
2408.15,2410.35,2407.75,2409.5,1778064240,391
2410.5,2412.65,2410.5,2412.25,1778064180,423
2412.2,2412.3,2410.9,2410.9,1778064120,62
2411.95,2412.8,2411.9,2412.25,1778064060,999
2412.05,2412.05,2411.25,2411.25,1778064000,919
2411.35,2412.45,2411.3,2411.9,1778063940,5285
2411.6,2411.6,2407.85,2410.5,1778063880,5866
2406.75,2409.2,2406.75,2409.1,1778063820,1030
2409.6,2411.6,2409.35,2411.6,1778063760,116
2411.6,2412.9,2410.55,2410.55,1778063700,3532
2410.0,2410.4,2409.9,2409.95,1778063640,755
2408.75,2409.0,2408.65,2408.65,1778063580,155
2408.6,2409.55,2408.35,2409.55,1778063520,997
2409.6,2410.4,2409.2,2409.2,1778063460,1256
2409.65,2410.0,2409.0,2410.0,1778063400,7099
2409.5,2409.5,2407.3,2408.35,1778063340,6865
2408.7,2409.65,2408.05,2409.65,1778063280,1706
2409.8,2410.05,2409.8,2410.05,1778063220,66
2410.15,2410.15,2409.25,2409.95,1778063160,1801
2411.0,2411.0,2409.35,2409.8,1778063100,1002
2409.55,2410.35,2409.55,2409.85,1778063040,221
2410.3,2411.25,2410.3,2410.95,1778062980,416
2410.0,2410.0,2409.95,2409.95,1778062920,47
2410.6,2412.4,2410.6,2411.95,1778062860,4374
2411.5,2412.3,2410.85,2411.0,1778062800,1310
2410.95,2411.25,2410.95,2411.25,1778062740,1769
2410.4,2411.0,2410.4,2411.0,1778062680,1195
2410.45,2410.9,2410.0,2410.1,1778062620,551
2410.4,2410.4,2408.5,2408.5,1778062560,1756
2409.6,2410.45,2409.6,2410.0,1778062500,533
2410.05,2412.8,2410.0,2412.8,1778062440,7319
2411.05,2411.2,2410.7,2410.7,1778062380,2560
2409.5,2410.0,2409.05,2409.3,1778062320,1225
2409.95,2411.2,2409.85,2409.85,1778062260,487
2409.6,2409.65,2408.45,2408.45,1778062200,418
2407.25,2407.25,2405.7,2405.95,1778062140,599
2405.55,2407.6,2405.55,2407.6,1778062080,1620
2407.7,2407.85,2406.75,2407.85,1778062020,1656
2407.6,2407.6,2405.05,2405.2,1778061960,680
2404.65,2408.7,2404.65,2408.7,1778061900,2935
2409.45,2410.4,2409.45,2409.55,1778061840,943
2409.4,2409.9,2409.15,2409.35,1778061780,566
2409.85,2412.0,2409.1,2411.6,1778061720,5851
2409.95,2410.85,2409.9,2410.35,1778061660,528
2410.1,2412.65,2409.95,2412.0,1778061600,991
2410.5,2411.0,2410.1,2410.9,1778061540,1907
2410.55,2410.55,2410.05,2410.4,1778061480,744
2409.95,2410.3,2409.35,2410.3,1778061420,764
2410.35,2411.25,2410.3,2411.25,1778061360,622
2409.25,2411.2,2407.0,2410.95,1778061300,1866
2409.7,2409.85,2407.05,2409.35,1778061240,2346
2409.8,2409.8,2409.25,2409.35,1778061180,1330
2409.75,2410.0,2409.0,2410.0,1778061120,1227
2408.4,2408.4,2407.1,2407.4,1778061060,2155
2407.15,2409.65,2405.95,2409.65,1778061000,4758
2409.65,2409.65,2405.8,2406.25,1778060940,778
2406.0,2406.9,2403.85,2406.9,1778060880,5485
2407.8,2409.5,2407.0,2407.05,1778060820,1009
2407.35,2411.55,2407.35,2411.2,1778060760,2089
2411.05,2416.2,2410.65,2416.2,1778060700,4803
2417.15,2417.2,2411.5,2411.5,1778060640,2557
2411.1,2412.35,2407.35,2411.6,1778060580,6202
2411.45,2416.95,2411.45,2415.0,1778060520,15242
2414.35,2414.8,2410.65,2412.3,1778060460,4906
2412.65,2413.6,2405.8,2408.15,1778060400,14806
2408.3,2409.65,2404.3,2404.3,1778060340,25311
2404.95,2405.2,2399.4,2399.4,1778060280,8747
2398.65,2401.95,2398.65,2399.0,1778060220,1014
2397.45,2397.45,2396.4,2396.4,1778060160,155
2397.8,2398.0,2397.8,2398.0,1778060100,69
2396.95,2398.05,2396.6,2397.15,1778060040,2314
2396.95,2397.75,2393.05,2393.05,1778059980,7934
2393.15,2404.85,2390.25,2390.25,1778059920,33737
2389.9,2389.9,2389.15,2389.5,1778059860,78
2389.7,2389.7,2388.45,2388.6,1778059800,1284
2389.1,2389.1,2388.45,2388.45,1778059740,107
2387.6,2388.45,2386.35,2386.35,1778059680,2206
2386.3,2386.3,2385.95,2385.95,1778059620,145
2385.45,2385.45,2385.3,2385.3,1778059560,62
2385.05,2385.45,2384.3,2385.45,1778059500,1486
2385.15,2385.15,2383.05,2383.5,1778059440,952
2384.4,2385.25,2383.95,2384.45,1778059380,2514
2385.0,2388.85,2384.95,2388.05,1778059320,2736
2388.15,2390.0,2388.15,2390.0,1778059260,1724
2389.8,2390.2,2389.2,2390.1,1778059200,498
2391.15,2391.15,2390.4,2390.4,1778059140,1025
2390.25,2390.5,2390.2,2390.5,1778059080,853
2392.1,2392.1,2391.65,2391.95,1778059020,3298
2392.05,2392.45,2391.6,2392.0,1778058960,2193
2390.7,2390.8,2390.1,2390.35,1778058900,1369
2390.5,2392.5,2390.4,2392.5,1778058840,1165
2393.15,2394.6,2393.15,2394.6,1778058780,426
2394.9,2395.2,2394.2,2395.0,1778058720,302
2395.6,2395.6,2393.95,2393.95,1778058660,2423
2393.2,2393.2,2391.7,2391.7,1778058600,1693
2391.05,2391.85,2391.05,2391.75,1778058540,1185
2392.45,2394.3,2392.45,2394.05,1778058480,1409
2393.25,2394.75,2390.2,2390.35,1778058420,2346
2389.5,2389.5,2389.25,2389.25,1778058360,200
2390.5,2390.5,2387.85,2389.1,1778058300,1125
2390.05,2390.8,2389.65,2390.8,1778058240,252
2390.85,2391.0,2390.55,2390.8,1778058180,2277
2391.4,2391.4,2391.4,2391.4,1778058120,20
2390.95,2392.3,2389.3,2392.3,1778058060,9012
2392.1,2394.65,2392.1,2393.75,1778058000,2290
2393.15,2393.15,2390.85,2392.0,1778057940,1231
2391.7,2391.75,2390.85,2390.85,1778057880,1205
2390.65,2393.6,2389.85,2393.5,1778057820,3243
2393.2,2395.5,2392.55,2393.9,1778057760,2408
2394.8,2395.0,2389.3,2389.3,1778057700,25298
2390.0,2391.2,2387.3,2387.3,1778057640,2650
2386.85,2390.0,2386.4,2388.4,1778057580,7963
2388.15,2389.05,2387.3,2387.9,1778057520,5476
2385.85,2387.3,2385.3,2386.0,1778057460,1443
2384.75,2387.9,2379.0,2379.0,1778057400,11636
2379.4,2379.65,2379.15,2379.45,1778057340,1457
2379.05,2379.75,2379.05,2379.75,1778057280,608
2380.95,2381.3,2380.0,2380.0,1778057220,473
2380.65,2381.3,2380.65,2381.25,1778057160,9255
2380.8,2382.0,2380.8,2382.0,1778057100,354
2381.15,2381.15,2381.15,2381.15,1778057040,96
2382.0,2382.65,2382.0,2382.25,1778056980,130
2381.95,2381.95,2380.35,2380.55,1778056920,921
2379.7,2380.0,2379.2,2379.2,1778056860,1404
2379.15,2379.75,2378.85,2379.75,1778056800,673
2379.8,2380.3,2378.45,2380.05,1778056740,8493
2381.0,2382.7,2381.0,2381.95,1778056680,823
2384.0,2384.0,2383.25,2383.45,1778056620,293
2383.1,2384.45,2382.35,2383.75,1778056560,1189
2383.2,2383.6,2381.95,2381.95,1778056500,260
2381.3,2385.4,2381.15,2382.75,1778056440,7489
2383.35,2383.65,2378.0,2379.8,1778056380,13779
2379.7,2380.75,2377.5,2377.5,1778056320,14851
2377.45,2377.85,2377.35,2377.75,1778056260,611
2377.2,2377.4,2376.4,2376.4,1778056200,3079
2376.65,2376.65,2375.8,2375.8,1778056140,467
2375.1,2375.1,2375.1,2375.1,1778056080,16
2375.8,2375.8,2375.2,2375.2,1778056020,958
2375.3,2375.3,2374.8,2374.9,1778055960,4464
2374.65,2375.35,2374.65,2375.35,1778055900,741
2376.45,2376.45,2376.0,2376.0,1778055840,376
2375.3,2375.3,2374.55,2374.85,1778055780,2671
2374.35,2374.4,2373.95,2374.2,1778055720,3519
2374.8,2374.8,2374.35,2374.35,1778055660,1607
2374.55,2375.1,2374.45,2374.45,1778055600,5460
2374.95,2374.95,2374.75,2374.75,1778055540,567
2375.2,2375.2,2374.65,2374.85,1778055480,426
2375.1,2375.1,2374.5,2374.75,1778055420,319
2374.4,2374.95,2374.4,2374.5,1778055360,289
2375.25,2375.65,2374.85,2374.85,1778055300,1549
2375.6,2375.8,2375.25,2375.75,1778055240,5350
2375.75,2375.75,2374.5,2374.5,1778055180,652
2373.05,2374.9,2373.05,2374.9,1778055120,664
2375.1,2375.95,2375.1,2375.95,1778055060,449
2375.4,2376.95,2375.4,2375.95,1778055000,262
2374.9,2374.95,2374.9,2374.95,1778054940,83
2376.3,2377.7,2375.95,2376.1,1778054880,2739
2376.4,2377.0,2375.95,2376.85,1778054820,1927
2375.55,2376.55,2375.55,2376.15,1778054760,1764
2377.1,2377.1,2374.5,2374.5,1778054700,2698
2375.05,2375.05,2373.75,2374.0,1778054640,121
2374.3,2375.65,2373.5,2373.5,1778054580,3757
2372.65,2372.65,2371.0,2371.0,1778054520,323
2370.4,2370.4,2367.9,2368.75,1778054460,2101
2369.05,2369.9,2369.05,2369.7,1778054400,954
2369.55,2370.05,2369.55,2369.85,1778054340,455
2370.2,2370.65,2370.1,2370.45,1778054280,5205
2369.8,2369.8,2369.35,2369.4,1778054220,786
2368.7,2369.2,2368.7,2369.2,1778054160,258
2370.0,2370.0,2370.0,2370.0,1778054100,562
2369.8,2369.8,2369.75,2369.75,1778054040,148
2369.85,2369.85,2369.05,2369.5,1778053980,1605
2370.0,2370.9,2370.0,2370.9,1778053920,228
2370.85,2371.1,2370.3,2370.45,1778053860,630
2370.7,2371.4,2370.7,2371.4,1778053800,522
2369.3,2371.9,2369.3,2370.75,1778053740,1753
2371.3,2371.3,2371.3,2371.3,1778053680,0
2371.3,2371.75,2371.3,2371.75,1778053620,845
2371.2,2372.3,2370.75,2370.75,1778053560,494
2370.45,2371.05,2370.45,2371.0,1778053500,780
2370.55,2370.55,2369.6,2369.6,1778053440,101
2369.35,2369.35,2368.95,2369.0,1778053380,600
2369.15,2370.25,2369.15,2370.25,1778053320,2723
2370.2,2370.2,2369.75,2370.0,1778053260,1315
2370.45,2371.0,2369.9,2371.0,1778053200,1810
2370.9,2370.95,2370.7,2370.7,1778053140,197
2371.05,2371.05,2369.35,2369.35,1778053080,1754
2369.5,2369.9,2368.75,2369.9,1778053020,1956
2369.85,2370.55,2369.8,2370.55,1778052960,2471
2370.75,2370.95,2370.2,2370.2,1778052900,725
2370.35,2370.95,2370.35,2370.6,1778052840,1271
2370.55,2371.0,2370.55,2371.0,1778052780,80
2371.8,2371.8,2371.6,2371.6,1778052720,191
2371.25,2372.3,2369.8,2372.3,1778052660,1258
2372.25,2372.7,2371.85,2372.6,1778052600,305
2373.45,2373.45,2372.8,2372.95,1778052540,582
2372.1,2372.55,2372.1,2372.55,1778052480,550
2373.25,2374.0,2372.9,2373.95,1778052420,2007
2373.6,2373.6,2372.7,2373.0,1778052360,2345
2372.65,2372.65,2371.95,2371.95,1778052300,1015
2371.2,2371.3,2370.95,2371.0,1778052240,28
2371.8,2372.9,2371.8,2372.9,1778052180,429
2373.45,2373.45,2371.0,2371.0,1778052120,6642
2369.35,2369.35,2369.35,2369.35,1778052060,1
2369.65,2370.0,2367.8,2370.0,1778052000,2674
2370.0,2370.0,2369.35,2369.35,1778051940,1391
2370.0,2370.0,2369.9,2370.0,1778051880,1198
2368.1,2368.1,2368.1,2368.1,1778051820,68
2369.35,2370.45,2369.35,2370.45,1778051760,292
2370.3,2370.3,2369.7,2369.7,1778051700,330
2368.85,2370.25,2368.85,2370.25,1778051640,1849
2370.05,2371.2,2370.05,2371.2,1778051580,11298
2371.2,2372.7,2371.2,2372.25,1778051520,3876
2372.0,2372.55,2371.3,2371.4,1778051460,5227
2370.4,2370.4,2370.25,2370.4,1778051400,537
2370.55,2370.6,2369.8,2369.8,1778051340,704
2369.6,2369.6,2369.0,2369.0,1778051280,235
2367.8,2367.8,2367.3,2367.3,1778051220,1211
2367.7,2367.7,2367.7,2367.7,1778051160,5
2368.7,2368.75,2368.0,2368.35,1778051100,241
2369.2,2370.0,2369.2,2369.5,1778051040,5294
2369.25,2370.35,2369.2,2369.4,1778050980,17
2368.4,2369.3,2368.4,2369.3,1778050920,156
2369.15,2369.45,2369.15,2369.25,1778050860,1012
2369.15,2369.75,2369.15,2369.5,1778050800,1142
2369.1,2370.0,2369.1,2369.7,1778050740,1655
2368.9,2368.9,2368.4,2368.5,1778050680,1116
2368.15,2368.15,2368.15,2368.15,1778050620,127
2367.55,2367.55,2367.0,2367.0,1778050560,47
2366.9,2367.95,2366.9,2367.95,1778050500,863
2368.0,2368.1,2366.95,2367.5,1778050440,476
2368.25,2368.25,2367.55,2367.7,1778050380,977
2366.95,2367.85,2365.95,2367.25,1778050320,2382
2367.45,2368.05,2366.5,2367.85,1778050260,1393
2368.35,2368.85,2368.35,2368.85,1778050200,70
2369.1,2369.1,2368.95,2368.95,1778050140,517
2370.0,2370.0,2368.2,2368.2,1778050080,1377
2368.6,2368.6,2367.95,2368.05,1778050020,2389
2367.2,2367.55,2367.2,2367.55,1778049960,1753
2368.1,2369.9,2368.05,2368.85,1778049900,2606
2368.65,2369.0,2368.05,2368.05,1778049840,3503
2368.4,2368.4,2367.6,2367.6,1778049780,806
2367.9,2367.9,2367.05,2367.05,1778049720,55
2368.45,2369.0,2367.35,2367.9,1778049660,4313
2367.2,2367.75,2366.1,2366.1,1778049600,2775
2366.05,2366.2,2366.05,2366.2,1778049540,100
2367.4,2367.4,2366.9,2366.9,1778049480,1296
2366.7,2366.7,2366.7,2366.7,1778049420,250
2365.4,2366.25,2365.4,2365.7,1778049360,1518
2365.75,2365.75,2365.0,2365.0,1778049300,1294
2364.45,2364.45,2364.4,2364.4,1778049240,467
2365.0,2365.9,2365.0,2365.9,1778049180,322
2364.95,2364.95,2364.15,2364.15,1778049120,677
2364.1,2364.5,2364.1,2364.3,1778049060,318
2363.75,2363.95,2363.75,2363.95,1778049000,5945
2363.75,2365.0,2363.75,2364.45,1778048940,1873
2364.45,2364.45,2363.75,2364.0,1778048880,2447
2363.3,2363.3,2361.2,2361.2,1778048820,2561
2361.0,2361.0,2361.0,2361.0,1778048760,200
2360.35,2360.35,2360.35,2360.35,1778048700,100
2361.5,2361.65,2361.45,2361.45,1778048640,88
2360.45,2360.45,2360.35,2360.35,1778048580,1180
2359.55,2360.7,2359.2,2360.7,1778048520,2955
2360.75,2360.75,2360.05,2360.5,1778048460,1660
2360.5,2360.6,2359.9,2359.9,1778048400,175
2360.45,2360.45,2359.55,2359.55,1778048340,725
2359.35,2359.9,2359.25,2359.75,1778048280,1878
2359.95,2360.3,2359.65,2360.3,1778048220,280
2360.35,2361.5,2360.35,2361.45,1778048160,1163
2360.95,2361.8,2360.95,2361.8,1778048100,1080
2361.9,2362.0,2361.75,2361.95,1778048040,653
2362.2,2362.25,2361.4,2361.4,1778047980,111
2361.85,2362.0,2361.4,2361.45,1778047920,1360
2361.55,2361.6,2360.5,2361.0,1778047860,2551
2361.2,2361.2,2360.0,2361.15,1778047800,3871
2361.2,2361.25,2360.9,2361.2,1778047740,2196
2361.4,2361.95,2361.4,2361.95,1778047680,32
2361.35,2362.35,2360.95,2362.2,1778047620,3837
2363.6,2364.65,2363.6,2364.55,1778047560,614
2365.0,2365.4,2364.65,2364.85,1778047500,1054
2364.4,2364.4,2364.35,2364.35,1778047440,779
2364.3,2364.9,2363.8,2363.8,1778047380,222
2363.5,2363.9,2363.5,2363.75,1778047320,713
2364.55,2365.05,2364.3,2364.95,1778047260,436
2364.5,2364.5,2363.65,2363.7,1778047200,4489
2363.7,2363.9,2363.65,2363.7,1778047140,525
2363.0,2363.0,2362.95,2363.0,1778047080,528
2363.0,2363.0,2362.9,2362.9,1778047020,103
2362.55,2362.8,2361.75,2361.75,1778046960,2322
2361.4,2361.4,2360.6,2360.6,1778046900,1033
2360.7,2361.2,2360.7,2361.2,1778046840,782
2360.7,2361.0,2360.05,2360.5,1778046780,2809
2360.55,2360.55,2360.0,2360.5,1778046720,293
2360.75,2361.35,2360.5,2361.25,1778046660,756
2362.75,2362.75,2362.3,2362.35,1778046600,1490
2362.0,2362.35,2361.2,2361.2,1778046540,601
2361.4,2361.95,2360.9,2361.65,1778046480,2234
2361.2,2361.35,2360.3,2360.3,1778046420,2888
2360.05,2360.35,2359.85,2360.0,1778046360,2391
2359.85,2359.85,2358.75,2359.05,1778046300,2284
2358.35,2359.7,2358.35,2359.7,1778046240,525
2358.85,2359.35,2358.85,2359.35,1778046180,2744
2357.7,2358.6,2357.55,2357.55,1778046120,1422
2357.55,2357.55,2355.75,2355.75,1778046060,1114
2355.3,2355.3,2353.65,2353.75,1778046000,2465
2353.45,2358.0,2352.95,2358.0,1778045940,4803
2357.45,2357.45,2357.05,2357.3,1778045880,2705
2357.9,2357.9,2356.05,2356.55,1778045820,1071
2358.0,2358.55,2352.05,2357.2,1778045760,5230
2357.85,2362.0,2351.1,2362.0,1778045700,8513
2362.5,2363.1,2362.15,2363.05,1778045640,896
2362.4,2363.15,2362.2,2362.2,1778045580,299
2363.3,2363.55,2363.15,2363.15,1778045520,903
2363.5,2364.0,2363.45,2363.9,1778045460,296
2363.95,2364.0,2363.3,2363.75,1778045400,770
2364.0,2364.0,2363.45,2363.45,1778045340,56
2363.1,2363.1,2362.9,2362.9,1778045280,698
2362.9,2362.9,2362.85,2362.85,1778045220,110
2362.75,2364.0,2362.75,2364.0,1778045160,525
2363.5,2364.45,2363.5,2363.85,1778045100,473
2362.95,2362.95,2362.95,2362.95,1778045040,0
2362.95,2362.95,2362.95,2362.95,1778044980,0
2362.95,2362.95,2362.4,2362.4,1778044920,671
2360.1,2362.4,2360.1,2362.4,1778044860,754
2363.05,2364.0,2363.05,2364.0,1778044800,739
2363.95,2364.0,2363.75,2363.9,1778044740,273
2364.0,2364.0,2364.0,2364.0,1778044680,136
2364.15,2364.15,2363.6,2363.6,1778044620,168
2362.85,2362.95,2361.85,2362.05,1778044560,2107
2361.9,2362.55,2361.9,2362.55,1778044500,475
2362.35,2362.55,2362.35,2362.55,1778044440,445
2362.7,2362.7,2362.25,2362.25,1778044380,127
2360.95,2361.7,2360.95,2361.7,1778044320,811
2361.55,2362.05,2361.45,2362.05,1778044260,561
2362.7,2363.55,2362.7,2363.15,1778044200,1127
2363.05,2363.05,2362.8,2362.8,1778044140,358
2363.0,2363.0,2363.0,2363.0,1778044080,110
2363.15,2363.15,2363.15,2363.15,1778044020,50
2363.6,2365.25,2363.6,2365.25,1778043960,163
2365.35,2365.35,2364.9,2364.9,1778043900,404
2364.65,2364.7,2363.65,2363.65,1778043840,396
2363.45,2363.45,2359.2,2363.15,1778043780,2417
2363.25,2365.15,2363.25,2364.9,1778043720,140
2365.4,2365.4,2364.6,2365.15,1778043660,1210
2364.3,2365.35,2364.3,2364.75,1778043600,672
2364.7,2365.15,2364.7,2364.75,1778043540,205
2365.0,2365.15,2363.75,2363.9,1778043480,652
2363.9,2365.55,2363.9,2365.15,1778043420,1791
2364.75,2365.75,2364.5,2364.8,1778043360,373
2365.05,2365.75,2365.05,2365.75,1778043300,855
2365.7,2365.7,2365.2,2365.65,1778043240,63
2365.25,2365.25,2363.2,2363.2,1778043180,2444
2361.4,2365.1,2360.0,2363.5,1778043120,6046
2363.75,2371.6,2363.75,2371.4,1778043060,6273
2370.9,2371.9,2370.9,2371.9,1778043000,1374
2371.75,2371.75,2371.45,2371.45,1778042940,535
2372.05,2372.35,2371.45,2371.45,1778042880,2215
2371.15,2371.15,2369.55,2369.55,1778042820,290
2369.55,2369.55,2367.3,2368.85,1778042760,3068
2370.5,2370.5,2370.1,2370.1,1778042700,3712
2369.9,2370.35,2369.45,2369.45,1778042640,979
2369.3,2369.3,2368.95,2369.1,1778042580,1283
2367.7,2367.7,2367.7,2367.7,1778042520,10
2367.95,2367.95,2367.75,2367.9,1778042460,23
2368.5,2368.5,2368.5,2368.5,1778042400,11
2367.85,2369.05,2367.85,2369.05,1778042340,41
2368.7,2369.35,2368.7,2369.35,1778042280,320
2368.45,2369.25,2368.35,2368.35,1778042220,89
2369.1,2369.1,2368.45,2368.45,1778042160,20
2369.3,2369.45,2369.3,2369.45,1778042100,84
2369.55,2370.8,2369.55,2370.8,1778042040,408
2371.15,2371.15,2370.45,2370.8,1778041980,608
2369.95,2370.7,2369.95,2370.7,1778041920,112
2369.95,2369.95,2369.25,2369.25,1778041860,1376
2369.0,2371.65,2367.9,2371.6,1778041800,2792
2371.5,2372.4,2371.25,2372.1,1778041740,585
2371.95,2372.6,2371.95,2372.6,1778041680,355
2374.9,2374.9,2373.15,2373.15,1778041620,605
2372.9,2373.75,2372.8,2373.55,1778041560,1156
2373.0,2374.0,2372.85,2374.0,1778041500,967
2373.65,2373.65,2373.6,2373.6,1778041440,770
2373.85,2373.85,2373.4,2373.4,1778041380,251
2373.5,2375.45,2373.5,2375.45,1778041320,629
2374.75,2375.15,2373.95,2374.95,1778041260,2183
2374.55,2374.55,2374.1,2374.55,1778041200,867
2375.1,2375.1,2375.1,2375.1,1778041140,0
2375.1,2375.65,2375.1,2375.65,1778041080,300
2375.35,2375.5,2375.3,2375.3,1778041020,211
2376.45,2376.45,2373.65,2375.9,1778040960,1601
2375.3,2376.65,2375.3,2375.95,1778040900,379
2375.95,2375.95,2375.95,2375.95,1778040840,0
2375.95,2376.2,2375.95,2376.2,1778040780,7
2377.1,2377.1,2377.1,2377.1,1778040720,1
2376.9,2377.3,2376.7,2376.7,1778040660,1356
2376.75,2376.85,2376.6,2376.85,1778040600,2062
2377.25,2377.25,2376.15,2376.15,1778040540,204
2376.85,2376.85,2376.85,2376.85,1778040480,276
2376.45,2378.1,2376.45,2378.1,1778040420,2773
2377.7,2377.7,2376.55,2376.55,1778040360,2694
2374.6,2374.6,2374.6,2374.6,1778040300,0
2374.6,2374.6,2373.7,2373.7,1778040240,1025
2373.65,2373.8,2370.15,2373.8,1778040180,1973
2375.25,2375.25,2375.0,2375.15,1778040120,325
2374.85,2374.85,2374.85,2374.85,1778040060,100
2375.55,2375.55,2375.45,2375.45,1778040000,170
2375.35,2375.8,2375.05,2375.8,1778039940,2028
2375.65,2376.4,2375.65,2376.3,1778039880,345
2375.55,2375.55,2375.55,2375.55,1778039820,2
2375.55,2376.4,2375.55,2375.75,1778039760,1828
2375.7,2375.7,2373.45,2373.45,1778039700,2230
2373.95,2374.6,2373.95,2374.6,1778039640,108
2374.95,2374.95,2374.55,2374.55,1778039580,358
2373.5,2373.5,2373.5,2373.5,1778039520,0
2373.5,2373.5,2373.3,2373.3,1778039460,11
2372.85,2373.9,2372.85,2373.9,1778039400,361
2374.6,2374.85,2374.6,2374.85,1778039340,106
2374.8,2374.8,2374.15,2374.25,1778039280,848
2374.25,2374.85,2373.95,2373.95,1778039220,1114
2374.95,2374.95,2374.95,2374.95,1778039160,0
2374.95,2375.3,2374.95,2375.1,1778039100,498
2373.95,2374.35,2373.95,2374.35,1778039040,753
2374.45,2374.45,2373.95,2373.95,1778038980,1214
2374.75,2374.75,2374.75,2374.75,1778038920,600
2374.2,2374.2,2373.5,2373.5,1778038860,765
2373.9,2376.1,2373.85,2376.1,1778038800,1110
2377.05,2377.3,2377.05,2377.3,1778038740,220
2377.05,2378.4,2377.05,2378.0,1778038680,2397
2377.5,2377.5,2377.2,2377.2,1778038620,378
2377.35,2377.6,2376.75,2377.55,1778038560,1399
2378.35,2378.35,2376.5,2376.9,1778038500,922
2376.7,2376.75,2375.95,2375.95,1778038440,292
2376.1,2377.5,2376.1,2376.7,1778038380,2016
2376.7,2376.8,2376.5,2376.65,1778038320,1325
2376.3,2376.3,2376.0,2376.0,1778038260,325
2375.55,2375.85,2375.05,2375.25,1778038200,264
2375.25,2375.25,2375.25,2375.25,1778038140,20
2374.65,2375.05,2374.35,2374.35,1778038080,411
2374.4,2376.0,2373.8,2376.0,1778038020,1808
2376.55,2379.55,2376.1,2379.55,1778037960,3235
2378.7,2380.05,2374.05,2374.35,1778037900,16023
2374.05,2374.85,2371.05,2371.05,1778037840,6608
2369.55,2370.55,2369.2,2369.2,1778037780,112
2369.75,2369.75,2368.85,2369.0,1778037720,445
2369.4,2369.6,2369.3,2369.6,1778037660,1818
2369.4,2369.55,2368.9,2368.9,1778037600,1737
2367.45,2367.45,2367.45,2367.45,1778037540,0
2367.45,2367.45,2367.45,2367.45,1778037480,300
2367.0,2367.1,2366.95,2367.1,1778037420,1146
2368.1,2368.1,2368.1,2368.1,1778037360,50
2367.35,2367.35,2366.7,2366.7,1778037300,102
2367.4,2367.4,2367.4,2367.4,1778037240,200
2368.35,2368.35,2368.35,2368.35,1778037180,850
2368.25,2368.35,2368.25,2368.35,1778037120,87
2367.45,2367.45,2367.45,2367.45,1778037060,388
2368.0,2368.0,2367.3,2367.3,1778037000,954
2367.65,2368.55,2367.2,2368.55,1778036940,614
2369.55,2369.55,2369.55,2369.55,1778036880,5
2370.65,2370.65,2369.3,2369.75,1778036820,3102
2370.1,2370.45,2369.95,2370.45,1778036760,673
2372.0,2372.0,2370.35,2370.35,1778036700,1758
2369.6,2370.8,2369.6,2370.3,1778036640,747
2370.15,2370.15,2369.0,2369.0,1778036580,1190
2367.6,2369.5,2367.6,2368.55,1778036520,3750
2368.15,2368.45,2368.15,2368.45,1778036460,851
2368.8,2369.45,2368.4,2368.4,1778036400,1492
2368.25,2368.4,2368.25,2368.4,1778036340,433
2367.8,2368.6,2367.8,2368.35,1778036280,348
2368.75,2368.75,2367.0,2367.0,1778036220,7152
2366.7,2366.7,2366.0,2366.0,1778036160,602
2365.15,2365.15,2365.15,2365.15,1778036100,486
2364.6,2364.8,2364.6,2364.8,1778036040,640
2364.05,2364.5,2364.05,2364.15,1778035980,1667
2363.45,2364.1,2363.45,2364.1,1778035920,902
2364.8,2365.2,2362.4,2365.15,1778035860,11856
2365.35,2365.35,2365.2,2365.2,1778035800,798
2365.15,2365.15,2364.35,2364.65,1778035740,1228
2364.3,2364.3,2364.3,2364.3,1778035680,7
2364.0,2364.0,2363.05,2363.35,1778035620,557
2363.9,2364.15,2363.5,2363.5,1778035560,613
2362.8,2362.8,2362.3,2362.45,1778035500,1050
2362.2,2362.45,2362.0,2362.0,1778035440,1259
2361.55,2363.35,2361.55,2363.35,1778035380,667
2364.25,2364.8,2363.95,2363.95,1778035320,1103
2363.2,2363.2,2362.9,2362.9,1778035260,78
2362.35,2362.4,2362.35,2362.4,1778035200,498
2362.7,2362.7,2362.1,2362.1,1778035140,739
2362.05,2362.05,2361.05,2361.1,1778035080,828
2360.9,2360.9,2359.65,2360.2,1778035020,393
2359.55,2360.1,2359.5,2360.1,1778034960,790
2360.05,2360.05,2358.4,2359.0,1778034900,1400
2359.6,2360.5,2359.6,2360.5,1778034840,171
2361.35,2362.55,2361.35,2362.55,1778034780,678
2362.3,2362.45,2360.7,2360.7,1778034720,667
2361.0,2361.0,2359.4,2359.45,1778034660,1271
2360.85,2361.75,2360.85,2361.5,1778034600,1702
2361.75,2362.2,2361.75,2362.2,1778034540,103
2363.2,2363.2,2361.8,2363.0,1778034480,1271
2363.2,2364.5,2362.2,2364.5,1778034420,1490
2364.0,2366.8,2364.0,2366.8,1778034360,1590
2366.65,2366.75,2366.65,2366.75,1778034300,169
2367.5,2367.55,2367.5,2367.55,1778034240,657
2367.9,2367.9,2367.9,2367.9,1778034180,78
2366.9,2367.5,2366.6,2367.5,1778034120,4724
2368.75,2368.75,2368.65,2368.7,1778034060,430
2368.7,2368.7,2368.7,2368.7,1778034000,97
2368.35,2368.5,2368.35,2368.5,1778033940,101
2368.8,2369.3,2368.8,2369.3,1778033820,1221
2368.25,2369.25,2368.25,2369.25,1778033760,1799
2369.05,2369.8,2369.05,2369.8,1778033700,223
2370.25,2370.25,2369.4,2369.4,1778033640,513
2369.75,2369.75,2369.75,2369.75,1778033580,500
2370.2,2370.2,2370.2,2370.2,1778033520,10
2370.35,2370.35,2370.35,2370.35,1778033460,203
2370.55,2370.7,2370.55,2370.7,1778033400,167
2371.0,2371.0,2369.75,2369.75,1778033340,1019
2368.65,2368.65,2368.65,2368.65,1778033280,502
2368.45,2368.45,2367.45,2367.45,1778033220,40
2367.85,2367.85,2367.5,2367.65,1778033160,630
2369.15,2369.15,2367.9,2368.55,1778033100,182
2369.75,2370.45,2369.7,2370.45,1778033040,222
2369.9,2370.1,2369.9,2370.0,1778032980,672
2369.75,2370.05,2369.6,2370.05,1778032920,324
2369.0,2369.0,2369.0,2369.0,1778032860,483
2370.85,2371.25,2370.85,2371.2,1778032800,409
2371.15,2371.15,2371.15,2371.15,1778032740,0
2371.15,2371.2,2370.85,2370.85,1778032680,136
2370.9,2371.15,2370.9,2371.15,1778032620,193
2371.3,2371.3,2371.3,2371.3,1778032560,0
2371.3,2372.9,2371.25,2372.9,1778032500,744
2373.1,2373.25,2372.15,2373.1,1778032440,119
2373.5,2373.95,2373.25,2373.25,1778032380,166
2373.9,2375.2,2372.85,2373.0,1778032320,450
2371.95,2371.95,2371.15,2371.4,1778032260,799
2372.45,2372.45,2371.3,2371.3,1778032200,147
2370.7,2370.7,2369.15,2370.45,1778032140,747
2372.3,2372.3,2372.3,2372.3,1778032080,0
2372.3,2372.3,2368.35,2368.35,1778032020,759
2368.65,2368.65,2368.65,2368.65,1778031960,1
2369.4,2369.4,2369.4,2369.4,1778031900,0
2369.4,2369.4,2369.4,2369.4,1778031840,10
2369.75,2369.75,2369.75,2369.75,1778031780,0
2369.75,2369.75,2368.35,2368.85,1778031720,1100
2368.8,2369.5,2368.8,2369.5,1778031660,593
2368.85,2369.1,2368.85,2369.1,1778031600,1386
2369.75,2369.75,2369.75,2369.75,1778031540,200
2369.0,2369.3,2367.75,2367.75,1778031480,3468
2368.6,2368.6,2368.6,2368.6,1778031420,0
2368.6,2368.6,2368.6,2368.6,1778031360,100
2371.2,2371.7,2371.2,2371.7,1778031300,181
2371.0,2371.25,2371.0,2371.15,1778031240,860
2370.9,2370.9,2370.9,2370.9,1778031180,1
2369.5,2369.5,2367.15,2368.5,1778031120,1600
2368.25,2369.1,2368.2,2368.25,1778031060,637
2368.25,2369.0,2368.25,2369.0,1778031000,280
2368.6,2368.6,2368.6,2368.6,1778030940,3
2368.45,2370.85,2368.45,2370.85,1778030880,931
2371.1,2371.1,2370.65,2370.65,1778030820,400
2369.95,2372.45,2369.7,2372.45,1778030760,697
2373.2,2373.2,2371.45,2371.45,1778030700,102
2372.85,2372.85,2372.65,2372.65,1778030640,40
2371.75,2371.75,2371.75,2371.75,1778030580,0
2371.75,2371.75,2371.75,2371.75,1778030520,0
2371.75,2371.95,2371.75,2371.95,1778030460,30
2372.2,2372.2,2369.95,2371.2,1778030400,956
2370.85,2373.05,2370.85,2372.75,1778030340,1175
2372.85,2372.85,2370.95,2370.95,1778030280,2350
2370.35,2370.35,2369.5,2370.0,1778030220,2435
2368.2,2368.2,2367.45,2367.7,1778030160,1632
2367.55,2367.75,2367.4,2367.65,1778030100,938
2367.2,2367.2,2366.85,2366.85,1778030040,2
2367.6,2367.6,2366.1,2366.1,1778029980,160
2366.2,2366.2,2366.2,2366.2,1778029920,0
2366.2,2366.2,2366.2,2366.2,1778029860,30
2367.25,2367.25,2366.5,2366.5,1778029800,215
2366.7,2366.7,2366.3,2366.3,1778029740,60
2366.15,2366.15,2364.6,2364.75,1778029680,148
2364.25,2364.25,2364.25,2364.25,1778029620,0
2364.25,2364.25,2364.25,2364.25,1778029560,150
2364.75,2366.0,2364.75,2366.0,1778029500,500
2365.6,2365.6,2364.95,2364.95,1778029440,104
2363.95,2363.95,2363.95,2363.95,1778029380,0
2363.95,2363.95,2363.95,2363.95,1778029320,100
2361.75,2361.75,2361.1,2361.1,1778029260,109
2363.0,2363.0,2363.0,2363.0,1778029200,0
2363.0,2363.55,2363.0,2363.55,1778029140,220
2363.45,2364.1,2363.45,2364.1,1778029080,193
2365.0,2365.0,2365.0,2365.0,1778029020,0
2365.0,2365.0,2365.0,2365.0,1778028960,100
2366.5,2366.5,2364.5,2364.5,1778028900,244
2364.3,2365.8,2363.25,2363.25,1778028840,185
2362.85,2362.95,2362.65,2362.75,1778028780,1959
2361.8,2361.8,2361.1,2361.1,1778028720,510
2362.6,2362.6,2361.05,2361.55,1778028660,604
2359.35,2359.35,2359.35,2359.35,1778028600,1036
2357.0,2357.0,2352.8,2356.65,1778028540,3319
2356.45,2356.95,2356.45,2356.95,1778028480,510
2356.7,2357.0,2356.5,2357.0,1778028420,455
2358.85,2359.0,2358.85,2359.0,1778028360,51
2359.65,2360.15,2359.65,2359.75,1778028300,859
2360.4,2360.6,2360.4,2360.6,1778028240,180
2359.55,2359.55,2359.55,2359.55,1778028180,0
2359.55,2359.55,2359.55,2359.55,1778028120,300
2360.4,2361.4,2360.4,2361.4,1778028060,485
2360.55,2360.55,2360.55,2360.55,1778028000,40
2360.3,2360.3,2360.3,2360.3,1778027940,0
2360.3,2360.3,2360.3,2360.3,1778027880,0
2360.3,2360.3,2360.3,2360.3,1778027820,360
2359.6,2359.6,2359.6,2359.6,1778027760,100
2359.0,2359.0,2359.0,2359.0,1778027700,100
2359.15,2359.15,2359.15,2359.15,1778027640,100
2355.65,2355.65,2355.65,2355.65,1778027580,0
2355.65,2355.65,2355.65,2355.65,1778027520,0
2355.65,2356.65,2355.65,2356.4,1778027460,209
2357.7,2357.7,2357.7,2357.7,1778027400,0
2357.7,2357.7,2357.7,2357.7,1778027340,0
2357.7,2357.7,2357.7,2357.7,1778027280,0
2357.7,2358.45,2357.7,2358.45,1778027220,155
2360.5,2360.5,2360.5,2360.5,1778027160,467
2359.2,2359.2,2357.6,2357.6,1778027100,60
2357.55,2357.55,2357.0,2357.0,1778027040,193
2356.3,2356.3,2355.65,2355.75,1778026980,308
2356.5,2357.6,2356.5,2357.6,1778026920,633
2357.6,2359.25,2357.6,2359.25,1778026860,188
2361.05,2361.05,2360.3,2360.4,1778026800,202
2361.35,2361.35,2361.35,2361.35,1778026740,5000
2362.15,2362.15,2362.15,2362.15,1778026620,500
2364.7,2364.7,2364.7,2364.7,1778026560,5
2363.25,2363.25,2363.25,2363.25,1778026500,0
2363.25,2363.25,2363.25,2363.25,1778026440,0
2363.25,2363.25,2363.25,2363.25,1778026380,0
2363.25,2363.85,2363.25,2363.85,1778026320,466
2364.4,2364.4,2363.6,2363.6,1778026260,405
2363.4,2363.4,2363.0,2363.0,1778026200,120
2362.1,2362.1,2362.1,2362.1,1778026140,137
2362.1,2362.1,2362.1,2362.1,1778026080,0
2362.1,2362.1,2362.1,2362.1,1778026020,0
2362.1,2362.1,2362.1,2362.1,1778025960,0
2362.1,2362.1,2362.1,2362.1,1778025900,40
2360.2,2360.2,2360.2,2360.2,1778025840,0
2360.2,2360.2,2360.2,2360.2,1778025780,0
2360.2,2360.2,2360.2,2360.2,1778025720,0
2360.2,2360.2,2360.2,2360.2,1778025660,517
2359.75,2359.75,2359.75,2359.75,1778025600,5300
2359.65,2359.65,2359.65,2359.65,1778025540,85
2359.1,2360.3,2359.1,2360.1,1778025480,5030
2360.3,2360.3,2359.9,2359.9,1778025420,40
2359.85,2359.85,2359.85,2359.85,1778025360,20
2360.05,2360.05,2360.05,2360.05,1778025300,50
2360.4,2360.4,2360.4,2360.4,1778025240,300
2360.4,2360.4,2360.4,2360.4,1778025180,100
2360.75,2360.75,2360.75,2360.75,1778025120,0
2360.75,2360.75,2360.75,2360.75,1778025060,0
2360.75,2360.75,2360.75,2360.75,1778025000,10
2360.65,2360.65,2359.4,2359.4,1778024940,600
2358.65,2358.65,2358.65,2358.65,1778024880,0
2358.65,2358.65,2358.65,2358.65,1778024820,0
2358.65,2358.65,2358.65,2358.65,1778024760,100
2359.6,2359.6,2359.6,2359.6,1778024700,80
2359.05,2359.05,2359.05,2359.05,1778024640,285
2358.15,2358.15,2358.15,2358.15,1778024580,30
2358.3,2358.3,2356.4,2356.4,1778024520,900
2354.55,2354.55,2354.55,2354.55,1778024460,0
2354.55,2354.55,2354.55,2354.55,1778024400,0
2354.55,2354.55,2354.55,2354.55,1778024340,0
2354.55,2354.55,2354.15,2354.15,1778024280,105
2354.1,2354.2,2354.1,2354.2,1778024220,433
2354.65,2354.65,2354.65,2354.65,1778024160,37
2354.6,2354.95,2354.35,2354.95,1778024100,707
2353.95,2355.95,2353.95,2355.95,1778024040,995
2357.15,2357.15,2357.15,2357.15,1778023980,0
2357.15,2357.15,2357.15,2357.15,1778023920,0
2357.15,2357.15,2357.15,2357.15,1778023860,0
2357.15,2357.15,2357.15,2357.15,1778023800,42
2357.35,2357.35,2357.35,2357.35,1778023740,523
2356.75,2356.75,2356.75,2356.75,1778023680,42
2358.25,2358.25,2358.25,2358.25,1778023620,11
2359.8,2359.95,2359.8,2359.95,1778023560,298
2361.5,2361.5,2361.5,2361.5,1778023500,0
2361.5,2361.5,2361.5,2361.5,1778023440,30
2360.95,2364.0,2360.95,2364.0,1778023380,3626
2364.9,2364.9,2364.9,2364.9,1778023320,200
2365.15,2365.15,2365.15,2365.15,1778023260,0
2365.15,2365.15,2365.15,2365.15,1778023200,0
2365.15,2367.0,2365.1,2367.0,1778023140,376
2366.75,2366.75,2365.8,2365.8,1778023080,524
2366.1,2366.1,2365.4,2365.4,1778023020,506
2365.55,2366.05,2365.55,2366.05,1778022960,577
2365.85,2367.6,2365.85,2367.6,1778022900,567
2368.6,2368.6,2368.6,2368.6,1778022840,289
2367.5,2367.5,2367.5,2367.5,1778022780,0
2367.5,2367.5,2367.45,2367.45,1778022720,560
2368.45,2368.45,2367.2,2367.2,1778022660,550
2366.55,2366.55,2366.55,2366.55,1778022600,50
2364.45,2364.45,2364.45,2364.45,1778022540,50
2363.4,2363.4,2363.4,2363.4,1778022480,50
2364.0,2364.0,2364.0,2364.0,1778022420,0
2364.0,2364.0,2364.0,2364.0,1778022360,10
2366.2,2366.2,2366.2,2366.2,1778022300,50
2363.3,2363.3,2363.3,2363.3,1778022240,0
2363.3,2363.3,2363.3,2363.3,1778022180,0
2363.3,2363.9,2363.3,2363.9,1778022120,338
2364.15,2364.15,2364.0,2364.0,1778022060,100
2366.25,2366.25,2366.25,2366.25,1778022000,0
2366.25,2366.25,2366.25,2366.25,1778021940,0
2366.25,2366.5,2366.25,2366.5,1778021880,501
2369.2,2369.2,2369.2,2369.2,1778021820,0
2369.2,2369.35,2369.2,2369.35,1778021760,120
2369.65,2369.65,2368.8,2368.8,1778021700,142
2366.95,2366.95,2366.95,2366.95,1778021640,0
2366.95,2370.45,2366.95,2370.45,1778021580,95
2372.6,2372.6,2364.5,2364.5,1778021520,1384
2361.9,2361.9,2361.9,2361.9,1778021460,0
2361.9,2361.9,2361.9,2361.9,1778021400,0
2361.9,2361.9,2361.9,2361.9,1778021340,20
2358.25,2358.25,2358.25,2358.25,1778021280,0
2358.25,2358.95,2358.25,2358.95,1778021220,663
2360.0,2360.0,2360.0,2360.0,1778021160,600
2360.4,2360.4,2360.4,2360.4,1778021100,4
2358.25,2358.25,2358.25,2358.25,1778021040,0
2358.25,2358.25,2358.25,2358.25,1778020980,50
2357.95,2357.95,2348.2,2355.1,1778020920,5868
2356.35,2357.15,2352.9,2357.15,1778020860,19942
2360.25,2360.25,2360.25,2360.25,1778020800,0
2360.25,2362.05,2358.35,2362.05,1778020740,2493
2360.6,2363.8,2360.6,2363.65,1778020680,2421
2366.1,2366.1,2366.1,2366.1,1778020620,5
2364.0,2364.35,2363.75,2364.35,1778020560,2229
2365.7,2365.7,2365.7,2365.7,1778020500,40
2365.5,2366.8,2364.65,2366.35,1778020440,1444
2366.9,2367.05,2366.0,2366.75,1778020380,1164
2377.45,2377.45,2377.45,2377.45,1778020320,0
2377.45,2377.45,2377.45,2377.45,1778020260,0
2377.45,2377.45,2377.45,2377.45,1778020200,0
2377.45,2377.45,2377.45,2377.45,1778020140,0
2377.45,2377.45,2377.45,2377.45,1778020080,10
2378.55,2378.55,2377.5,2377.5,1778020020,304
2374.9,2374.9,2374.9,2374.9,1778019960,0
2374.9,2374.9,2374.9,2374.9,1778019900,500
2373.25,2373.25,2373.25,2373.25,1778019840,0
2373.25,2373.25,2373.25,2373.25,1778019780,500
2374.65,2374.65,2374.65,2374.65,1778019720,0
2374.65,2374.65,2374.65,2374.65,1778019660,0
2374.65,2374.65,2374.65,2374.65,1778019600,100
2373.55,2373.55,2373.55,2373.55,1778019540,0
2373.55,2373.55,2373.55,2373.55,1778019480,30
2372.7,2373.4,2372.7,2373.4,1778019120,60
2368.65,2373.5,2368.65,2373.5,1778019060,10306
2372.25,2373.5,2372.25,2373.5,1778019000,958
2375.9,2375.9,2375.9,2375.9,1778018940,0
2375.9,2375.9,2375.35,2375.35,1778018880,252
2377.9,2377.9,2377.9,2377.9,1778018820,0
2377.9,2377.9,2377.9,2377.9,1778018760,101
2377.8,2377.8,2377.15,2377.7,1778018700,192
2377.8,2378.25,2377.8,2378.25,1778018640,499
2377.9,2377.9,2377.9,2377.9,1778018580,0
2377.9,2377.9,2377.9,2377.9,1778018520,0
2377.9,2377.9,2377.9,2377.9,1778018460,30
2374.2,2374.2,2374.2,2374.2,1778018400,0
2374.2,2374.2,2374.2,2374.2,1778018340,58
2375.1,2375.1,2375.1,2375.1,1778018280,25
2375.75,2375.75,2375.75,2375.75,1778018220,0
2375.75,2375.75,2375.75,2375.75,1778018160,23
2376.35,2376.35,2376.35,2376.35,1778018100,42
2376.2,2376.25,2376.2,2376.25,1778018040,46
2376.45,2376.45,2376.45,2376.45,1778017980,0
2376.45,2376.45,2376.25,2376.25,1778017920,660
2375.5,2375.5,2375.5,2375.5,1778017860,133
2374.4,2374.45,2374.4,2374.45,1778017800,27
2373.05,2373.05,2373.05,2373.05,1778017740,0
2373.05,2373.05,2373.05,2373.05,1778017680,695
2372.4,2372.4,2372.4,2372.4,1778017620,0
2372.4,2372.4,2372.0,2372.0,1778017560,546
2371.75,2371.75,2371.75,2371.75,1778017500,325
2370.0,2370.0,2370.0,2370.0,1778017440,0
2370.0,2370.0,2370.0,2370.0,1778017380,0
2370.0,2370.0,2370.0,2370.0,1778017320,0
2370.0,2370.0,2370.0,2370.0,1778017260,958
2369.45,2369.45,2369.45,2369.45,1778017200,20
2369.3,2369.3,2369.3,2369.3,1778017140,0
2369.3,2369.3,2369.3,2369.3,1778017080,0
2369.3,2369.3,2369.3,2369.3,1778017020,0
2369.3,2369.3,2369.3,2369.3,1778016960,50
2368.1,2368.55,2364.0,2368.4,1778016900,4455
2369.8,2370.2,2369.25,2370.2,1778016840,4119
2371.5,2371.5,2371.5,2371.5,1778016780,100
2372.1,2372.1,2372.1,2372.1,1778016720,0
2372.1,2372.25,2372.1,2372.25,1778016660,199
2373.85,2373.9,2373.3,2373.3,1778016600,1968
2374.35,2374.95,2374.35,2374.8,1778016540,192
2375.4,2376.0,2375.35,2376.0,1778016480,258
2378.25,2378.25,2378.25,2378.25,1778016420,33
2377.9,2377.9,2377.9,2377.9,1778016360,50
2378.8,2378.95,2378.7,2378.95,1778016300,113
2378.2,2378.2,2378.2,2378.2,1778016240,20
2377.55,2377.55,2377.55,2377.55,1778016180,0
2377.55,2377.55,2377.55,2377.55,1778016120,500
2377.9,2377.9,2376.85,2376.85,1778016060,476
2377.65,2377.75,2377.65,2377.75,1778016000,273
2377.25,2377.25,2377.25,2377.25,1778015940,0
2377.25,2377.25,2376.7,2376.7,1778015880,126
2379.1,2379.1,2379.1,2379.1,1778015760,1
2376.6,2376.6,2376.6,2376.6,1778015700,40
2377.3,2378.6,2377.3,2378.6,1778015640,102
2378.15,2380.6,2378.15,2380.6,1778015580,1125
2381.1,2381.1,2381.1,2381.1,1778015520,0
2381.1,2381.1,2381.1,2381.1,1778015460,0
2381.1,2382.45,2381.1,2382.4,1778015400,2397
2383.05,2383.05,2383.05,2383.05,1778015340,0
2383.05,2383.05,2383.05,2383.05,1778015280,0
2383.05,2383.05,2383.05,2383.05,1778015220,148
2384.4,2384.4,2384.4,2384.4,1778015160,0
2384.4,2384.4,2384.4,2384.4,1778015100,9
2387.35,2387.35,2387.35,2387.35,1778015040,0
2387.35,2388.0,2382.3,2382.3,1778014980,6415
2381.2,2381.2,2381.2,2381.2,1778014920,0
2381.2,2381.2,2381.2,2381.2,1778014860,20
2381.4,2381.4,2381.4,2381.4,1778014800,0
2381.4,2381.4,2381.4,2381.4,1778014740,0
2381.4,2381.4,2381.4,2381.4,1778014680,0
2381.4,2381.4,2381.4,2381.4,1778014620,0
2381.4,2381.4,2381.4,2381.4,1778014560,0
2381.4,2381.4,2381.05,2381.05,1778014500,1826
2382.25,2382.25,2382.25,2382.25,1778014440,541
2381.8,2381.8,2381.8,2381.8,1778014380,0
2381.8,2381.9,2381.8,2381.9,1778014320,1785
2382.4,2382.4,2382.4,2382.4,1778014260,469
2381.35,2381.35,2381.35,2381.35,1778014200,209
2380.85,2381.0,2380.85,2381.0,1778014140,269
2381.35,2381.5,2381.25,2381.5,1778014080,2542
2382.05,2382.05,2381.7,2381.7,1778014020,753
2381.55,2381.55,2381.55,2381.55,1778013960,20
2382.4,2383.5,2382.4,2383.5,1778013900,499
2383.0,2383.75,2383.0,2383.75,1778013840,716
2383.15,2384.95,2383.15,2384.95,1778013780,1119
2385.0,2385.0,2385.0,2385.0,1778013720,0
2385.0,2385.0,2384.0,2384.0,1778013660,336
2382.05,2382.35,2382.05,2382.35,1778013600,296
2383.0,2385.0,2383.0,2385.0,1778013540,413
2385.9,2385.9,2385.9,2385.9,1778013480,171
2386.15,2386.2,2385.1,2385.1,1778013420,1662
2384.85,2384.85,2384.85,2384.85,1778013360,386
2381.5,2381.5,2381.5,2381.5,1778013300,0
2381.5,2381.5,2381.5,2381.5,1778013240,450
2379.5,2379.5,2379.5,2379.5,1778013180,0
2379.5,2379.6,2379.05,2379.6,1778013120,306
2379.75,2379.75,2379.75,2379.75,1778013060,5
2379.85,2380.25,2379.65,2380.25,1778013000,344
2379.5,2380.35,2379.5,2380.35,1778012940,1304
2381.55,2381.55,2381.55,2381.55,1778012880,100
2381.45,2383.05,2381.45,2383.05,1778012820,340
2385.85,2386.2,2382.35,2382.85,1778012760,9884
2383.35,2383.35,2382.55,2382.55,1778012700,585
2382.05,2382.05,2382.0,2382.0,1778012640,133
2381.45,2383.1,2381.45,2382.55,1778012580,2247
2382.3,2382.4,2379.0,2379.0,1778012520,1287
2379.2,2379.2,2379.2,2379.2,1778012460,220
2379.55,2379.55,2379.55,2379.55,1778012400,403
2377.55,2377.55,2377.55,2377.55,1778012340,972
2378.9,2379.05,2378.9,2379.05,1778012280,575
2379.2,2379.2,2379.2,2379.2,1778012220,42
2380.05,2380.05,2380.05,2380.05,1778012160,0
2380.05,2380.05,2377.35,2377.35,1778012100,321
2380.4,2381.55,2380.4,2381.1,1778012040,2758
2379.85,2381.05,2375.45,2375.45,1778011980,15189
2375.15,2375.5,2375.15,2375.5,1778011920,707
2376.35,2376.4,2375.6,2375.6,1778011860,613
2374.55,2374.55,2374.55,2374.55,1778011800,1730
2374.2,2374.3,2371.1,2373.95,1778011740,3317
2372.95,2372.95,2372.55,2372.55,1778011680,1951
2371.9,2371.9,2366.2,2371.55,1778011620,4851
2373.45,2374.9,2373.45,2374.9,1778011560,820
2374.45,2374.45,2374.05,2374.05,1778011500,363
2375.0,2375.0,2374.3,2374.3,1778011440,398
2374.55,2375.7,2372.55,2372.55,1778011380,7248
2372.5,2372.5,2372.5,2372.5,1778011320,1
2371.25,2371.25,2371.25,2371.25,1778011260,0
2371.25,2371.25,2371.25,2371.25,1778011200,5
2370.85,2370.85,2370.85,2370.85,1778011140,100
2371.8,2371.8,2371.8,2371.8,1778011080,100
2372.0,2372.0,2371.45,2371.45,1778011020,538
2370.9,2371.35,2370.4,2370.4,1778010960,2017
2369.8,2369.85,2369.3,2369.85,1778010900,504
2370.35,2370.65,2370.35,2370.65,1778010840,168
2370.9,2370.9,2370.9,2370.9,1778010780,10
2369.15,2369.5,2369.1,2369.5,1778010720,5918
2370.35,2370.35,2370.35,2370.35,1778010660,100
2370.95,2372.7,2370.95,2372.7,1778010600,700
2373.75,2374.0,2373.75,2374.0,1778010540,337
2375.0,2375.0,2373.75,2373.75,1778010480,11316
2372.65,2372.85,2372.65,2372.85,1778010420,163
2372.85,2373.55,2372.85,2373.55,1778010360,548
2374.0,2374.0,2373.3,2373.3,1778010300,2864
2372.95,2373.25,2372.6,2372.7,1778010240,2134
2371.4,2371.4,2371.4,2371.4,1778010180,0
2371.4,2371.8,2371.4,2371.8,1778010120,600
2371.05,2371.05,2371.05,2371.05,1778010060,0
2371.05,2371.05,2371.05,2371.05,1778010000,398
2370.45,2370.5,2370.4,2370.4,1778009940,1059
2370.15,2370.15,2369.1,2369.1,1778009880,609
2369.2,2369.6,2369.2,2369.6,1778009820,450
2370.6,2370.6,2370.6,2370.6,1778009760,0
2370.6,2370.6,2370.6,2370.6,1778009700,50
2370.65,2372.2,2370.65,2372.15,1778009640,2312
2371.35,2371.35,2370.65,2371.1,1778009580,330
2371.1,2371.1,2370.2,2370.2,1778009520,125
2370.4,2370.4,2370.25,2370.25,1778009460,157
2369.8,2370.1,2369.4,2369.4,1778009400,936
2370.35,2370.8,2370.1,2370.8,1778009340,1928
2371.75,2371.75,2371.05,2371.45,1778009280,528
2371.6,2371.95,2371.6,2371.95,1778009220,498
2372.0,2372.0,2371.3,2371.3,1778009160,712
2371.55,2371.65,2371.55,2371.65,1778009100,731
2371.5,2371.5,2370.5,2370.5,1778009040,559
2370.25,2370.95,2370.15,2370.95,1778008980,10303
2370.9,2370.9,2370.9,2370.9,1778008920,0
2370.9,2370.9,2370.65,2370.65,1778008860,250
2370.45,2371.05,2370.45,2371.05,1778008800,134
2371.05,2371.05,2371.05,2371.05,1778008740,0
2371.05,2371.05,2371.05,2371.05,1778008680,699
2371.6,2371.6,2370.85,2370.85,1778008620,610
2368.7,2368.7,2368.7,2368.7,1778008560,50
2368.05,2369.1,2368.05,2369.1,1778008500,782
2368.55,2368.8,2368.55,2368.75,1778008440,685
2368.75,2368.75,2368.75,2368.75,1778008380,234
2368.45,2368.9,2368.45,2368.9,1778008320,1051
2369.2,2369.2,2369.2,2369.2,1778008260,22
2370.15,2370.25,2370.15,2370.2,1778008200,221
2370.25,2370.25,2369.65,2369.8,1778008140,1833
2369.8,2370.4,2369.8,2370.4,1778008080,53
2370.5,2370.65,2370.5,2370.65,1778008020,745
2370.65,2370.65,2369.75,2369.75,1778007960,324
2370.85,2370.85,2370.2,2370.2,1778007900,510
2370.15,2370.15,2370.15,2370.15,1778007840,0
2370.15,2370.15,2370.15,2370.15,1778007780,63
2370.0,2370.2,2369.6,2370.2,1778007720,92
2369.6,2370.65,2369.6,2370.35,1778007660,510
2371.55,2371.85,2371.15,2371.2,1778007600,79
2371.3,2371.3,2370.6,2370.65,1778007540,1277
2371.05,2371.55,2371.05,2371.55,1778007480,204
2371.85,2371.85,2371.15,2371.3,1778007420,265
2371.1,2371.45,2371.0,2371.2,1778007360,218
2370.6,2370.95,2370.5,2370.95,1778007300,896
2370.75,2371.0,2369.95,2371.0,1778007240,873
2370.7,2370.9,2370.45,2370.75,1778007180,973
2371.6,2372.4,2371.6,2372.4,1778007120,431
2373.0,2373.6,2373.0,2373.3,1778007060,2550
2373.25,2373.25,2372.0,2372.0,1778007000,2419
2372.15,2372.15,2372.15,2372.15,1778006940,1
2372.65,2372.7,2372.0,2372.0,1778006880,450
2371.0,2371.65,2371.0,2371.4,1778006820,230
2371.25,2371.5,2370.4,2370.5,1778006760,6708
2370.65,2370.65,2370.0,2370.2,1778006700,1384
2370.35,2370.35,2368.2,2370.35,1778006640,3372
2371.25,2371.25,2370.55,2370.55,1778006580,1143
2369.65,2369.65,2369.6,2369.6,1778006520,703
2369.1,2369.5,2368.7,2369.5,1778006460,1637
2369.45,2369.45,2368.3,2368.3,1778006400,4352
2368.35,2368.5,2368.35,2368.5,1778006340,2
2369.95,2370.0,2369.85,2370.0,1778006280,1080
2370.0,2370.0,2370.0,2370.0,1778006220,13
2370.45,2370.45,2370.15,2370.25,1778006160,1005
2370.15,2370.15,2370.15,2370.15,1778006100,100
2369.3,2369.4,2368.85,2368.85,1778006040,144
2368.0,2369.2,2368.0,2369.15,1778005980,229
2369.45,2369.7,2369.45,2369.7,1778005920,353
2369.45,2369.75,2369.35,2369.75,1778005860,611
2369.55,2370.6,2369.5,2370.6,1778005800,1300
2371.25,2371.75,2371.25,2371.5,1778005740,64
2371.65,2371.65,2369.65,2370.1,1778005680,2134
2370.55,2371.05,2370.5,2371.05,1778005620,933
2371.0,2371.0,2369.65,2369.65,1778005560,248
2369.95,2369.95,2369.7,2369.7,1778005500,261
2369.15,2370.2,2369.15,2370.2,1778005440,250
2369.9,2370.5,2369.05,2370.45,1778005380,1289
2370.65,2370.75,2370.35,2370.35,1778005320,531
2370.6,2370.6,2370.0,2370.0,1778005260,597
2369.45,2369.75,2369.4,2369.4,1778005200,1316
2369.7,2369.7,2368.9,2369.05,1778005140,7872
2369.9,2372.75,2364.75,2371.65,1778005080,11600
2371.6,2371.6,2370.75,2371.2,1778005020,296
2371.2,2371.2,2370.7,2370.7,1778004960,5010
2371.25,2371.8,2367.75,2371.75,1778004900,6222
2371.5,2373.8,2367.15,2372.0,1778004840,9976
2372.05,2372.05,2368.65,2369.0,1778004780,12763
2369.0,2369.0,2368.2,2368.75,1778004720,271
2367.35,2368.8,2367.35,2367.5,1778004660,6843
2367.0,2367.0,2361.75,2365.25,1778004600,3577
2365.1,2365.5,2365.1,2365.4,1778004540,156
2366.15,2366.15,2365.0,2365.35,1778004480,1036
2366.65,2366.65,2365.3,2365.55,1778004420,1063
2365.5,2365.5,2364.35,2364.35,1778004360,762
2363.15,2363.9,2363.15,2363.9,1778004300,689
2362.3,2362.3,2362.3,2362.3,1778004240,10
2362.05,2362.35,2362.0,2362.05,1778004180,1178
2362.95,2362.95,2362.95,2362.95,1778004120,4
2362.0,2363.9,2359.65,2363.75,1778004060,1266
2363.75,2363.8,2361.9,2362.05,1778004000,7090
2361.75,2362.45,2360.65,2362.45,1778003940,3219
2362.4,2362.8,2362.4,2362.8,1778003880,162
2361.65,2362.6,2361.65,2362.6,1778003820,300
2362.2,2362.25,2362.05,2362.05,1778003760,2318
2361.1,2361.1,2361.1,2361.1,1778003700,26
2361.5,2362.1,2361.5,2362.1,1778003640,2266
2362.4,2362.4,2362.1,2362.1,1778003580,1004
2362.15,2362.55,2362.15,2362.55,1778003520,210
2362.25,2362.3,2361.9,2361.9,1778003460,93
2361.5,2361.5,2361.45,2361.45,1778003400,66
2362.85,2363.0,2362.4,2362.4,1778003340,1258
2362.45,2362.45,2360.3,2360.35,1778003280,1867
2360.25,2360.35,2360.05,2360.2,1778003220,3103
2359.85,2360.55,2359.65,2360.55,1778003160,927
2361.9,2361.95,2361.9,2361.95,1778003100,74
2361.9,2361.9,2361.3,2361.3,1778003040,192
2361.45,2361.45,2358.45,2361.05,1778002980,6112
2361.65,2361.65,2361.35,2361.35,1778002920,369
2361.2,2361.2,2359.7,2360.45,1778002860,3093
2361.0,2361.0,2359.4,2359.6,1778002800,1731
2360.15,2361.3,2359.6,2361.25,1778002740,1610
2361.4,2362.55,2361.4,2362.55,1778002680,1361
2361.65,2362.75,2361.65,2362.75,1778002620,900
2361.5,2362.0,2361.5,2362.0,1778002560,831
2361.0,2362.65,2361.0,2362.65,1778002500,3295
2361.95,2362.0,2359.6,2360.55,1778002440,2833
2361.3,2362.3,2360.6,2362.3,1778002380,1093
2362.35,2362.35,2360.9,2361.2,1778002320,1542
2360.1,2362.2,2360.1,2362.0,1778002260,373
2363.85,2364.2,2363.85,2364.2,1778002200,187
2364.25,2364.7,2364.25,2364.7,1778002140,2089
2364.1,2364.6,2363.65,2363.65,1778002080,559
2363.6,2364.85,2363.6,2364.85,1778002020,847
2364.0,2364.0,2359.6,2363.8,1778001960,1707
2363.05,2363.05,2362.45,2362.55,1778001900,615
2362.5,2364.2,2362.5,2364.2,1778001840,2207
2364.85,2364.85,2364.7,2364.7,1778001780,1413
2366.05,2366.8,2366.05,2366.8,1778001720,252
2366.85,2366.85,2366.3,2366.4,1778001660,1255
2365.3,2367.45,2365.3,2367.0,1778001600,1058
2366.9,2367.3,2366.5,2366.5,1778001540,495
2365.85,2365.85,2360.7,2365.5,1778001480,860
2365.4,2366.0,2364.55,2366.0,1778001420,3194
2366.0,2366.0,2363.65,2364.1,1778001360,2902
2362.9,2364.65,2362.9,2364.65,1778001300,144
2364.6,2364.6,2363.45,2363.45,1778001240,112
2361.95,2363.35,2361.95,2363.35,1778001180,454
2364.45,2364.45,2362.85,2362.85,1778001120,126
2362.95,2363.0,2361.85,2361.85,1778001060,4143
2361.15,2361.55,2355.4,2360.3,1778001000,4803
2360.7,2360.7,2357.65,2358.65,1778000940,3153
2358.9,2362.65,2354.75,2362.25,1778000880,8425
2362.1,2364.3,2362.1,2364.25,1778000820,2202
2361.6,2366.5,2361.6,2366.5,1778000760,4069
2366.75,2366.8,2365.55,2366.65,1778000700,2552
2366.6,2368.6,2366.35,2366.45,1778000640,3283
2365.7,2365.7,2364.4,2364.4,1778000580,1304
2364.3,2364.8,2363.2,2363.2,1778000520,1666
2362.6,2364.15,2362.0,2364.15,1778000460,1107
2364.2,2364.4,2363.5,2364.4,1778000400,757
2364.65,2364.65,2363.55,2363.55,1778000340,4297
2363.4,2364.3,2363.2,2364.3,1778000280,5581
2364.25,2364.5,2363.85,2364.45,1778000220,6169
2364.2,2364.7,2363.65,2364.25,1778000160,3469
2364.25,2364.25,2363.0,2363.95,1778000100,1589
2364.25,2364.55,2363.7,2363.85,1778000040,2544
2363.85,2368.5,2363.85,2368.2,1777999980,1120
2367.75,2368.0,2366.3,2366.3,1777999920,1865
2365.65,2367.4,2364.8,2366.2,1777999860,5857
2365.9,2366.1,2365.35,2365.5,1777999800,3691
2364.8,2365.15,2364.5,2364.5,1777999740,1830
2365.1,2365.2,2363.4,2364.7,1777999680,1391
2364.45,2364.95,2363.5,2363.5,1777999620,2206
2359.05,2364.0,2359.05,2363.75,1777999560,4965
2362.95,2363.5,2360.2,2360.2,1777999500,4682
2356.4,2361.8,2356.4,2361.1,1777999440,5512
2361.3,2361.6,2360.0,2360.9,1777999380,8031
2362.55,2363.65,2361.05,2362.35,1777999320,6478
2362.5,2362.5,2353.85,2360.6,1777999260,7169
2358.05,2364.05,2358.05,2364.05,1777999200,6848
2364.55,2364.55,2355.7,2361.1,1777999140,17422
2361.3,2368.9,2353.55,2368.7,1777999080,39872
2368.65,2370.2,2366.9,2370.2,1777999020,15917
2371.5,2371.6,2371.5,2371.55,1777998960,817
2371.3,2371.4,2370.7,2371.4,1777998900,570
2371.7,2371.75,2371.35,2371.35,1777998840,448
2370.75,2372.95,2365.85,2372.95,1777998780,8850
2372.45,2372.95,2365.2,2371.75,1777998720,6815
2372.1,2374.2,2371.85,2374.2,1777998660,3136
2374.95,2374.95,2373.6,2374.25,1777998600,1611
2375.3,2375.7,2375.3,2375.45,1777998540,886
2374.55,2374.75,2373.05,2374.75,1777998480,3377
2375.3,2377.05,2375.3,2377.05,1777998420,1935
2377.0,2377.2,2376.25,2376.25,1777998360,226
2377.0,2377.15,2376.25,2377.1,1777998300,2235
2377.0,2378.25,2376.95,2378.0,1777998240,1144
2378.15,2379.65,2378.15,2379.65,1777998180,879
2379.2,2380.2,2379.2,2380.2,1777998120,314
2379.95,2380.95,2379.6,2379.6,1777998060,6548
2378.5,2378.8,2378.5,2378.8,1777998000,141
2379.4,2379.4,2378.65,2378.65,1777997940,202
2378.5,2378.5,2377.3,2377.3,1777997880,1255
2377.7,2377.75,2377.2,2377.2,1777997820,569
2378.45,2378.9,2377.95,2378.2,1777997760,2659
2378.25,2378.4,2377.15,2378.4,1777997700,6222
2379.35,2379.7,2379.35,2379.7,1777997640,1124
2380.05,2380.25,2375.7,2380.2,1777997580,7841
2379.45,2379.45,2379.45,2379.45,1777997520,0
2379.45,2379.45,2377.15,2378.35,1777997460,1461
2377.15,2379.7,2377.15,2379.7,1777997400,1642
2380.1,2380.25,2379.65,2380.25,1777997340,740
2380.75,2381.4,2380.7,2381.0,1777997280,2938
2380.25,2380.25,2380.15,2380.15,1777997220,905
2381.2,2381.85,2380.0,2380.0,1777997160,1055
2379.9,2380.45,2379.45,2380.35,1777997100,3157
2380.45,2380.45,2378.6,2378.8,1777997040,2542
2378.5,2378.9,2378.1,2378.1,1777996980,3933
2377.9,2379.65,2377.9,2379.65,1777996920,2893
2380.5,2380.5,2379.05,2379.55,1777996860,1416
2379.65,2381.25,2379.2,2379.8,1777996800,1069
2379.35,2379.9,2379.35,2379.9,1777996740,1180
2379.85,2380.7,2379.3,2380.7,1777996680,1737
2379.7,2381.45,2379.5,2381.45,1777996620,2560
2381.9,2382.1,2381.8,2381.95,1777996560,2152
2381.3,2381.95,2380.3,2381.7,1777996500,2225
2381.55,2381.55,2380.6,2380.6,1777996440,636
2380.5,2381.0,2380.0,2380.35,1777996380,1940
2380.35,2382.2,2380.35,2382.05,1777996320,4048
2382.4,2383.7,2381.5,2381.5,1777996260,2050
2382.75,2383.8,2382.75,2383.8,1777996200,769
2383.95,2384.65,2382.45,2384.3,1777996140,2962
2384.45,2384.45,2383.55,2384.4,1777996080,1298
2384.05,2386.0,2384.05,2386.0,1777996020,1090
2385.55,2385.55,2384.45,2384.45,1777995960,1695
2383.8,2383.95,2383.8,2383.95,1777995900,154
2383.95,2383.95,2383.95,2383.95,1777995840,10
2382.6,2383.05,2382.6,2383.05,1777995780,192
2382.7,2384.0,2382.5,2383.95,1777995720,1037
2383.4,2383.8,2383.05,2383.8,1777995660,277
2383.6,2384.35,2383.6,2384.35,1777995600,209
2383.65,2384.55,2383.25,2384.55,1777995540,925
2384.5,2384.9,2383.8,2383.8,1777995480,1895
2383.6,2383.95,2383.0,2383.2,1777995420,1578
2382.9,2384.4,2382.9,2384.15,1777995360,903
2384.05,2384.3,2382.45,2382.65,1777995300,882
2381.65,2382.2,2380.85,2382.2,1777995240,4785
2382.65,2382.75,2381.0,2381.0,1777995180,4335
2381.8,2383.0,2381.8,2382.9,1777995120,1343
2383.95,2383.95,2383.3,2383.5,1777995060,903
2384.85,2384.85,2383.95,2384.15,1777995000,2278
2383.4,2383.4,2380.9,2380.9,1777994940,1694
2381.0,2381.65,2380.7,2381.65,1777994880,760
2381.9,2382.7,2381.2,2382.7,1777994820,521
2381.95,2381.95,2380.8,2381.9,1777994760,1437
2382.3,2383.6,2382.3,2382.65,1777994700,1154
2382.4,2384.1,2382.35,2383.5,1777994640,4481
2382.85,2382.85,2381.8,2382.6,1777994580,2618
2381.95,2381.95,2381.95,2381.95,1777994520,115
2379.85,2379.85,2379.85,2379.85,1777994460,1
2379.6,2379.65,2379.0,2379.45,1777994400,580
2379.7,2379.7,2379.7,2379.7,1777994340,70
2380.15,2380.15,2379.75,2379.75,1777994280,1936
2379.6,2382.0,2379.6,2380.25,1777994220,1462
2380.3,2382.2,2380.3,2382.15,1777994160,6173
2382.2,2383.2,2381.7,2382.1,1777994100,7839
2382.35,2382.35,2380.75,2380.8,1777994040,8773
2381.05,2384.55,2381.05,2384.55,1777993980,8151
2385.6,2386.1,2382.45,2382.45,1777993920,5363
2381.45,2381.45,2379.25,2379.25,1777993860,3583
2379.5,2379.5,2378.15,2378.95,1777993800,1593
2378.5,2379.95,2375.2,2379.4,1777993740,19521
2378.25,2378.3,2377.65,2377.85,1777993680,664
2379.6,2381.1,2379.5,2379.75,1777993620,2286
2379.5,2379.7,2379.45,2379.45,1777993560,2023
2377.95,2380.0,2377.75,2379.7,1777993500,1146
2379.6,2379.6,2377.0,2377.0,1777993440,1648
2377.0,2377.05,2375.5,2375.8,1777993380,4520
2375.15,2375.15,2374.05,2375.0,1777993320,664
2375.15,2375.3,2375.15,2375.3,1777993260,268
2375.1,2377.2,2375.1,2377.2,1777993200,4231
2377.25,2377.75,2377.25,2377.75,1777993140,1107
2377.75,2377.75,2377.0,2377.0,1777993080,452
2376.7,2378.45,2376.7,2378.45,1777993020,2393
2378.55,2378.6,2376.85,2377.9,1777992960,3162
2379.25,2380.5,2379.25,2379.4,1777992900,2542
2379.25,2379.25,2378.2,2378.2,1777992840,2017
2378.0,2378.0,2376.3,2376.3,1777992780,399
2376.85,2377.0,2373.5,2373.5,1777992720,9989
2374.5,2374.5,2372.5,2373.55,1777992660,7393
2372.55,2373.45,2372.55,2373.45,1777992600,530
2373.9,2374.95,2373.9,2374.3,1777992540,82
2375.2,2375.2,2374.55,2374.7,1777992480,432
2373.55,2373.95,2373.55,2373.9,1777992420,1661
2374.45,2376.2,2374.45,2376.2,1777992360,1581
2375.0,2375.85,2375.0,2375.55,1777992300,2456
2375.65,2376.05,2373.7,2375.3,1777992240,2160
2376.25,2376.85,2376.25,2376.7,1777992180,4083
2376.3,2377.05,2376.2,2376.2,1777992120,1210
2376.0,2376.0,2367.2,2373.2,1777992060,4679
2373.55,2375.85,2373.5,2374.0,1777992000,4178
2372.7,2375.85,2369.5,2375.85,1777991940,5322
2375.5,2378.95,2375.5,2378.3,1777991880,1292
2378.1,2381.5,2378.1,2381.0,1777991820,3317
2382.2,2383.35,2380.9,2382.6,1777991760,3121
2380.9,2383.35,2379.65,2382.35,1777991700,2230
2382.65,2382.95,2378.7,2381.7,1777991640,3857
2382.05,2385.6,2382.05,2385.6,1777991580,8350
2385.25,2385.25,2383.65,2383.65,1777991520,2398
2383.95,2383.95,2378.95,2383.4,1777991460,2259
2384.35,2384.35,2382.3,2382.3,1777991400,4144
2382.05,2383.2,2381.7,2381.75,1777991340,1718
2382.25,2382.3,2380.65,2381.4,1777991280,579
2382.0,2382.4,2380.95,2381.85,1777991220,1672
2380.7,2380.7,2379.1,2379.1,1777991160,1033
2379.35,2381.25,2379.05,2379.3,1777991100,3405
2378.65,2378.9,2377.3,2377.3,1777991040,1121
2377.15,2377.85,2376.2,2376.6,1777990980,1308
2376.3,2376.3,2369.45,2369.95,1777990920,1369
2369.3,2373.3,2366.95,2370.85,1777990860,11617
2373.1,2377.15,2371.3,2375.8,1777990800,4254
2375.8,2377.0,2372.95,2375.45,1777990740,3741
2374.5,2381.95,2374.0,2381.95,1777990680,2395
2381.1,2382.35,2381.1,2382.1,1777990620,1080
2382.8,2382.8,2376.85,2379.45,1777990560,674
2379.4,2380.55,2370.9,2380.55,1777990500,18223
2382.2,2383.95,2380.25,2383.25,1777990440,2603
2384.25,2389.05,2378.5,2387.95,1777990380,8430
2388.0,2388.5,2387.85,2388.5,1777990320,856
2385.35,2386.9,2384.6,2386.45,1777990260,1980
2388.65,2388.65,2387.3,2387.3,1777990200,409
2386.2,2387.4,2386.1,2386.75,1777990140,1248
2388.55,2388.55,2385.45,2386.0,1777990080,391
2385.75,2387.25,2385.4,2387.25,1777990020,708
2387.05,2388.65,2387.05,2387.9,1777989960,259
2387.8,2389.8,2387.8,2389.8,1777989900,5380
2390.15,2391.1,2388.5,2388.5,1777989840,845
2388.05,2388.7,2388.05,2388.05,1777989780,170
2387.8,2387.8,2383.3,2385.95,1777989720,6612
2384.75,2385.55,2384.5,2385.55,1777989660,978
2384.3,2387.2,2383.5,2387.2,1777989600,626
2386.0,2388.45,2386.0,2387.7,1777989540,2717
2388.0,2388.55,2386.6,2386.6,1777989480,4844
2386.4,2386.65,2383.9,2384.15,1777989420,4616
2384.05,2384.05,2381.95,2383.9,1777989360,5082
2384.85,2386.5,2384.85,2386.5,1777989300,2591
2386.5,2390.9,2386.25,2390.9,1777989240,4819
2391.1,2392.4,2390.8,2392.4,1777989180,863
2393.65,2394.05,2393.65,2393.8,1777989120,360
2392.35,2393.65,2390.25,2393.3,1777989060,6536
2394.25,2397.15,2394.25,2394.35,1777989000,5480
2394.45,2394.5,2393.1,2394.1,1777988940,982
2394.3,2394.3,2392.0,2392.1,1777988880,432
2392.1,2392.4,2391.7,2392.0,1777988820,3316
2389.45,2395.0,2389.45,2392.2,1777988760,10964
2391.5,2391.5,2388.7,2388.7,1777988700,2052
2388.25,2388.25,2387.4,2387.4,1777988640,1272
2386.7,2388.6,2386.2,2387.55,1777988580,462
2387.4,2389.0,2387.2,2387.2,1777988520,2287
2387.0,2387.0,2384.5,2384.5,1777988460,2163
2383.65,2385.5,2381.7,2385.5,1777988400,5689
2386.5,2388.55,2383.8,2387.65,1777988340,6360
2388.0,2389.85,2388.0,2389.2,1777988280,6594
2390.0,2390.0,2389.5,2389.5,1777988220,715
2391.05,2391.15,2390.45,2391.15,1777988160,900
2390.5,2391.15,2388.45,2391.15,1777988100,2933
2390.95,2391.65,2390.1,2391.65,1777988040,2504
2392.35,2393.3,2390.05,2390.05,1777987980,2303
2391.45,2391.45,2389.55,2390.6,1777987920,3210
2390.05,2390.1,2385.35,2387.0,1777987860,3588
2387.15,2388.65,2385.3,2388.0,1777987800,6689
2388.6,2389.55,2388.05,2389.55,1777987740,3165
2390.0,2390.0,2387.5,2388.55,1777987680,4276
2389.05,2389.5,2389.05,2389.5,1777987620,431
2389.5,2389.75,2388.95,2389.35,1777987560,2060
2387.75,2391.7,2387.45,2391.7,1777987500,5108
2391.75,2393.45,2391.75,2393.45,1777987440,925
2393.5,2393.7,2392.85,2393.4,1777987380,2724
2393.8,2397.05,2393.8,2396.35,1777987320,3180
2396.95,2398.35,2395.0,2395.45,1777987260,8168
2395.4,2395.45,2392.5,2392.7,1777987200,4039
2392.65,2392.75,2391.5,2391.5,1777987140,2440
2392.1,2392.15,2391.45,2391.85,1777987080,326
2391.7,2392.75,2391.35,2392.0,1777987020,7212
2391.7,2391.95,2390.6,2391.8,1777986960,2202
2391.3,2394.45,2391.3,2394.0,1777986900,3189
2393.95,2394.3,2393.8,2394.05,1777986840,881
2393.75,2394.85,2393.75,2394.85,1777986780,1203
2395.4,2395.4,2394.0,2394.05,1777986720,2856
2394.1,2395.35,2393.7,2395.2,1777986660,1835
2396.1,2396.1,2393.7,2393.7,1777986600,5764
2395.05,2396.85,2395.05,2396.0,1777986540,2379
2395.6,2395.85,2393.2,2394.5,1777986480,14567
2392.6,2392.6,2386.2,2391.05,1777986420,3758
2391.25,2394.0,2391.25,2392.25,1777986360,6964
2393.0,2393.0,2391.9,2391.9,1777986300,1116
2391.65,2392.45,2390.35,2390.95,1777986240,1463
2390.95,2391.15,2389.1,2390.1,1777986180,3194
2391.8,2395.0,2391.15,2394.35,1777986120,6914
2394.0,2394.45,2389.05,2389.15,1777986060,20917
2388.45,2388.45,2388.15,2388.15,1777986000,177
2387.75,2387.75,2387.5,2387.75,1777985940,86
2387.75,2388.0,2387.0,2387.0,1777985880,2636
2386.9,2386.95,2386.35,2386.5,1777985820,431
2386.9,2386.95,2386.2,2386.35,1777985760,914
2386.4,2387.9,2386.35,2387.85,1777985700,1768
2387.75,2387.75,2387.6,2387.6,1777985640,875
2387.3,2387.5,2387.0,2387.4,1777985580,2489
2387.5,2387.7,2387.1,2387.1,1777985520,165
2387.15,2389.15,2387.15,2388.95,1777985460,3650
2388.8,2388.95,2385.35,2385.45,1777985400,8860
2385.4,2385.5,2385.0,2385.1,1777985340,1099
2384.9,2385.5,2384.9,2385.5,1777985280,1160
2385.5,2385.95,2384.95,2385.95,1777985220,2470
2386.0,2387.25,2386.0,2386.5,1777985160,3242
2386.35,2388.4,2386.35,2387.65,1777985100,465
2387.6,2387.95,2387.6,2387.95,1777985040,725
2388.15,2388.15,2387.0,2387.0,1777984980,250
2387.5,2387.5,2387.5,2387.5,1777984920,210
2387.05,2388.5,2387.05,2387.7,1777984860,2732
2387.4,2388.15,2386.85,2387.05,1777984800,3809
2386.6,2386.6,2385.7,2385.7,1777984740,205
2385.85,2386.5,2385.65,2386.15,1777984680,587
2386.7,2386.75,2386.15,2386.75,1777984620,855
2386.85,2387.1,2385.7,2385.7,1777984560,887
2384.5,2386.15,2384.25,2386.05,1777984500,1938
2387.15,2388.25,2386.65,2388.0,1777984440,4591
2387.6,2387.6,2386.05,2386.05,1777984380,728
2386.65,2388.0,2386.0,2387.65,1777984320,3534
2386.9,2387.65,2385.7,2386.9,1777984260,5888
2386.35,2387.0,2386.35,2387.0,1777984200,1620
2385.05,2385.65,2385.05,2385.55,1777984140,968
2385.75,2386.65,2385.55,2385.55,1777984080,11357
2386.3,2386.3,2384.55,2384.55,1777984020,3675
2385.0,2386.0,2385.0,2385.55,1777983960,2398
2384.25,2385.75,2383.3,2383.3,1777983900,1623
2383.35,2384.1,2383.25,2384.1,1777983840,284
2384.1,2384.3,2383.7,2383.7,1777983780,387
2383.7,2384.85,2383.2,2384.85,1777983720,2254
2385.35,2385.35,2383.0,2383.0,1777983660,3798
2383.0,2383.2,2382.85,2383.0,1777983600,488
2382.9,2382.9,2381.8,2382.45,1777983540,518
2382.25,2382.35,2380.4,2380.75,1777983480,1161
2381.05,2382.1,2381.05,2382.1,1777983420,740
2381.75,2382.6,2381.75,2382.6,1777983360,2287
2382.6,2383.4,2381.7,2381.8,1777983300,9106
2381.35,2381.7,2380.85,2381.25,1777983240,976
2380.75,2380.75,2379.65,2379.65,1777983180,342
2379.3,2380.5,2379.3,2380.45,1777983120,3186
2381.4,2381.4,2378.85,2379.0,1777983060,1952
2379.05,2379.1,2377.65,2377.65,1777983000,1288
2377.9,2378.7,2377.9,2378.6,1777982940,1252
2378.8,2378.8,2377.55,2377.55,1777982880,666
2378.05,2378.75,2378.05,2378.75,1777982820,847
2378.85,2379.1,2378.85,2379.1,1777982760,1568
2376.65,2377.45,2376.65,2377.0,1777982700,1334
2377.25,2377.3,2377.2,2377.2,1777982640,9162
2377.4,2377.4,2376.6,2376.65,1777982580,2925
2376.7,2376.7,2374.6,2375.6,1777982520,1744
2376.05,2377.0,2376.05,2376.4,1777982460,1210
2376.85,2378.3,2376.85,2378.3,1777982400,1349
2378.2,2378.2,2377.65,2377.85,1777982340,1845
2378.35,2378.8,2377.7,2377.7,1777982280,3613
2377.5,2377.75,2374.0,2375.95,1777982220,2220
2375.85,2375.9,2375.35,2375.85,1777982160,4166
2375.9,2376.25,2375.9,2375.9,1777982100,8559
2375.95,2376.0,2375.6,2376.0,1777982040,1120
2375.9,2376.3,2374.85,2374.85,1777981980,1898
2374.25,2374.5,2374.1,2374.3,1777981920,541
2374.5,2374.6,2373.6,2374.2,1777981860,2776
2374.05,2377.2,2374.0,2377.15,1777981800,4394
2377.25,2377.5,2376.95,2377.5,1777981740,1918
2378.4,2379.05,2378.4,2379.05,1777981680,1749
2379.7,2380.2,2379.65,2380.2,1777981620,1573
2380.25,2380.6,2379.3,2379.3,1777981560,2228
2379.3,2379.65,2379.3,2379.65,1777981500,974
2379.65,2380.2,2379.6,2380.2,1777981440,836
2380.35,2380.85,2380.25,2380.25,1777981380,727
2380.0,2380.9,2380.0,2380.3,1777981320,1927
2379.75,2380.6,2379.6,2380.25,1777981260,5481
2380.05,2380.6,2380.0,2380.0,1777981200,2638
2379.05,2381.9,2378.95,2381.15,1777981140,3787
2381.35,2381.35,2378.15,2378.35,1777981080,7372
2378.1,2378.45,2378.0,2378.25,1777981020,1333
2378.0,2378.65,2378.0,2378.6,1777980960,1167
2378.35,2378.7,2378.3,2378.45,1777980900,306
2379.4,2379.75,2377.05,2377.1,1777980840,7142
2376.8,2377.1,2376.7,2377.1,1777980780,1687
2373.15,2377.1,2373.15,2376.6,1777980720,3471
2377.0,2377.0,2373.55,2376.15,1777980660,3416
2376.1,2377.1,2376.1,2376.8,1777980600,3175
2376.95,2377.65,2376.8,2377.5,1777980540,4231
2377.6,2377.6,2375.95,2376.35,1777980480,5136
2376.3,2376.35,2375.7,2375.75,1777980420,6571
2375.4,2375.4,2373.4,2374.65,1777980360,6879
2374.7,2375.7,2374.7,2375.2,1777980300,2998
2375.0,2375.3,2374.15,2375.25,1777980240,1411
2375.1,2375.1,2374.45,2374.45,1777980180,1165
2373.6,2373.8,2373.15,2373.8,1777980120,2157
2373.2,2373.8,2372.85,2372.85,1777980060,2186
2372.7,2373.55,2371.85,2373.5,1777980000,1230
2373.35,2373.35,2372.9,2373.05,1777979940,237
2373.55,2373.55,2372.8,2372.8,1777979880,2099
2372.85,2374.65,2371.0,2374.65,1777979820,4119
2374.85,2376.7,2374.85,2376.7,1777979760,2607
2374.95,2376.4,2374.95,2376.4,1777979700,741
2378.05,2378.1,2374.9,2375.0,1777979640,2534
2375.0,2375.05,2374.9,2375.05,1777979580,1529
2375.25,2375.8,2375.25,2375.8,1777979520,349
2376.0,2376.0,2375.45,2375.95,1777979460,525
2376.55,2376.55,2376.2,2376.2,1777979400,110
2376.4,2376.4,2374.95,2376.3,1777979340,5361
2376.0,2376.0,2375.6,2375.6,1777979280,1003
2375.7,2375.95,2375.7,2375.85,1777979220,205
2375.85,2376.75,2375.85,2376.7,1777979160,397
2376.1,2376.1,2375.4,2375.55,1777979100,809
2375.6,2375.85,2375.4,2375.45,1777979040,381
2375.5,2377.0,2375.5,2377.0,1777978980,757
2376.6,2376.6,2375.95,2375.95,1777978920,787
2375.4,2376.3,2374.8,2374.9,1777978860,2271
2374.4,2377.2,2370.15,2377.2,1777978800,2322
2376.7,2376.7,2376.35,2376.35,1777978740,110
2376.1,2376.65,2374.9,2376.15,1777978680,888
2375.75,2375.75,2373.55,2373.95,1777978620,26
2373.95,2373.95,2373.2,2373.25,1777978560,1467
2372.2,2372.2,2372.15,2372.15,1777978500,142
2371.85,2373.05,2371.85,2373.05,1777978440,807
2373.1,2374.9,2372.1,2374.9,1777978380,2331
2375.05,2375.25,2375.0,2375.25,1777978320,827
2373.85,2376.0,2373.85,2376.0,1777978260,1776
2376.2,2376.65,2376.2,2376.65,1777978200,269
2376.75,2377.25,2376.75,2377.25,1777978140,1000
2377.0,2377.05,2376.25,2376.4,1777978080,459
2376.15,2376.4,2375.35,2375.9,1777978020,3738
2375.75,2376.5,2375.75,2376.2,1777977960,1971
2375.2,2375.7,2375.05,2375.15,1777977900,941
2375.5,2375.5,2375.0,2375.0,1777977840,788
2375.0,2376.05,2374.9,2375.6,1777977780,5883
2376.35,2376.6,2376.35,2376.6,1777977720,404
2377.25,2377.25,2376.4,2376.4,1777977660,753
2376.4,2377.3,2376.4,2377.25,1777977600,1825
2376.9,2377.4,2376.2,2376.25,1777977540,7054
2375.5,2376.6,2371.25,2376.15,1777977480,11923
2375.8,2376.35,2375.55,2376.35,1777977420,1047
2377.05,2378.1,2377.05,2378.0,1777977360,3186
2378.0,2378.05,2376.25,2376.55,1777977300,8072
2376.1,2376.5,2373.35,2373.35,1777977240,5169
2372.9,2372.9,2372.15,2372.55,1777977180,1843
2372.6,2373.8,2372.6,2373.8,1777977120,1093
2373.8,2373.8,2373.25,2373.8,1777977060,2270
2374.4,2374.45,2373.05,2373.05,1777977000,1884
2373.0,2373.15,2373.0,2373.15,1777976940,928
2373.8,2374.4,2372.3,2372.4,1777976880,3306
2372.55,2372.55,2372.3,2372.3,1777976820,2236
2373.15,2373.45,2372.85,2373.15,1777976760,1671
2373.3,2373.3,2370.3,2370.7,1777976700,7119
2371.15,2371.2,2371.05,2371.05,1777976640,416
2371.2,2371.2,2371.05,2371.1,1777976580,16
2371.1,2371.1,2370.4,2370.4,1777976520,583
2370.85,2370.95,2370.85,2370.95,1777976460,1505
2371.6,2371.6,2371.05,2371.05,1777976400,939
2370.0,2370.0,2370.0,2370.0,1777976340,5
2369.85,2369.85,2369.15,2369.2,1777976280,1354
2368.85,2370.25,2368.85,2370.25,1777976220,606
2370.15,2370.15,2369.4,2369.45,1777976160,826
2369.45,2369.55,2369.1,2369.1,1777976100,4599
2368.8,2369.65,2368.8,2369.65,1777976040,655
2369.75,2369.75,2368.85,2368.85,1777975980,1031
2368.95,2369.35,2368.95,2369.3,1777975920,3072
2369.8,2370.25,2369.5,2369.9,1777975860,546
2370.65,2370.65,2369.1,2370.2,1777975800,4577
2369.9,2370.35,2369.25,2369.7,1777975740,2094
2369.65,2370.15,2369.25,2369.8,1777975680,1400
2370.05,2370.95,2370.05,2370.3,1777975620,2545
2369.85,2369.85,2369.3,2369.55,1777975560,2979
2369.75,2370.55,2367.9,2368.6,1777975500,8272
2368.6,2368.6,2367.6,2368.0,1777975440,834
2367.65,2367.65,2366.75,2366.8,1777975380,924
2366.4,2366.65,2365.95,2366.1,1777975320,1585
2366.85,2367.65,2366.8,2367.25,1777975260,1926
2367.65,2367.65,2367.65,2367.65,1777975200,111
2368.5,2368.5,2367.7,2367.7,1777975140,351
2367.6,2367.6,2367.2,2367.2,1777975080,116
2367.9,2368.15,2367.9,2368.05,1777975020,473
2367.75,2367.8,2367.75,2367.8,1777974960,335
2368.85,2368.85,2368.4,2368.55,1777974900,758
2368.45,2368.6,2367.8,2367.85,1777974840,684
2367.75,2367.75,2367.1,2367.1,1777974780,6397
2367.1,2367.1,2363.0,2367.05,1777974720,3555
2367.25,2367.6,2366.15,2367.35,1777974660,2634
2368.65,2368.65,2367.65,2368.2,1777974600,2539
2368.8,2368.85,2368.8,2368.85,1777974540,569
2369.25,2369.75,2369.25,2369.75,1777974480,261
2369.6,2369.95,2368.95,2369.4,1777974420,3385
2369.35,2369.35,2368.8,2368.8,1777974360,1819
2369.6,2369.7,2368.45,2368.45,1777974300,4307
2368.05,2368.05,2367.6,2367.6,1777974240,1208
2367.7,2368.1,2365.25,2368.05,1777974180,3486
2368.2,2368.55,2364.45,2368.55,1777974120,1049
2368.7,2368.85,2367.6,2367.65,1777974060,1718
2367.35,2368.35,2367.3,2367.7,1777974000,991
2367.7,2368.35,2367.5,2368.0,1777973940,2090
2366.15,2366.65,2365.6,2365.7,1777973880,3519
2367.8,2368.05,2365.0,2368.05,1777973820,1112
2368.8,2369.6,2368.8,2369.6,1777973760,813
2368.55,2368.95,2368.55,2368.8,1777973700,2501
2368.8,2369.75,2368.8,2369.7,1777973640,1732
2370.3,2370.3,2370.3,2370.3,1777973580,100
2370.85,2372.9,2370.85,2372.6,1777973520,3112
2371.7,2372.25,2371.7,2372.25,1777973460,431
2371.6,2371.6,2370.35,2370.35,1777973400,1867
2370.25,2370.7,2370.25,2370.7,1777973340,377
2370.0,2370.0,2369.55,2369.55,1777973280,646
2369.1,2369.9,2368.95,2369.9,1777973220,1288
2369.1,2369.1,2369.05,2369.05,1777973160,411
2369.45,2369.45,2367.9,2368.05,1777973100,877
2368.2,2368.25,2366.9,2366.9,1777973040,919
2366.25,2366.4,2365.6,2366.2,1777972980,425
2367.4,2367.45,2363.3,2366.65,1777972920,2214
2367.1,2368.25,2365.25,2368.25,1777972860,3465
2368.4,2369.15,2368.25,2368.6,1777972800,4881
2368.25,2369.35,2368.25,2368.45,1777972740,885
2368.6,2369.55,2368.2,2369.55,1777972680,1217
2368.3,2368.3,2368.25,2368.25,1777972620,115
2369.35,2369.5,2369.3,2369.45,1777972560,1751
2369.5,2369.5,2365.3,2367.35,1777972500,5087
2367.6,2368.95,2367.15,2368.95,1777972440,5739
2369.3,2371.0,2366.5,2370.95,1777972380,7908
2371.0,2371.0,2370.05,2370.6,1777972320,1814
2371.05,2371.45,2370.75,2371.45,1777972260,616
2371.65,2371.7,2371.3,2371.7,1777972200,894
2371.45,2371.55,2370.45,2370.85,1777972140,1597
2370.5,2371.25,2370.5,2370.55,1777972080,394
2370.6,2371.3,2370.6,2371.2,1777972020,1165
2371.6,2371.8,2371.0,2371.3,1777971960,1952
2371.45,2371.95,2371.15,2371.95,1777971900,847
2372.15,2372.45,2372.15,2372.2,1777971840,1183
2371.8,2371.85,2370.0,2371.1,1777971780,5548
2371.25,2371.6,2371.25,2371.6,1777971720,2962
2372.05,2373.05,2371.7,2373.05,1777971660,704
2372.95,2375.6,2372.9,2375.6,1777971600,1419
2375.1,2375.1,2375.1,2375.1,1777971540,1
2374.95,2374.95,2374.4,2374.5,1777971480,70
2374.3,2375.55,2374.3,2375.25,1777971420,2235
2375.25,2375.3,2374.45,2374.45,1777971360,4035
2374.45,2374.6,2373.5,2374.6,1777971300,1486
2375.1,2376.35,2375.1,2376.35,1777971240,577
2375.95,2376.15,2375.9,2376.15,1777971180,600
2375.85,2376.25,2375.85,2376.05,1777971120,1619
2375.6,2375.8,2374.45,2374.45,1777971060,1735
2374.4,2375.55,2374.4,2374.85,1777971000,2760
2374.7,2374.7,2372.9,2374.35,1777970940,2937
2373.75,2374.45,2373.75,2374.25,1777970880,479
2374.25,2374.3,2374.05,2374.3,1777970820,564
2374.2,2374.2,2373.8,2373.95,1777970760,830
2373.45,2373.65,2372.85,2372.85,1777970700,3629
2372.85,2372.85,2371.95,2371.95,1777970640,850
2372.15,2372.8,2371.45,2372.8,1777970580,4301
2373.6,2373.95,2373.55,2373.65,1777970520,1098
2373.35,2373.35,2372.15,2372.2,1777970460,1489
2371.85,2374.95,2371.7,2374.85,1777970400,6277
2374.25,2375.8,2374.25,2375.8,1777970340,4766
2375.8,2376.3,2375.8,2376.3,1777970280,1112
2376.45,2377.3,2376.45,2377.3,1777970220,1152
2377.3,2378.1,2377.3,2377.95,1777970160,976
2377.45,2377.95,2377.45,2377.75,1777970100,2046
2377.85,2377.85,2376.25,2376.4,1777970040,1543
2376.1,2377.9,2376.1,2377.9,1777969980,614
2378.3,2378.75,2378.2,2378.2,1777969920,41
2378.45,2378.45,2378.4,2378.4,1777969860,605
2378.3,2378.3,2377.0,2377.05,1777969800,1470
2376.95,2377.25,2375.45,2377.25,1777969740,4365
2378.3,2378.65,2377.6,2378.65,1777969680,1521
2378.35,2380.8,2378.0,2380.8,1777969620,4060
2380.85,2380.85,2380.4,2380.65,1777969560,2489
2380.6,2380.6,2379.65,2380.1,1777969500,2326
2380.3,2380.3,2379.8,2379.8,1777969440,220
2379.9,2380.05,2379.85,2380.05,1777969380,25
2380.25,2380.95,2379.25,2379.25,1777969320,138
2378.6,2378.85,2378.3,2378.3,1777969260,109
2378.65,2379.15,2378.65,2379.15,1777969200,484
2379.05,2379.2,2378.9,2379.2,1777969140,3141
2377.85,2378.2,2376.9,2377.85,1777969080,2232
2379.55,2380.1,2379.55,2380.05,1777969020,5567
2380.65,2382.15,2380.65,2382.15,1777968960,3619
2381.5,2383.2,2381.5,2383.2,1777968900,903
2383.15,2383.2,2382.95,2383.0,1777968840,2826
2382.95,2383.0,2381.25,2381.25,1777968780,270
2380.95,2380.95,2380.85,2380.85,1777968720,400
2381.05,2381.1,2381.05,2381.1,1777968660,46
2380.7,2381.2,2380.7,2381.2,1777968600,966
2380.55,2380.9,2380.3,2380.3,1777968540,1617
2380.3,2380.3,2380.2,2380.2,1777968480,15
2379.4,2379.4,2379.4,2379.4,1777968420,5
2380.25,2380.45,2380.25,2380.45,1777968360,608
2380.45,2380.45,2379.45,2379.45,1777968300,441
2379.9,2380.05,2379.15,2379.15,1777968240,435
2379.0,2379.85,2379.0,2379.8,1777968180,434
2379.8,2379.8,2379.65,2379.65,1777968120,101
2379.35,2379.7,2379.35,2379.45,1777968060,603
2379.25,2379.25,2378.0,2379.0,1777968000,5183
2379.5,2379.5,2378.45,2378.75,1777967940,500
2379.2,2379.2,2379.15,2379.15,1777967880,151
2379.2,2379.95,2378.2,2378.65,1777967820,2138
2378.75,2379.35,2378.75,2379.35,1777967760,763
2380.0,2380.0,2379.7,2379.7,1777967700,62
2379.45,2381.15,2379.45,2381.15,1777967640,694
2380.6,2382.2,2380.6,2381.95,1777967580,506
2381.3,2381.35,2381.1,2381.35,1777967520,1875
2381.2,2381.2,2380.95,2381.2,1777967460,718
2381.55,2381.75,2381.1,2381.45,1777967400,381
2381.95,2382.75,2381.05,2381.75,1777967340,2819
2381.9,2381.9,2381.6,2381.6,1777967280,1810
2380.45,2380.45,2379.0,2379.9,1777967220,1154
2379.75,2383.05,2379.35,2383.05,1777967160,6398
2383.2,2385.25,2383.2,2385.15,1777967100,2283
2384.45,2385.0,2384.35,2385.0,1777967040,775
2385.55,2385.55,2385.15,2385.55,1777966980,1962
2386.05,2387.1,2386.05,2387.1,1777966920,243
2386.4,2386.4,2385.55,2385.95,1777966860,1836
2386.35,2386.7,2386.25,2386.4,1777966800,1227
2387.3,2387.3,2387.05,2387.25,1777966740,815
2385.55,2386.65,2385.55,2386.35,1777966680,238
2385.8,2386.35,2384.85,2386.35,1777966620,1324
2387.5,2387.5,2385.65,2385.65,1777966560,1687
2384.25,2385.8,2383.1,2385.45,1777966500,5871
2384.9,2384.9,2383.8,2383.95,1777966440,6242
2384.4,2384.7,2384.05,2384.4,1777966380,2699
2381.3,2381.6,2381.3,2381.6,1777966320,305
2381.45,2382.0,2381.45,2382.0,1777966260,763
2381.85,2381.85,2381.7,2381.8,1777966200,655
2381.85,2382.3,2381.85,2382.3,1777966140,308
2382.0,2382.9,2382.0,2382.75,1777966080,1359
2383.0,2384.0,2383.0,2384.0,1777966020,120
2382.65,2382.7,2382.3,2382.6,1777965960,1763
2382.5,2382.5,2381.4,2381.4,1777965900,1247
2382.05,2383.55,2382.05,2383.55,1777965840,176
2383.75,2384.1,2382.55,2382.6,1777965780,5980
2382.2,2382.2,2381.7,2381.8,1777965720,1101
2380.95,2380.95,2380.85,2380.95,1777965660,825
2380.0,2380.0,2379.9,2379.95,1777965600,5283
2378.75,2379.25,2378.75,2379.25,1777965540,572
2379.05,2379.8,2379.05,2379.8,1777965480,262
2379.5,2380.0,2379.5,2379.95,1777965420,810
2380.25,2380.75,2380.25,2380.7,1777965360,152
2379.65,2380.65,2379.5,2380.65,1777965300,725
2380.05,2380.6,2379.95,2380.6,1777965240,214
2381.5,2382.35,2379.1,2379.1,1777965180,8051
2378.4,2379.2,2377.5,2377.5,1777965120,1264
2377.75,2378.3,2377.05,2377.05,1777965060,5468
2376.85,2376.85,2375.2,2375.2,1777965000,517
2375.0,2376.05,2375.0,2375.9,1777964940,700
2376.0,2377.8,2375.9,2377.15,1777964880,957
2376.9,2377.05,2376.9,2377.05,1777964820,342
2376.8,2376.85,2376.65,2376.85,1777964760,713
2375.65,2376.2,2375.35,2376.2,1777964700,4893
2376.85,2377.05,2376.75,2377.05,1777964640,460
2376.05,2376.05,2375.7,2375.7,1777964580,1137
2376.4,2376.4,2375.05,2375.05,1777964520,2324
2375.05,2376.45,2375.05,2376.45,1777964460,2146
2376.95,2377.8,2376.1,2377.75,1777964400,3546
2378.0,2378.0,2377.4,2377.4,1777964340,1034
2377.4,2377.4,2375.95,2375.95,1777964280,1288
2375.75,2375.75,2374.75,2374.75,1777964220,3494
2374.65,2374.75,2374.65,2374.75,1777964160,1882
2374.6,2375.25,2374.3,2375.25,1777964100,1891
2375.25,2375.25,2375.05,2375.1,1777964040,411
2375.8,2375.8,2375.55,2375.55,1777963980,1400
2376.1,2376.85,2376.1,2376.25,1777963920,1541
2375.4,2375.4,2375.0,2375.0,1777963860,211
2375.1,2375.1,2375.1,2375.1,1777963800,10
2375.7,2375.9,2375.7,2375.75,1777963740,3353
2375.5,2375.8,2374.5,2374.5,1777963680,5212
2374.6,2374.7,2374.1,2374.1,1777963620,6002
2373.75,2374.55,2373.15,2374.55,1777963560,3620
2374.25,2374.25,2373.15,2373.15,1777963500,1001
2373.95,2373.95,2373.5,2373.55,1777963440,2655
2373.75,2374.1,2372.7,2372.7,1777963380,719
2371.7,2371.7,2371.5,2371.5,1777963320,1100
2371.7,2372.1,2371.2,2371.2,1777963260,1976
2371.1,2372.3,2371.05,2372.3,1777963200,614
2372.1,2372.1,2372.1,2372.1,1777963140,0
2372.1,2372.45,2372.1,2372.45,1777963080,761
2372.45,2372.9,2372.2,2372.9,1777963020,1157
2374.05,2374.3,2373.9,2374.3,1777962960,1567
2373.75,2374.35,2373.7,2374.35,1777962900,340
2373.8,2374.35,2373.35,2373.45,1777962840,6761
2373.15,2373.6,2370.9,2373.1,1777962780,1600
2372.2,2373.95,2370.95,2371.0,1777962720,5340
2370.85,2371.75,2369.65,2370.75,1777962660,6149
2370.9,2370.9,2370.25,2370.25,1777962600,502
2369.85,2370.0,2369.85,2369.85,1777962540,379
2368.0,2372.65,2368.0,2370.6,1777962480,7530
2370.85,2370.85,2368.95,2370.0,1777962420,5766
2370.3,2370.55,2370.3,2370.4,1777962360,204
2371.05,2371.1,2370.0,2370.0,1777962300,2835
2369.2,2370.35,2369.1,2370.35,1777962240,1042
2370.55,2370.55,2369.95,2369.95,1777962180,1020
2367.3,2371.6,2364.25,2371.5,1777962120,12376
2371.5,2372.6,2371.25,2372.2,1777962060,1765
2372.55,2373.3,2372.55,2373.3,1777962000,2870
2373.65,2373.8,2373.4,2373.6,1777961940,515
2374.4,2374.55,2373.85,2373.95,1777961880,3429
2373.95,2373.95,2373.2,2373.55,1777961820,4728
2374.4,2376.65,2374.4,2376.65,1777961760,1980
2376.85,2377.3,2376.8,2376.8,1777961700,161
2376.6,2377.95,2376.45,2376.45,1777961640,5646
2376.3,2376.8,2376.25,2376.75,1777961580,1310
2376.35,2376.4,2376.25,2376.4,1777961520,202
2376.65,2376.65,2375.9,2375.9,1777961460,1247
2372.1,2376.35,2372.1,2375.6,1777961400,5307
2376.6,2376.6,2376.35,2376.35,1777961340,511
2376.65,2376.95,2376.65,2376.7,1777961280,4321
2376.8,2377.3,2376.0,2377.25,1777961220,819
2376.35,2376.6,2375.6,2375.6,1777961160,934
2376.0,2376.8,2376.0,2376.8,1777961100,983
2377.25,2378.8,2373.35,2378.8,1777961040,3367
2378.75,2378.85,2378.7,2378.7,1777960980,212
2378.35,2378.35,2377.65,2378.25,1777960920,506
2378.15,2380.3,2378.15,2378.85,1777960860,2020
2379.05,2379.1,2379.05,2379.1,1777960800,1050
2379.1,2379.1,2378.35,2378.9,1777960740,1465
2378.2,2378.25,2378.2,2378.25,1777960680,33
2378.5,2378.9,2378.5,2378.9,1777960620,511
2379.05,2379.15,2378.5,2379.0,1777960560,952
2379.15,2379.15,2379.15,2379.15,1777960500,187
2380.25,2380.25,2379.85,2379.95,1777960440,1587
2379.1,2379.45,2378.85,2379.45,1777960380,667
2378.65,2379.45,2378.1,2379.35,1777960320,1222
2379.3,2379.95,2379.3,2379.95,1777960260,336
2379.15,2379.15,2377.4,2377.4,1777960200,1311
2376.9,2377.5,2376.85,2377.5,1777960140,2157
2377.05,2377.65,2376.0,2377.0,1777960080,6496
2376.4,2379.05,2375.3,2377.2,1777960020,9188
2377.2,2378.2,2377.2,2378.2,1777959960,4352
2379.05,2380.95,2378.6,2380.95,1777959900,1080
2380.85,2383.1,2379.85,2383.1,1777959840,3376
2383.75,2384.35,2383.75,2384.35,1777959780,1003
2385.1,2386.65,2384.2,2386.65,1777959720,2227
2386.65,2386.65,2384.9,2385.5,1777959660,1141
2386.05,2386.05,2386.05,2386.05,1777959600,4
2385.6,2389.7,2385.45,2385.45,1777959540,3253
2384.65,2385.15,2383.85,2384.25,1777959480,2122
2383.65,2383.75,2381.25,2383.75,1777959420,1492
2384.45,2386.5,2384.45,2385.35,1777959360,4828
2384.9,2385.7,2384.9,2385.7,1777959300,1683
2383.65,2383.65,2383.4,2383.65,1777959240,253
2383.9,2383.9,2382.65,2382.65,1777959180,809
2382.35,2382.85,2382.0,2382.65,1777959120,784
2382.9,2382.95,2382.7,2382.7,1777959060,281
2382.5,2383.65,2382.3,2383.55,1777959000,653
2383.65,2383.85,2383.1,2383.1,1777958940,215
2361.75,2361.75,2361.1,2361.75,1777945740,452
2361.9,2363.1,2361.9,2362.5,1777945680,1932
2362.85,2362.85,2360.65,2360.65,1777945620,1782
2360.75,2360.75,2360.75,2360.75,1777945560,0
2360.75,2360.95,2360.75,2360.95,1777945500,994
2360.75,2361.95,2360.75,2361.8,1777945440,1292
2360.75,2360.75,2360.75,2360.75,1777945380,38
2360.85,2360.85,2360.55,2360.55,1777945320,505
2360.3,2360.55,2359.85,2360.55,1777945260,589
2360.3,2360.3,2360.3,2360.3,1777945200,169
2359.75,2360.6,2359.75,2360.6,1777945140,553
2360.35,2361.0,2360.15,2361.0,1777945080,69
2360.85,2362.95,2360.85,2361.4,1777945020,1799
2360.65,2361.25,2360.2,2360.2,1777944960,612
2358.25,2358.25,2356.35,2356.35,1777944900,16
2356.25,2356.95,2356.25,2356.95,1777944840,491
2356.65,2356.7,2355.4,2355.4,1777944780,1933
2356.0,2356.5,2356.0,2356.45,1777944720,29
2358.7,2358.75,2358.7,2358.75,1777944660,1498
2359.15,2359.85,2358.65,2359.85,1777944600,972
2360.05,2360.05,2359.7,2359.7,1777944540,145
2360.15,2360.15,2360.15,2360.15,1777944480,923
2359.75,2359.95,2359.75,2359.95,1777944420,664
2360.05,2360.05,2359.7,2359.7,1777944360,1188
2359.55,2360.05,2359.45,2360.05,1777944300,630
2360.75,2360.75,2360.65,2360.7,1777944240,1713
2358.25,2358.25,2358.25,2358.25,1777944180,211
2359.35,2359.35,2359.35,2359.35,1777944120,56
2358.55,2358.55,2358.25,2358.4,1777944060,601
2358.9,2358.9,2358.9,2358.9,1777944000,0
2358.9,2358.9,2358.9,2358.9,1777943940,147
2358.85,2358.85,2358.3,2358.3,1777943880,1315
2358.85,2358.85,2358.85,2358.85,1777943820,11
2359.3,2359.3,2359.3,2359.3,1777943760,0
2359.3,2359.3,2359.3,2359.3,1777943700,10
2359.65,2359.65,2359.65,2359.65,1777943640,0
2359.65,2359.65,2359.65,2359.65,1777943580,100
2358.35,2358.35,2358.35,2358.35,1777943520,9
2359.35,2359.6,2359.35,2359.35,1777943460,807
2359.5,2359.5,2358.3,2358.3,1777943400,1695
2358.75,2358.75,2358.75,2358.75,1777943340,10
2358.7,2358.7,2358.6,2358.6,1777943280,29
2357.5,2357.5,2357.5,2357.5,1777943220,0
2357.5,2357.5,2357.5,2357.5,1777943160,481
2356.8,2356.8,2356.8,2356.8,1777943100,100
2355.5,2355.5,2354.85,2354.85,1777943040,337
2355.25,2355.35,2355.25,2355.35,1777942980,1614
2354.1,2354.85,2354.1,2354.85,1777942920,91
2355.4,2355.4,2355.4,2355.4,1777942860,89
2356.75,2356.75,2356.75,2356.75,1777942800,0
2356.75,2356.75,2356.75,2356.75,1777942740,0
2356.75,2357.25,2356.75,2357.25,1777942680,139
2356.2,2356.2,2356.2,2356.2,1777942620,0
2356.2,2356.2,2356.2,2356.2,1777942560,200
2357.7,2357.7,2357.7,2357.7,1777942500,2
2357.7,2357.7,2357.7,2357.7,1777942440,300
2356.75,2357.8,2356.75,2357.0,1777942380,466
2355.95,2355.95,2355.95,2355.95,1777942320,0
2355.95,2356.1,2355.95,2356.1,1777942260,11
2355.45,2355.5,2353.5,2353.5,1777942200,727
2353.4,2353.8,2353.4,2353.8,1777942140,284
2355.9,2355.9,2355.35,2355.35,1777942080,338
2355.3,2355.3,2354.3,2354.3,1777942020,988
2354.65,2354.65,2354.65,2354.65,1777941960,527
2352.8,2352.8,2352.8,2352.8,1777941900,0
2352.8,2352.8,2352.65,2352.7,1777941840,3040
2351.25,2351.25,2351.25,2351.25,1777941780,0
2351.25,2351.3,2351.25,2351.3,1777941720,102
2352.25,2352.25,2351.9,2351.9,1777941660,161
2352.95,2352.95,2352.95,2352.95,1777941600,4
2352.3,2352.3,2352.3,2352.3,1777941540,0
2352.3,2352.3,2352.3,2352.3,1777941480,0
2352.3,2352.3,2352.3,2352.3,1777941420,100
2353.3,2353.6,2352.8,2353.6,1777941360,3001
2354.55,2354.55,2354.55,2354.55,1777941300,0
2354.55,2354.55,2354.55,2354.55,1777941240,20
2354.1,2354.2,2352.45,2352.45,1777941180,4481
2351.65,2351.65,2351.0,2351.0,1777941120,52
2351.1,2351.1,2350.6,2350.6,1777941060,1498
2347.75,2347.75,2347.75,2347.75,1777941000,0
2347.75,2347.75,2347.75,2347.75,1777940940,0
2347.75,2347.75,2347.75,2347.75,1777940880,200
2346.7,2346.7,2346.7,2346.7,1777940820,10
2348.45,2348.45,2348.4,2348.4,1777940760,101
2348.3,2348.3,2348.0,2348.0,1777940700,200
2348.75,2348.75,2348.75,2348.75,1777940640,0
2348.75,2348.75,2348.75,2348.75,1777940580,0
2348.75,2348.75,2348.75,2348.75,1777940520,0
2348.75,2348.75,2348.75,2348.75,1777940460,1300
2349.65,2349.65,2349.65,2349.65,1777940400,20
2348.3,2348.3,2348.05,2348.05,1777940220,63
2348.45,2348.45,2348.45,2348.45,1777940160,2
2349.1,2349.1,2348.6,2348.6,1777940100,120
2350.15,2350.15,2350.15,2350.15,1777940040,0
2350.15,2350.15,2350.15,2350.15,1777939980,0
2350.15,2350.15,2350.15,2350.15,1777939920,10
2351.0,2351.0,2351.0,2351.0,1777939860,10
2348.7,2348.7,2348.7,2348.7,1777939800,0
2348.7,2348.7,2348.7,2348.7,1777939740,10
2349.5,2349.5,2349.5,2349.5,1777939680,0
2349.5,2349.5,2349.45,2349.45,1777939620,256
2349.45,2350.25,2349.45,2350.25,1777939560,120
2349.85,2349.85,2349.85,2349.85,1777939500,8
2349.95,2349.95,2349.95,2349.95,1777939440,1
2344.95,2344.95,2344.95,2344.95,1777939380,0
2344.95,2344.95,2344.95,2344.95,1777939320,0
2344.95,2344.95,2344.95,2344.95,1777939260,5
2346.2,2346.2,2346.2,2346.2,1777939200,84
2346.0,2346.0,2346.0,2346.0,1777939140,0
2346.0,2346.0,2346.0,2346.0,1777939080,0
2346.0,2346.0,2346.0,2346.0,1777939020,0
2346.0,2346.0,2346.0,2346.0,1777938960,0
2346.0,2346.0,2346.0,2346.0,1777938900,0
2346.0,2346.0,2346.0,2346.0,1777938840,0
2346.0,2346.0,2346.0,2346.0,1777938780,0
2346.0,2346.0,2346.0,2346.0,1777938720,0
2346.0,2346.0,2346.0,2346.0,1777938660,0
2346.0,2346.0,2345.15,2345.15,1777938600,515
2344.8,2344.85,2344.8,2344.85,1777938540,438
2345.15,2345.15,2345.15,2345.15,1777938480,0
2345.15,2345.15,2345.15,2345.15,1777938420,97
2343.05,2343.05,2343.05,2343.05,1777938360,0
2343.05,2344.05,2343.05,2344.05,1777938300,542
2343.8,2343.8,2343.8,2343.8,1777938240,100
2343.8,2343.8,2343.8,2343.8,1777938180,1
2344.1,2344.1,2344.1,2344.1,1777938120,21
2345.6,2345.6,2345.6,2345.6,1777938060,30
2343.9,2343.9,2343.9,2343.9,1777938000,0
2343.9,2343.9,2343.9,2343.9,1777937940,0
2343.9,2343.9,2343.9,2343.9,1777937880,0
2343.9,2344.3,2343.9,2344.3,1777937820,2946
2344.0,2345.7,2344.0,2345.65,1777937760,5569
2346.45,2346.45,2346.45,2346.45,1777937700,901
2348.3,2348.3,2348.3,2348.3,1777937640,50
2348.1,2348.1,2348.1,2348.1,1777937580,1
2350.2,2350.2,2350.2,2350.2,1777937520,0
2350.2,2350.2,2350.2,2350.2,1777937460,595
2351.65,2351.65,2351.65,2351.65,1777937400,0
2351.65,2351.65,2351.65,2351.65,1777937340,0
2351.65,2351.65,2351.65,2351.65,1777937280,1
2349.5,2349.5,2349.5,2349.5,1777937220,0
2349.5,2349.5,2349.5,2349.5,1777937160,0
2349.5,2349.5,2349.5,2349.5,1777937100,0
2349.5,2349.5,2349.5,2349.5,1777937040,0
2349.5,2349.5,2349.5,2349.5,1777936980,0
2349.5,2349.5,2349.5,2349.5,1777936920,0
2349.5,2349.5,2349.5,2349.5,1777936860,0
2349.5,2349.5,2349.5,2349.5,1777936800,285
2349.4,2349.4,2349.4,2349.4,1777936620,100
2348.9,2348.9,2348.9,2348.9,1777936560,50
2349.8,2349.8,2349.75,2349.75,1777936500,89
2349.1,2349.1,2349.1,2349.1,1777936440,0
2349.1,2349.1,2349.1,2349.1,1777936380,0
2349.1,2349.1,2349.1,2349.1,1777936320,35
2347.75,2347.95,2347.75,2347.95,1777936260,500
2349.0,2349.0,2349.0,2349.0,1777936200,350
2348.5,2348.65,2348.5,2348.65,1777936140,443
2348.8,2348.8,2348.8,2348.8,1777936080,0
2348.8,2348.8,2348.8,2348.8,1777936020,0
2348.8,2348.8,2348.8,2348.8,1777935960,50
2350.0,2350.0,2350.0,2350.0,1777935900,100
2350.4,2350.4,2350.4,2350.4,1777935840,50
2349.4,2349.4,2349.4,2349.4,1777935780,0
2349.4,2349.55,2349.4,2349.55,1777935720,326
2352.5,2352.5,2352.5,2352.5,1777935660,0
2352.5,2352.5,2352.5,2352.5,1777935600,901
2353.3,2353.35,2353.3,2353.35,1777935540,261
2353.9,2353.9,2352.8,2353.4,1777935480,717
2353.2,2353.2,2353.2,2353.2,1777935420,0
2353.2,2353.2,2353.2,2353.2,1777935360,42
2354.65,2354.65,2354.65,2354.65,1777935300,0
2354.65,2354.65,2354.65,2354.65,1777935240,0
2354.65,2354.65,2354.65,2354.65,1777935180,0
2354.65,2355.15,2354.65,2355.15,1777935120,424
2356.5,2356.5,2356.5,2356.5,1777935060,2
2354.5,2354.5,2354.5,2354.5,1777935000,0
2354.5,2354.5,2354.5,2354.5,1777934940,0
2354.5,2354.5,2354.5,2354.5,1777934880,0
2354.5,2354.5,2354.5,2354.5,1777934820,0
2354.5,2354.5,2354.5,2354.5,1777934760,0
2354.5,2354.5,2353.85,2353.85,1777934700,134
2353.7,2354.8,2353.7,2354.8,1777934640,1170
2354.55,2355.3,2354.55,2355.3,1777934580,489
2355.0,2355.0,2355.0,2355.0,1777934520,0
2355.0,2355.0,2355.0,2355.0,1777934460,0
2355.0,2355.0,2355.0,2355.0,1777934400,57
2355.6,2355.6,2355.6,2355.6,1777934340,0
2355.6,2355.6,2355.35,2355.35,1777934280,689
2355.6,2355.6,2355.6,2355.6,1777934220,10
2357.75,2357.75,2357.75,2357.75,1777934160,0
2357.75,2357.75,2357.75,2357.75,1777934100,0
2357.75,2357.75,2357.75,2357.75,1777934040,679
2358.25,2358.25,2358.25,2358.25,1777933980,0
2358.25,2358.25,2358.25,2358.25,1777933920,9
2358.75,2358.75,2358.75,2358.75,1777933860,223
2357.35,2357.35,2357.35,2357.35,1777933800,50
2359.95,2359.95,2359.95,2359.95,1777933740,0
2359.95,2359.95,2359.95,2359.95,1777933680,11
2359.0,2359.0,2359.0,2359.0,1777933620,820
2357.8,2357.8,2357.8,2357.8,1777933560,0
2357.8,2357.8,2357.8,2357.8,1777933500,0
2357.8,2357.8,2357.8,2357.8,1777933440,0
2357.8,2357.8,2357.8,2357.8,1777933380,423
2359.55,2359.55,2359.55,2359.55,1777933320,0
2359.55,2359.55,2359.55,2359.55,1777933260,0
2359.55,2359.55,2359.55,2359.55,1777933200,0
2359.55,2359.55,2359.55,2359.55,1777933140,0
2359.55,2359.55,2359.55,2359.55,1777933080,300
2362.5,2362.5,2362.5,2362.5,1777932720,50
2362.2,2362.95,2362.2,2362.95,1777932660,16
2362.95,2362.95,2361.0,2361.0,1777932600,115
2362.25,2362.25,2361.6,2361.6,1777932540,16
2361.45,2361.45,2361.45,2361.45,1777932480,0
2361.45,2361.45,2361.45,2361.45,1777932420,0
2361.45,2361.45,2361.45,2361.45,1777932360,0
2361.45,2361.45,2361.45,2361.45,1777932300,0
2361.45,2361.45,2361.45,2361.45,1777932240,0
2361.45,2361.45,2361.45,2361.45,1777932180,50
2364.85,2364.85,2364.85,2364.85,1777932120,0
2364.85,2364.85,2364.85,2364.85,1777932060,200
2363.45,2364.25,2359.3,2359.3,1777932000,2517
2359.85,2359.85,2359.85,2359.85,1777931940,0
2359.85,2359.85,2359.85,2359.85,1777931880,0
2359.85,2360.0,2359.85,2360.0,1777931820,243
2360.3,2361.2,2360.3,2361.2,1777931760,200
2361.35,2361.35,2361.3,2361.3,1777931700,200
2361.75,2361.75,2361.75,2361.75,1777931640,100
2360.6,2361.1,2360.6,2361.1,1777931580,433
2363.25,2363.25,2363.25,2363.25,1777931520,0
2363.25,2363.25,2362.85,2362.85,1777931460,1449
2362.55,2362.55,2361.9,2361.9,1777931400,2394
2361.45,2361.45,2361.45,2361.45,1777931340,100
2361.45,2361.95,2361.45,2361.5,1777931280,1576
2359.55,2359.55,2359.55,2359.55,1777931220,0
2359.55,2359.55,2359.55,2359.55,1777931160,0
2359.55,2359.55,2359.5,2359.5,1777931100,104
2359.6,2359.6,2359.6,2359.6,1777931040,35
2359.8,2359.8,2359.8,2359.8,1777930980,0
2359.8,2359.8,2359.8,2359.8,1777930920,0
2359.8,2359.8,2359.8,2359.8,1777930860,0
2359.8,2359.8,2359.8,2359.8,1777930800,0
2359.8,2359.8,2359.8,2359.8,1777930740,741
2360.0,2360.0,2360.0,2360.0,1777930680,0
2360.0,2360.0,2360.0,2360.0,1777930620,111
2361.25,2361.25,2361.25,2361.25,1777930560,0
2361.25,2361.25,2361.1,2361.1,1777930500,429
2360.95,2360.95,2360.5,2360.5,1777930440,56
2359.85,2359.85,2359.85,2359.85,1777930380,0
2359.85,2359.85,2359.85,2359.85,1777930320,0
2359.85,2359.85,2359.85,2359.85,1777930260,100
2359.0,2359.0,2359.0,2359.0,1777930200,35
2359.05,2359.05,2359.05,2359.05,1777930140,0
2359.05,2359.05,2359.05,2359.05,1777930080,0
2359.05,2359.25,2359.05,2359.25,1777930020,12
2359.1,2359.2,2359.1,2359.2,1777929960,544
2359.6,2359.85,2359.15,2359.15,1777929900,456
2360.1,2360.15,2359.55,2359.55,1777929840,1765
2358.4,2359.15,2358.4,2358.6,1777929780,1300
2356.15,2356.15,2356.15,2356.15,1777929720,0
2356.15,2356.15,2356.15,2356.15,1777929660,1
2355.85,2355.85,2355.85,2355.85,1777929600,65
2356.45,2356.45,2356.45,2356.45,1777929360,700
2356.25,2356.25,2356.25,2356.25,1777929300,100
2355.3,2355.3,2355.3,2355.3,1777929240,0
2355.3,2355.9,2355.3,2355.9,1777929180,11
2356.05,2356.05,2356.05,2356.05,1777929120,0
2356.05,2356.05,2355.9,2355.9,1777929060,79
2354.85,2354.85,2354.25,2354.25,1777929000,268
2354.15,2354.15,2354.15,2354.15,1777928940,0
2354.15,2354.15,2354.15,2354.15,1777928880,0
2354.15,2354.15,2354.15,2354.15,1777928820,50
2353.9,2353.9,2352.7,2352.7,1777928760,2019
2353.25,2353.25,2353.25,2353.25,1777928700,0
2353.25,2353.25,2353.25,2353.25,1777928640,0
2353.25,2353.25,2353.25,2353.25,1777928580,42
2353.35,2353.35,2351.75,2351.75,1777928520,321
2350.4,2350.4,2350.4,2350.4,1777928460,1000
2349.1,2349.1,2348.85,2348.85,1777928400,210
2349.35,2349.35,2349.35,2349.35,1777928340,0
2349.35,2349.35,2349.35,2349.35,1777928280,0
2349.35,2349.35,2349.35,2349.35,1777928220,0
2349.35,2349.35,2349.35,2349.35,1777928160,10
2349.3,2349.3,2348.95,2348.95,1777928100,65
2348.55,2348.55,2348.55,2348.55,1777928040,10
2348.25,2348.25,2348.25,2348.25,1777927980,100
2350.85,2350.85,2350.85,2350.85,1777927920,0
2350.85,2350.85,2350.85,2350.85,1777927860,0
2350.85,2350.85,2350.85,2350.85,1777927800,0
2350.85,2350.85,2350.85,2350.85,1777927740,10
2347.75,2347.75,2347.75,2347.75,1777927680,0
2347.75,2347.75,2347.75,2347.75,1777927620,0
2347.75,2347.75,2347.75,2347.75,1777927560,0
2347.75,2347.75,2347.7,2347.7,1777927500,46
2347.6,2347.6,2347.6,2347.6,1777927440,0
2347.6,2347.6,2347.6,2347.6,1777927380,0
2347.6,2347.6,2347.6,2347.6,1777927320,215
2347.3,2347.3,2347.3,2347.3,1777927260,0
2347.3,2347.3,2347.3,2347.3,1777927200,85
2346.2,2348.0,2346.2,2348.0,1777927140,3581
2348.25,2348.9,2348.1,2348.7,1777927080,4101
2350.2,2350.2,2350.2,2350.2,1777927020,500
2350.1,2350.1,2349.2,2349.2,1777926960,250
2349.35,2349.65,2349.05,2349.05,1777926900,1289
2349.0,2349.0,2349.0,2349.0,1777926840,0
2349.0,2349.8,2349.0,2349.8,1777926780,87
2352.95,2352.95,2352.95,2352.95,1777926720,0
2352.95,2352.95,2352.95,2352.95,1777926660,0
2352.95,2352.95,2352.95,2352.95,1777926600,0
2352.95,2352.95,2352.95,2352.95,1777926540,0
2352.95,2352.95,2352.95,2352.95,1777926480,0
2352.95,2352.95,2352.95,2352.95,1777926420,0
2352.95,2353.65,2352.65,2352.65,1777926360,1634
2352.15,2352.15,2352.15,2352.15,1777926300,80
2351.35,2351.35,2351.35,2351.35,1777926240,0
2351.35,2351.35,2349.95,2351.3,1777926180,1918
2352.2,2352.2,2350.75,2351.3,1777926120,1340
2348.8,2350.05,2348.8,2350.05,1777926060,3637
2350.3,2350.3,2350.3,2350.3,1777926000,2
2349.6,2352.4,2349.6,2352.4,1777925940,3553
2356.9,2356.9,2356.9,2356.9,1777925820,350
2355.55,2355.6,2355.55,2355.6,1777925760,2332
2355.65,2355.65,2355.25,2355.25,1777925700,62
2355.35,2355.35,2355.35,2355.35,1777925640,10
2354.15,2354.2,2354.15,2354.2,1777925580,385
2354.2,2354.2,2354.2,2354.2,1777925520,0
2354.2,2354.2,2354.2,2354.2,1777925460,122
2353.8,2353.95,2353.8,2353.95,1777925400,91
2353.75,2353.75,2353.75,2353.75,1777925340,50
2353.35,2353.35,2353.35,2353.35,1777925280,500
2354.1,2355.0,2354.1,2354.5,1777925220,3755
2354.0,2354.0,2352.85,2352.85,1777925160,861
2353.15,2353.15,2352.95,2353.15,1777925100,807
2353.55,2353.55,2353.55,2353.55,1777925040,49
2352.35,2352.35,2352.35,2352.35,1777924980,0
2352.35,2353.05,2352.35,2353.05,1777924920,732
2354.05,2354.05,2354.05,2354.05,1777924860,150
2353.2,2354.1,2353.2,2354.1,1777924800,525
2355.3,2355.95,2355.3,2355.9,1777924740,103
2356.85,2356.85,2356.85,2356.85,1777924680,10
2355.05,2355.05,2354.8,2354.8,1777924620,153
2354.85,2354.85,2354.85,2354.85,1777924560,0
2354.85,2354.85,2354.7,2354.7,1777924500,906
2353.45,2354.25,2353.45,2354.25,1777924440,750
2354.15,2354.2,2353.9,2353.9,1777924380,507
2354.25,2354.55,2354.25,2354.55,1777924320,800
2353.65,2353.65,2353.65,2353.65,1777924260,400
2354.05,2354.05,2354.05,2354.05,1777924200,5
2355.3,2355.3,2355.3,2355.3,1777924140,4
2355.1,2355.65,2355.1,2355.5,1777924080,232
2353.7,2353.7,2353.7,2353.7,1777924020,0
2353.7,2353.7,2353.7,2353.7,1777923960,0
2353.7,2354.25,2353.55,2354.25,1777923900,218
2354.2,2354.2,2354.2,2354.2,1777923840,183
2353.95,2353.95,2353.95,2353.95,1777923780,792
2354.0,2354.0,2354.0,2354.0,1777923720,0
2354.0,2354.0,2354.0,2354.0,1777923660,150
2353.3,2353.6,2352.75,2353.6,1777923600,494
2352.75,2355.0,2352.75,2355.0,1777923540,1037
2355.8,2355.8,2355.8,2355.8,1777923480,800
2356.6,2357.1,2356.6,2357.05,1777923420,2966
2357.05,2357.05,2356.8,2356.85,1777923360,312
2356.45,2356.45,2356.0,2356.1,1777923300,410
2356.5,2356.5,2356.1,2356.1,1777923240,108
2356.6,2356.6,2356.6,2356.6,1777923180,174
2356.6,2356.6,2355.95,2355.95,1777923120,711
2356.05,2356.2,2356.0,2356.0,1777923060,234
2355.95,2355.95,2355.95,2355.95,1777923000,150
2356.35,2356.7,2356.35,2356.7,1777922940,284
2356.0,2356.0,2356.0,2356.0,1777922880,0
2356.0,2356.0,2355.35,2355.35,1777922820,600
2354.4,2355.1,2354.15,2354.8,1777922760,2440
2355.85,2357.55,2354.9,2357.55,1777922700,519
2357.2,2357.2,2356.6,2356.6,1777922640,2270
2356.9,2356.9,2355.3,2355.8,1777922580,2225
2357.75,2357.75,2357.75,2357.75,1777922520,0
2357.75,2358.0,2357.6,2357.6,1777922460,888
2357.5,2357.5,2357.45,2357.45,1777922400,254
2357.0,2357.45,2357.0,2357.45,1777922340,32
2358.7,2359.05,2358.55,2359.05,1777922280,700
2358.25,2359.6,2358.25,2359.6,1777922220,1142
2360.6,2360.6,2360.6,2360.6,1777922160,200
2360.75,2361.35,2360.75,2361.35,1777922100,1384
2361.05,2361.05,2361.05,2361.05,1777922040,37
2359.4,2360.65,2359.4,2360.65,1777921980,98
2361.55,2361.55,2360.75,2361.25,1777921920,482
2360.9,2360.95,2360.9,2360.95,1777921860,679
2359.5,2360.45,2359.25,2360.45,1777921800,993
2360.8,2360.85,2360.8,2360.8,1777921740,15
2361.35,2361.35,2361.35,2361.35,1777921680,0
2361.35,2362.7,2361.35,2362.55,1777921620,623
2357.15,2357.15,2357.15,2357.15,1777921560,0
2357.15,2357.15,2354.85,2356.05,1777921500,2243
2358.55,2359.2,2358.55,2359.2,1777921440,60
2359.7,2359.75,2358.2,2358.3,1777921380,728
2358.85,2360.35,2358.85,2359.0,1777921320,994
2360.1,2361.1,2360.1,2360.8,1777921260,1007
2360.4,2360.6,2359.8,2359.8,1777921200,633
2359.65,2359.65,2359.65,2359.65,1777921140,48
2360.4,2360.4,2360.4,2360.4,1777921080,2
2359.55,2359.55,2358.3,2358.3,1777921020,2819
2357.65,2357.65,2357.3,2357.3,1777920960,410
2357.0,2357.0,2357.0,2357.0,1777920900,100
2356.5,2356.55,2355.0,2356.55,1777920840,3404
2357.4,2357.4,2357.4,2357.4,1777920780,248
2357.0,2358.05,2357.0,2358.05,1777920720,980
2359.1,2359.1,2359.1,2359.1,1777920660,520
2359.4,2361.1,2359.4,2361.1,1777920600,1102
2359.45,2359.6,2359.45,2359.6,1777920540,500
2359.85,2359.9,2359.85,2359.9,1777920480,613
2360.15,2360.3,2360.15,2360.3,1777920420,158
2359.9,2359.9,2359.55,2359.7,1777920360,886
2359.8,2360.25,2359.8,2360.0,1777920300,191
2361.3,2361.3,2361.15,2361.25,1777920240,328
2362.15,2363.75,2359.5,2363.75,1777920180,2614
2363.85,2363.85,2363.85,2363.85,1777920120,258
2363.7,2364.55,2363.6,2364.25,1777920060,751
2364.3,2364.5,2363.8,2363.8,1777920000,421
2362.3,2362.3,2362.3,2362.3,1777919940,0
2362.3,2362.3,2362.25,2362.25,1777919880,98
2361.6,2363.45,2361.6,2363.45,1777919820,660
2363.4,2363.4,2363.05,2363.05,1777919760,120
2362.2,2364.25,2362.1,2364.25,1777919700,255
2364.05,2364.2,2364.05,2364.2,1777919640,786
2363.45,2363.45,2362.85,2362.85,1777919580,4
2362.6,2363.05,2362.6,2363.05,1777919520,735
2362.3,2363.5,2362.3,2363.5,1777919460,1966
2362.8,2362.85,2361.9,2362.85,1777919400,1932
2362.3,2362.3,2362.25,2362.25,1777919340,129
2360.9,2360.9,2360.9,2360.9,1777919280,400
2358.55,2359.35,2357.6,2359.35,1777919220,8460
2359.6,2361.55,2359.6,2361.55,1777919160,7046
2360.35,2364.4,2359.05,2364.4,1777919100,4402
2364.45,2366.9,2364.3,2366.9,1777919040,2974
2366.6,2367.6,2366.6,2367.5,1777918980,513
2365.75,2366.7,2365.75,2366.65,1777918920,80
2367.4,2367.8,2367.4,2367.8,1777918860,253
2366.9,2366.9,2365.75,2366.05,1777918800,91
2367.7,2368.0,2366.8,2366.8,1777918740,268
2366.55,2368.65,2366.55,2368.65,1777918680,4383
2367.2,2368.1,2367.15,2368.1,1777918620,1693
2367.8,2368.8,2367.8,2368.4,1777918560,2166
2367.85,2369.7,2367.4,2369.7,1777918500,1515
2370.95,2370.95,2370.85,2370.85,1777918440,314
2373.0,2373.0,2373.0,2373.0,1777918380,1
2372.55,2372.6,2372.2,2372.2,1777918320,908
2371.3,2371.35,2371.25,2371.25,1777918260,1375
2371.0,2371.35,2371.0,2371.25,1777918200,125
2369.8,2369.8,2369.6,2369.75,1777918140,2818
2370.0,2370.0,2368.8,2368.9,1777918080,3300
2368.7,2369.35,2368.7,2369.35,1777918020,229
2369.3,2369.3,2368.75,2369.2,1777917960,5297
2369.2,2370.0,2369.05,2369.5,1777917900,918
2370.55,2371.0,2370.3,2370.4,1777917840,4399
2370.45,2370.45,2368.85,2368.9,1777917780,1109
2368.15,2368.6,2365.95,2367.8,1777917720,6801
2367.4,2367.4,2365.75,2366.8,1777917660,2572
2368.05,2370.05,2368.05,2369.35,1777917600,7912
2368.75,2369.75,2368.7,2369.75,1777917540,853
2372.25,2373.05,2372.25,2373.05,1777917480,337
2373.4,2373.4,2373.4,2373.4,1777917420,21
2373.25,2373.25,2372.1,2372.1,1777917360,1507
2372.45,2372.95,2371.0,2371.0,1777917300,9067
2371.5,2375.75,2371.5,2375.55,1777917240,1861
2377.6,2377.7,2372.85,2374.05,1777917180,3087
2374.65,2376.25,2374.35,2376.25,1777917120,3081
2376.1,2377.7,2373.5,2375.15,1777917060,10391
2374.7,2374.7,2371.05,2371.75,1777917000,5750
2371.8,2371.8,2368.45,2368.45,1777916940,2774
2367.35,2367.85,2367.35,2367.85,1777916880,1536
2368.2,2368.2,2367.2,2367.7,1777916820,742
2368.55,2368.55,2367.45,2367.45,1777916760,2180
2366.6,2366.6,2365.35,2365.95,1777916700,247
2365.05,2367.5,2365.05,2367.5,1777916640,7349
2368.5,2368.95,2367.95,2367.95,1777916580,32
2367.0,2367.0,2366.15,2366.15,1777916520,223
2365.6,2366.35,2365.25,2366.0,1777916460,2234
2365.65,2366.95,2365.35,2366.95,1777916400,5105
2366.4,2367.05,2366.4,2366.95,1777916340,1230
2365.45,2365.45,2365.2,2365.2,1777916280,1149
2365.4,2365.4,2365.3,2365.3,1777916220,713
2365.85,2365.85,2363.95,2363.95,1777916160,201
2362.2,2363.15,2362.2,2363.15,1777916100,791
2363.8,2364.65,2363.8,2364.65,1777916040,528
2364.0,2365.7,2364.0,2364.85,1777915980,1987
2365.15,2365.15,2364.55,2364.55,1777915920,101
2365.6,2366.5,2365.6,2365.95,1777915860,481
2365.95,2365.95,2363.6,2365.4,1777915800,1725
2365.65,2365.8,2365.65,2365.8,1777915740,164
2365.65,2366.45,2365.55,2366.45,1777915680,370
2366.3,2366.3,2365.35,2365.35,1777915620,136
2364.5,2365.55,2364.5,2365.55,1777915560,659
2366.6,2368.8,2366.6,2367.9,1777915500,1789
2367.1,2368.3,2366.9,2367.5,1777915440,1445
2367.0,2367.0,2367.0,2367.0,1777915380,40
2367.8,2368.5,2367.4,2367.4,1777915320,2404
2366.3,2366.3,2363.35,2363.95,1777915260,1446
2365.6,2365.6,2365.6,2365.6,1777915200,262
2365.4,2366.05,2364.5,2364.5,1777915140,1931
2365.25,2367.0,2365.25,2366.0,1777915080,2851
2364.15,2365.95,2360.15,2361.45,1777915020,3313
2363.3,2363.3,2362.5,2362.5,1777914960,213
2362.75,2362.8,2362.75,2362.8,1777914900,190
2362.05,2363.25,2361.65,2363.0,1777914840,1865
2362.85,2363.15,2362.2,2362.2,1777914780,303
2361.35,2361.95,2360.6,2361.95,1777914720,278
2362.45,2363.4,2361.6,2363.0,1777914660,1201
2362.75,2363.7,2359.85,2359.85,1777914600,2391
2359.3,2359.3,2358.1,2358.3,1777914540,1783
2357.8,2357.95,2356.6,2357.95,1777914480,100
2359.05,2359.05,2358.05,2358.05,1777914420,27
2357.15,2358.9,2357.15,2358.7,1777914360,2074
2358.55,2358.85,2358.55,2358.55,1777914300,2223
2359.65,2360.0,2359.6,2360.0,1777914240,578
2358.9,2360.55,2358.6,2358.6,1777914180,6775
2358.55,2358.6,2356.7,2358.1,1777914120,583
2355.55,2356.7,2353.35,2353.45,1777914060,6014
2354.05,2354.05,2353.25,2353.8,1777914000,624
2354.55,2355.2,2354.55,2354.8,1777913940,83
2352.0,2352.05,2349.5,2351.3,1777913880,7548
2351.55,2351.75,2350.25,2351.75,1777913820,1615
2351.75,2353.6,2348.65,2353.6,1777913760,4092
2353.9,2354.05,2353.9,2354.05,1777913700,235
2354.65,2354.65,2354.0,2354.0,1777913640,920
2355.0,2355.75,2355.0,2355.75,1777913580,5442
2357.4,2357.4,2355.7,2356.4,1777913520,977
2356.0,2356.0,2353.8,2355.5,1777913460,1778
2355.75,2357.5,2355.6,2357.15,1777913400,2520
2356.15,2357.85,2355.85,2357.7,1777913340,501
2357.15,2358.75,2357.15,2357.65,1777913280,1908
2356.5,2357.75,2356.5,2357.75,1777913220,105
2357.0,2357.0,2356.0,2356.4,1777913160,1231
2356.95,2358.0,2356.4,2358.0,1777913100,1652
2359.3,2359.7,2357.85,2357.85,1777913040,5276
2357.65,2358.75,2357.35,2357.5,1777912980,1568
2357.6,2358.85,2356.65,2357.3,1777912920,6769
2356.4,2356.6,2356.2,2356.45,1777912860,371
2356.4,2357.55,2356.4,2356.75,1777912800,2472
2356.1,2357.15,2355.95,2356.95,1777912740,1507
2355.9,2356.1,2355.3,2355.3,1777912680,803
2358.05,2358.05,2355.15,2356.25,1777912620,2119
2355.9,2358.3,2355.05,2355.05,1777912560,2832
2355.05,2356.8,2355.05,2356.8,1777912500,76
2355.65,2355.65,2354.6,2354.6,1777912440,6268
2353.45,2354.85,2353.45,2354.45,1777912380,646
2354.7,2355.9,2354.7,2355.9,1777912320,702
2355.85,2356.6,2355.85,2356.6,1777912260,857
2356.0,2356.0,2353.95,2355.1,1777912200,1538
2356.35,2357.05,2355.45,2355.45,1777912140,5302
2353.75,2355.25,2353.75,2354.15,1777912080,1761
2352.65,2354.9,2352.55,2354.9,1777912020,1649
2356.25,2357.8,2353.3,2356.0,1777911960,2114
2359.15,2359.15,2357.95,2357.95,1777911900,1123
2356.75,2359.25,2356.3,2359.25,1777911840,9510
2357.7,2363.95,2357.7,2362.7,1777911780,2445
2355.45,2360.4,2355.45,2358.95,1777911720,5399
2360.85,2360.85,2358.15,2358.6,1777911660,1662
2358.45,2363.1,2355.5,2356.5,1777911600,18425
2356.7,2358.05,2348.75,2349.65,1777911540,15245
2348.6,2348.6,2344.7,2344.7,1777911480,5891
2343.7,2345.45,2340.95,2340.95,1777911420,7879
2340.0,2341.0,2335.65,2339.5,1777911360,2070
2339.5,2339.8,2339.05,2339.15,1777911300,1608
2339.55,2339.55,2338.35,2339.25,1777911240,1234
2339.1,2340.25,2335.95,2340.25,1777911180,5265
2340.25,2340.5,2340.0,2340.4,1777911120,630
2340.7,2340.8,2333.55,2337.8,1777911060,2398
2337.45,2339.4,2337.45,2339.4,1777911000,1206
2338.85,2339.85,2338.55,2338.55,1777910940,1472
2339.05,2340.25,2336.0,2336.5,1777910880,4289
2339.55,2346.8,2336.75,2346.8,1777910820,5589
2346.15,2346.4,2344.85,2345.55,1777910760,2049
2344.25,2345.9,2341.8,2345.35,1777910700,3702
2346.4,2346.4,2346.4,2346.4,1777910640,0
2346.4,2348.7,2346.4,2348.0,1777910580,1728
2348.2,2348.2,2347.4,2347.4,1777910520,665
2347.5,2348.5,2346.5,2348.5,1777910460,2037
2350.9,2350.9,2348.35,2348.45,1777910400,4952
2348.75,2350.0,2348.65,2348.65,1777910340,905
2347.75,2347.75,2346.1,2346.2,1777910280,558
2347.85,2347.85,2347.65,2347.65,1777910220,1649
2347.4,2349.7,2347.4,2349.45,1777910160,312
2348.8,2351.65,2345.6,2348.6,1777910100,2461
2347.3,2347.3,2345.2,2345.2,1777910040,2002
2344.3,2344.8,2340.6,2340.6,1777909980,2915
2339.95,2345.4,2334.75,2338.0,1777909920,4240
2337.6,2345.25,2331.1,2345.25,1777909860,11458
2344.95,2346.55,2344.95,2345.9,1777909800,605
2346.05,2348.25,2344.25,2347.3,1777909740,1560
2349.2,2349.5,2347.9,2347.9,1777909680,642
2347.8,2350.25,2347.7,2350.25,1777909620,511
2350.5,2350.5,2343.75,2348.45,1777909560,1971
2348.45,2351.7,2348.45,2351.25,1777909500,4204
2352.2,2352.55,2349.2,2349.5,1777909440,3936
2349.3,2349.5,2347.85,2349.5,1777909380,827
2349.0,2349.45,2349.0,2349.45,1777909320,264
2348.25,2348.25,2345.1,2345.2,1777909260,666
2343.45,2347.5,2343.4,2347.4,1777909200,3935
2347.85,2349.75,2347.85,2348.3,1777909140,3930
2348.6,2348.6,2345.3,2345.3,1777909080,770
2345.55,2346.0,2343.8,2345.2,1777909020,4430
2344.55,2345.5,2342.05,2343.05,1777908960,1936
2344.95,2346.15,2342.9,2346.15,1777908900,1951
2348.95,2349.05,2348.65,2348.65,1777908840,1192
2346.55,2346.55,2341.7,2341.7,1777908780,1403
2342.85,2346.0,2341.6,2346.0,1777908720,2440
2346.9,2347.4,2346.0,2346.0,1777908660,2036
2346.8,2349.7,2346.8,2348.5,1777908600,378
2347.95,2349.6,2347.95,2348.4,1777908540,2742
2348.8,2349.0,2347.4,2348.95,1777908480,2732
2349.45,2350.75,2347.75,2349.95,1777908420,2477
2349.3,2349.3,2344.75,2346.05,1777908360,2631
2347.4,2348.35,2342.0,2342.0,1777908300,4132
2346.05,2346.75,2343.2,2344.45,1777908240,2453
2344.55,2346.65,2342.9,2346.65,1777908180,1639
2346.4,2347.9,2338.1,2338.1,1777908120,2803
2340.45,2348.1,2338.9,2347.95,1777908060,5998
2348.55,2349.8,2342.15,2345.6,1777908000,12814
2345.75,2362.95,2345.75,2362.95,1777907940,34320
2363.4,2363.4,2362.4,2362.7,1777907880,268
2363.2,2365.8,2362.75,2365.75,1777907820,1822
2368.3,2369.05,2367.6,2368.15,1777907760,884
2368.85,2368.85,2364.1,2364.1,1777907700,20760
2364.75,2364.75,2359.75,2360.95,1777907640,4060
2360.9,2364.1,2360.9,2364.1,1777907580,4672
2364.1,2365.6,2364.0,2364.0,1777907520,8576
2363.9,2366.85,2358.7,2366.85,1777907460,12256
2366.4,2368.75,2365.75,2368.75,1777907400,1028
2367.0,2372.05,2367.0,2368.95,1777907340,11027
2368.4,2369.25,2367.7,2368.0,1777907280,2280
2370.0,2370.5,2369.1,2370.5,1777907220,1024
2371.0,2371.55,2368.65,2370.0,1777907160,4078
2369.15,2369.15,2360.75,2366.05,1777907100,8483
2366.5,2368.0,2363.75,2368.0,1777907040,3896
2367.55,2369.6,2366.65,2369.6,1777906980,5094
2369.4,2370.45,2369.0,2370.45,1777906920,1425
2371.3,2372.9,2370.05,2370.75,1777906860,3768
2369.95,2371.1,2365.35,2370.1,1777906800,9173
2370.35,2373.25,2370.1,2372.2,1777906740,2561
2371.85,2373.15,2371.5,2371.5,1777906680,6536
2373.0,2373.0,2369.7,2372.0,1777906620,2090
2372.7,2377.8,2372.7,2377.65,1777906560,4473
2376.3,2380.85,2375.8,2378.65,1777906500,4782
2376.65,2378.0,2374.5,2374.65,1777906440,2977
2374.55,2377.9,2373.85,2373.85,1777906380,3032
2374.15,2377.75,2373.9,2374.75,1777906320,11382
2374.1,2374.75,2369.65,2370.0,1777906260,10610
2368.15,2369.05,2364.2,2364.2,1777906200,2133
2363.9,2369.25,2362.45,2369.25,1777906140,8502
2366.8,2370.15,2356.8,2359.3,1777906080,29476
2358.15,2358.15,2355.2,2355.2,1777906020,3016
2354.55,2356.35,2354.1,2355.35,1777905960,2141
2355.5,2355.55,2352.8,2352.8,1777905900,2845
2351.65,2352.75,2351.55,2352.0,1777905840,397
2352.6,2352.6,2351.05,2352.6,1777905780,984
2352.2,2353.0,2352.2,2352.85,1777905720,700
2354.1,2354.65,2352.7,2353.25,1777905660,2180
2351.9,2353.9,2351.9,2353.9,1777905600,1393
2354.3,2355.95,2348.55,2355.95,1777905540,3523
2357.7,2357.7,2354.5,2356.1,1777905480,6112
2354.45,2354.6,2353.35,2354.0,1777905420,2748
2354.0,2354.0,2350.55,2351.35,1777905360,13991
2350.05,2350.5,2347.95,2347.95,1777905300,3426
2347.75,2350.2,2347.6,2350.0,1777905240,1119
2350.05,2350.3,2348.25,2348.25,1777905180,3781
2348.4,2348.85,2347.0,2347.0,1777905120,7165
2347.35,2347.35,2345.95,2346.0,1777905060,1475
2345.6,2345.95,2343.95,2344.35,1777905000,1817
2344.75,2347.85,2344.75,2347.85,1777904940,6368
2347.45,2348.65,2347.45,2348.0,1777904880,807
2349.4,2349.4,2347.6,2348.65,1777904820,997
2348.7,2351.6,2347.5,2347.5,1777904760,13291
2347.45,2347.8,2345.3,2346.15,1777904700,2599
2346.95,2346.95,2342.75,2343.3,1777904640,25000
2344.3,2344.3,2341.85,2343.0,1777904580,1228
2344.3,2344.7,2339.3,2342.0,1777904520,4592
2340.6,2340.75,2340.6,2340.75,1777904460,132
2342.0,2343.0,2341.05,2341.1,1777904400,5484
2340.45,2341.2,2340.45,2340.85,1777904340,2252
2340.7,2341.9,2340.1,2341.9,1777904280,809
2341.25,2341.25,2339.35,2339.35,1777904220,5271
2339.65,2339.9,2339.0,2339.85,1777904160,4251
2340.45,2341.05,2340.2,2340.5,1777904100,1419
2339.75,2340.65,2338.3,2338.3,1777904040,1817
2338.7,2338.95,2337.6,2338.85,1777903980,5653
2340.1,2340.1,2335.35,2335.35,1777903920,6756
2335.5,2335.5,2332.85,2333.0,1777903860,1788
2332.5,2332.5,2328.4,2328.9,1777903800,5525
2327.9,2328.6,2325.95,2328.6,1777903740,2484
2330.7,2331.85,2327.9,2331.7,1777903680,645
2332.15,2332.25,2329.45,2329.45,1777903620,715
2329.0,2330.6,2322.9,2330.5,1777903560,3662
2331.0,2331.55,2330.8,2331.55,1777903500,352
2330.3,2331.6,2327.6,2331.25,1777903440,12723
2328.35,2333.8,2328.35,2333.8,1777903380,8372
2333.8,2335.35,2330.8,2334.3,1777903320,3762
2334.65,2335.65,2334.65,2335.65,1777903260,19
2336.45,2336.45,2334.2,2336.35,1777903200,1497
2331.25,2336.05,2331.25,2335.9,1777903140,2988
2336.4,2336.4,2336.05,2336.05,1777903080,242
2335.4,2337.0,2335.4,2336.2,1777903020,1658
2335.75,2336.15,2335.45,2335.45,1777902960,753
2333.25,2333.45,2333.05,2333.45,1777902900,764
2334.95,2334.95,2334.75,2334.75,1777902840,36
2332.95,2335.0,2332.95,2335.0,1777902780,2394
2335.8,2335.9,2335.65,2335.85,1777902720,3787
2336.65,2337.5,2335.6,2336.05,1777902660,1346
2335.5,2336.4,2335.15,2335.75,1777902600,2361
2337.0,2339.4,2337.0,2338.6,1777902540,1851
2341.3,2341.4,2337.4,2338.35,1777902480,2609
2337.7,2338.4,2336.85,2337.35,1777902420,10000
2336.7,2337.4,2333.0,2335.55,1777902360,3033
2333.7,2334.65,2330.95,2333.4,1777902300,7756
2335.05,2335.65,2334.85,2335.65,1777902240,1163
2336.1,2337.1,2335.85,2337.1,1777902180,3065
2335.85,2336.1,2335.85,2336.1,1777902120,201
2337.65,2338.9,2337.65,2338.7,1777902060,1551
2336.95,2337.9,2335.9,2337.9,1777902000,1506
2339.2,2339.2,2335.6,2335.6,1777901940,5611
2335.6,2336.75,2333.05,2336.75,1777901880,9930
2337.5,2342.35,2336.5,2341.85,1777901820,5387
2342.05,2343.6,2341.7,2341.7,1777901760,1681
2343.3,2343.65,2340.0,2340.15,1777901700,3502
2340.25,2340.95,2339.85,2340.3,1777901640,1922
2341.55,2341.9,2340.7,2340.7,1777901580,1646
2339.95,2339.95,2338.25,2338.75,1777901520,504
2339.85,2339.85,2337.9,2339.05,1777901460,1185
2337.5,2338.15,2337.5,2337.75,1777901400,3401
2337.5,2337.75,2337.0,2337.0,1777901340,668
2337.15,2337.45,2337.15,2337.45,1777901280,321
2337.7,2337.7,2336.35,2336.35,1777901220,379
2336.8,2337.25,2336.55,2337.25,1777901160,202
2337.25,2337.25,2337.25,2337.25,1777901100,0
2337.25,2337.5,2337.25,2337.25,1777901040,175
2337.1,2337.85,2336.75,2337.85,1777900980,2478
2337.95,2338.65,2336.05,2336.3,1777900920,691
2336.6,2338.8,2336.15,2338.7,1777900860,411
2338.9,2338.9,2338.05,2338.2,1777900800,887
2337.4,2339.15,2337.35,2339.15,1777900740,2705
2338.55,2339.5,2338.55,2339.5,1777900680,250
2338.8,2338.8,2337.55,2337.55,1777900620,435
2337.15,2337.4,2336.35,2336.35,1777900560,4180
2336.0,2336.15,2335.2,2335.2,1777900500,299
2336.35,2336.8,2336.35,2336.35,1777900440,5014
2335.7,2336.2,2335.55,2336.2,1777900380,1470
2335.8,2336.05,2335.8,2335.95,1777900320,858
2336.35,2336.95,2336.35,2336.95,1777900260,1290
2336.95,2340.3,2335.55,2337.1,1777900200,4129
2335.9,2335.95,2334.4,2334.4,1777900140,3352
2334.25,2334.25,2329.35,2332.4,1777900080,6463
2331.75,2331.75,2330.85,2331.65,1777900020,2225
2331.45,2332.45,2330.0,2330.0,1777899960,1550
2328.45,2330.05,2328.45,2330.05,1777899900,504
2329.65,2331.9,2325.25,2325.85,1777899840,1877
2326.5,2327.65,2325.4,2327.65,1777899780,2325
2328.7,2330.45,2328.45,2328.45,1777899720,800
2328.9,2328.9,2325.05,2328.5,1777899660,3916
2328.65,2334.15,2320.65,2334.15,1777899600,41124
2334.65,2338.5,2333.95,2338.5,1777899540,6753
2339.15,2339.8,2339.1,2339.8,1777899480,476
2338.8,2338.85,2338.8,2338.85,1777899420,450
2338.9,2339.25,2338.9,2339.25,1777899360,66
2339.6,2339.6,2339.6,2339.6,1777899300,249
2339.6,2339.6,2338.7,2338.7,1777899240,494
2338.8,2339.5,2338.8,2339.4,1777899180,6130
2340.1,2340.1,2339.15,2339.15,1777899120,311
2338.9,2339.3,2338.9,2339.3,1777899060,853
2340.45,2340.5,2340.1,2340.3,1777899000,680
2340.3,2340.95,2340.0,2340.0,1777898940,7409
2340.25,2340.45,2340.25,2340.45,1777898880,119
2338.85,2339.85,2338.85,2339.75,1777898820,5509
2339.75,2340.35,2338.4,2338.75,1777898760,5488
2339.05,2339.05,2338.6,2338.6,1777898700,417
2340.3,2340.3,2340.15,2340.15,1777898640,1400
2340.1,2340.1,2339.0,2339.0,1777898580,150
2338.75,2339.85,2338.75,2339.85,1777898520,128
2339.05,2339.95,2339.05,2339.5,1777898460,373
2340.0,2340.0,2338.4,2338.4,1777898400,830
2338.2,2338.5,2338.2,2338.5,1777898340,671
2340.0,2340.0,2337.55,2337.55,1777898280,112
2338.5,2338.5,2337.55,2337.8,1777898220,1749
2337.05,2337.05,2335.85,2336.25,1777898160,3421
2336.85,2336.85,2336.05,2336.05,1777898100,1086
2336.0,2336.45,2336.0,2336.45,1777898040,891
2337.0,2337.05,2336.3,2336.3,1777897980,5975
2336.4,2337.95,2336.4,2337.9,1777897920,2654
2338.0,2340.1,2337.55,2340.1,1777897860,944
2340.1,2340.25,2339.4,2339.5,1777897800,2893
2339.65,2340.2,2339.4,2340.2,1777897740,1949
2341.2,2341.65,2340.7,2340.7,1777897680,894
2340.6,2340.65,2340.1,2340.2,1777897620,1942
2339.85,2339.85,2338.9,2339.65,1777897560,1063
2339.8,2340.8,2339.6,2339.6,1777897500,2504
2339.95,2339.95,2339.6,2339.6,1777897440,2153
2338.8,2339.25,2338.05,2338.2,1777897380,1418
2338.55,2339.9,2337.95,2339.9,1777897320,2322
2340.7,2342.8,2339.55,2341.85,1777897260,1273
2341.45,2342.55,2340.7,2341.55,1777897200,2448
2341.9,2342.0,2340.0,2340.6,1777897140,3031
2339.9,2340.35,2339.15,2339.5,1777897080,9603
2338.8,2338.85,2337.55,2338.75,1777897020,2821
2337.9,2338.7,2335.65,2335.65,1777896960,1919
2335.65,2336.55,2335.65,2336.15,1777896900,205
2336.3,2336.3,2335.8,2336.15,1777896840,953
2337.35,2337.35,2336.7,2336.7,1777896780,698
2336.2,2336.3,2334.75,2334.75,1777896720,2480
2334.6,2334.85,2334.2,2334.2,1777896660,2913
2335.15,2335.15,2335.15,2335.15,1777896600,100
2334.7,2334.7,2333.6,2334.35,1777896540,116
2333.45,2334.35,2333.45,2334.35,1777896480,485
2334.65,2334.95,2333.75,2334.9,1777896420,510
2334.95,2336.95,2332.6,2336.95,1777896360,784
2337.55,2337.65,2335.6,2336.8,1777896300,2856
2336.2,2337.0,2334.15,2334.6,1777896240,1429
2335.15,2335.6,2335.15,2335.5,1777896180,64
2334.8,2334.85,2332.6,2332.6,1777896120,1226
2332.1,2333.0,2332.1,2333.0,1777896060,1831
2334.0,2334.75,2333.3,2334.75,1777896000,619
2336.0,2336.85,2335.3,2336.85,1777895940,1529
2337.2,2337.45,2337.2,2337.25,1777895880,231
2337.25,2338.1,2336.85,2337.1,1777895820,3096
2336.7,2337.15,2336.65,2337.15,1777895760,1441
2336.75,2337.4,2336.55,2337.0,1777895700,1129
2335.9,2336.55,2335.65,2336.55,1777895640,2094
2336.55,2337.15,2336.15,2336.25,1777895580,2830
2335.7,2335.7,2334.75,2334.9,1777895520,1207
2333.4,2333.4,2333.4,2333.4,1777895460,0
2333.4,2333.4,2331.0,2332.8,1777895400,1162
2331.85,2333.75,2331.85,2333.75,1777895340,663
2334.1,2334.95,2333.95,2334.85,1777895280,1267
2333.95,2334.3,2333.95,2334.0,1777895220,1325
2333.7,2333.95,2333.4,2333.4,1777895160,836
2333.7,2333.7,2332.5,2333.05,1777895100,6782
2333.05,2333.7,2332.75,2333.25,1777895040,1564
2332.5,2334.1,2332.5,2334.1,1777894980,1044
2334.65,2334.65,2330.5,2332.85,1777894920,9364
2333.4,2334.4,2333.2,2334.4,1777894860,400
2334.8,2334.8,2332.75,2332.95,1777894800,1930
2333.75,2334.7,2332.2,2334.7,1777894740,8972
2337.45,2337.45,2336.3,2336.6,1777894680,1602
2337.1,2337.75,2333.25,2334.2,1777894620,6904
2331.05,2334.7,2331.05,2334.7,1777894560,955
2333.9,2334.6,2333.25,2334.6,1777894500,7344
2335.15,2335.15,2334.6,2335.0,1777894440,3113
2335.0,2335.25,2334.55,2335.25,1777894380,821
2334.95,2335.4,2334.95,2335.4,1777894320,369
2335.0,2335.0,2334.55,2334.9,1777894260,1160
2334.75,2335.1,2334.25,2335.1,1777894200,942
2336.0,2336.0,2335.65,2335.85,1777894140,1839
2335.5,2336.0,2335.05,2336.0,1777894080,795
2336.6,2336.6,2335.2,2335.3,1777894020,1293
2335.7,2335.7,2335.7,2335.7,1777893960,5
2337.4,2337.4,2335.7,2336.6,1777893900,456
2337.0,2337.6,2337.0,2337.6,1777893840,128
2337.75,2337.85,2336.95,2337.5,1777893780,2847
2339.35,2341.85,2339.35,2341.45,1777893720,1416
2340.5,2342.05,2340.5,2342.0,1777893660,1285
2342.4,2342.4,2341.1,2341.55,1777893600,1749
2341.85,2342.0,2340.65,2341.0,1777893540,1522
2341.45,2341.45,2341.2,2341.25,1777893480,38
2341.05,2341.05,2340.65,2340.7,1777893420,203
2339.8,2339.8,2337.4,2337.4,1777893360,1350
2338.4,2340.8,2338.4,2340.8,1777893300,402
2340.8,2341.9,2340.45,2340.7,1777893240,4265
2339.65,2339.85,2338.85,2338.85,1777893180,8202
2339.2,2339.2,2338.0,2338.5,1777893120,5266
2339.1,2340.65,2339.1,2340.65,1777893060,941
2341.4,2341.4,2340.0,2340.1,1777893000,3292
2340.15,2340.15,2339.6,2339.6,1777892940,5001
2339.1,2339.1,2338.0,2338.0,1777892880,725
2338.55,2338.55,2337.8,2338.05,1777892820,514
2339.3,2339.35,2335.95,2337.95,1777892760,5685
2337.65,2337.65,2337.35,2337.5,1777892700,610
2337.05,2338.15,2337.05,2337.75,1777892640,6441
2338.05,2338.95,2336.95,2338.95,1777892580,1466
2338.8,2341.45,2338.7,2339.0,1777892520,3148
2339.25,2341.5,2339.25,2339.65,1777892460,1323
2337.7,2337.7,2334.75,2336.65,1777892400,5526
2337.55,2338.75,2337.5,2338.2,1777892340,3046
2337.8,2337.8,2336.1,2337.15,1777892280,1244
2335.85,2335.85,2334.65,2335.0,1777892220,1316
2334.75,2336.15,2334.1,2335.65,1777892160,7947
2335.25,2337.3,2335.25,2337.05,1777892100,3012
2336.15,2339.8,2336.15,2339.8,1777892040,1054
2339.0,2340.0,2339.0,2339.7,1777891980,2186
2340.2,2340.2,2340.2,2340.2,1777891920,50
2341.95,2341.95,2340.25,2340.25,1777891860,393
2340.0,2342.7,2340.0,2342.7,1777891800,430
2342.65,2342.7,2336.5,2342.0,1777891740,2033
2341.95,2341.95,2337.15,2337.65,1777891680,4809
2337.95,2339.0,2337.95,2338.85,1777891620,5230
2338.85,2340.95,2332.5,2340.95,1777891560,7358
2341.65,2341.65,2340.25,2340.75,1777891500,4110
2340.3,2341.4,2339.95,2341.35,1777891440,2076
2342.3,2342.4,2341.15,2341.3,1777891380,1927
2340.5,2341.5,2340.3,2341.5,1777891320,833
2342.2,2343.4,2342.05,2342.05,1777891260,1748
2343.25,2344.75,2341.0,2341.15,1777891200,11816
2341.85,2342.85,2339.9,2339.9,1777891140,1140
2339.75,2340.3,2338.0,2339.25,1777891080,5873
2339.9,2342.05,2339.9,2341.9,1777891020,1967
2343.5,2344.5,2342.8,2343.0,1777890960,1709
2344.0,2344.0,2338.9,2342.9,1777890900,3394
2342.25,2342.25,2337.25,2337.25,1777890840,2085
2338.45,2340.05,2336.65,2337.6,1777890780,1449
2336.65,2337.75,2320.5,2323.4,1777890720,22711
2322.9,2322.9,2321.75,2322.15,1777890660,500
2322.9,2322.9,2320.75,2321.35,1777890600,3929
2323.15,2323.85,2322.35,2322.35,1777890540,4763
2322.0,2323.3,2320.7,2320.7,1777890480,3654
2321.5,2321.65,2314.65,2318.95,1777890420,5039
2317.1,2317.65,2314.0,2315.9,1777890360,1408
2316.7,2316.7,2314.6,2314.6,1777890300,859
2316.4,2317.3,2313.05,2316.7,1777890240,7102
2313.4,2318.55,2313.4,2318.55,1777890180,1756
2319.25,2319.25,2312.7,2314.95,1777890120,2290
2313.7,2317.65,2313.35,2317.35,1777890060,4282
2317.0,2317.85,2310.65,2317.85,1777890000,5955
2318.0,2320.0,2312.7,2319.75,1777889940,8030
2321.2,2321.9,2317.25,2321.9,1777889880,3707
2322.55,2324.5,2322.55,2324.5,1777889820,3674
2326.8,2327.6,2323.05,2324.8,1777889760,2014
2324.25,2329.1,2320.6,2327.8,1777889700,8655
2327.0,2327.5,2323.9,2327.1,1777889640,1715
2328.55,2329.65,2327.25,2327.25,1777889580,1760
2327.9,2327.9,2322.95,2325.2,1777889520,2571
2324.95,2327.75,2321.35,2322.2,1777889460,5448
2326.15,2330.8,2321.35,2330.8,1777889400,6182
2329.8,2331.65,2327.05,2327.05,1777889340,2583
2328.65,2329.0,2326.55,2329.0,1777889280,5250
2329.6,2334.05,2315.9,2327.75,1777889220,21933
2329.5,2338.25,2324.7,2338.25,1777889160,23551
2332.85,2343.05,2332.85,2343.05,1777889100,19651
2345.4,2346.55,2341.55,2346.5,1777889040,21056
2347.25,2357.6,2345.05,2355.25,1777888980,36856
2355.6,2365.0,2355.6,2365.0,1777888920,14597
2365.35,2366.0,2365.35,2366.0,1777888860,1884
2366.75,2368.65,2366.75,2368.45,1777888800,523
2367.6,2367.65,2366.8,2366.9,1777888740,3288
2367.45,2367.5,2366.7,2366.9,1777888680,2096
2367.3,2369.3,2366.75,2369.3,1777888620,1138
2369.3,2369.3,2368.55,2369.2,1777888560,654
2369.15,2369.55,2369.15,2369.55,1777888500,6707
2369.8,2369.8,2369.4,2369.7,1777888440,1336
2369.6,2369.65,2368.75,2368.75,1777888380,1634
2368.1,2368.1,2367.9,2367.9,1777888320,144
2367.45,2368.4,2367.45,2368.4,1777888260,1940
2368.1,2368.1,2368.0,2368.0,1777888200,14
2367.0,2367.0,2366.05,2366.05,1777888140,1522
2366.25,2366.25,2364.8,2364.9,1777888080,1924
2365.15,2367.25,2365.15,2367.25,1777888020,2768
2367.25,2367.5,2366.65,2367.5,1777887960,672
2367.65,2368.3,2367.65,2368.3,1777887900,895
2368.65,2368.8,2368.55,2368.65,1777887840,1290
2368.5,2369.8,2368.15,2368.75,1777887780,6271
2368.5,2368.7,2367.9,2367.95,1777887720,4444
2367.65,2368.35,2367.1,2367.1,1777887660,1715
2366.65,2367.35,2366.15,2367.2,1777887600,2970
2367.35,2367.4,2365.35,2365.35,1777887540,4283
2365.1,2365.5,2365.1,2365.25,1777887480,910
2365.4,2365.4,2364.45,2364.45,1777887420,474
2364.15,2365.55,2364.15,2365.55,1777887360,919
2365.45,2365.6,2365.4,2365.4,1777887300,1954
2366.1,2366.9,2365.6,2365.85,1777887240,7904
2365.85,2365.85,2364.75,2364.8,1777887180,6176
2365.25,2365.25,2363.1,2363.1,1777887120,9949
2363.25,2363.25,2362.35,2362.35,1777887060,2839
2360.9,2361.5,2360.45,2361.5,1777887000,6105
2361.75,2361.9,2361.75,2361.9,1777886940,1035
2362.05,2362.45,2362.05,2362.4,1777886880,531
2362.7,2363.8,2362.65,2363.5,1777886820,766
2364.35,2364.35,2361.8,2361.8,1777886760,3844
2361.7,2361.7,2360.35,2360.35,1777886700,916
2360.35,2360.4,2360.2,2360.25,1777886640,1891
2360.35,2360.65,2360.3,2360.65,1777886580,750
2360.7,2360.7,2360.3,2360.3,1777886520,630
2359.7,2361.15,2355.75,2361.1,1777886460,10310
2361.25,2361.25,2360.25,2360.25,1777886400,883
2360.9,2360.9,2360.9,2360.9,1777886340,83
2360.45,2360.45,2360.45,2360.45,1777886280,100
2360.75,2360.75,2360.75,2360.75,1777886220,40
2360.8,2361.45,2360.65,2361.45,1777886160,1725
2361.35,2361.35,2360.55,2360.55,1777886100,366
2359.8,2359.9,2359.75,2359.9,1777886040,390
2360.2,2360.25,2360.2,2360.25,1777885980,1570
2360.4,2360.9,2360.4,2360.9,1777885920,1363
2361.15,2361.5,2361.15,2361.45,1777885860,218
2360.85,2360.9,2359.05,2359.05,1777885800,921
2359.25,2359.25,2359.25,2359.25,1777885740,0
2359.25,2359.25,2359.1,2359.1,1777885680,383
2358.3,2358.3,2358.3,2358.3,1777885620,0
2358.3,2358.4,2358.3,2358.4,1777885560,751
2358.8,2359.5,2358.8,2359.5,1777885500,205
2359.8,2360.95,2359.8,2360.45,1777885440,928
2360.25,2360.25,2359.0,2359.0,1777885380,555
2359.35,2359.8,2352.55,2358.95,1777885320,4354
2357.75,2357.75,2357.2,2357.2,1777885260,101
2357.0,2358.6,2357.0,2358.6,1777885200,2098
2359.15,2360.1,2357.7,2359.75,1777885140,768
2359.55,2361.0,2356.35,2361.0,1777885080,1415
2362.0,2362.1,2361.9,2362.1,1777885020,1492
2361.7,2362.8,2361.7,2362.35,1777884960,442
2362.7,2362.9,2360.55,2360.6,1777884900,6069
2360.5,2360.65,2359.7,2359.7,1777884840,380
2359.8,2360.0,2358.95,2358.95,1777884780,374
2358.3,2358.3,2356.35,2356.5,1777884720,4080
2357.0,2358.55,2357.0,2358.55,1777884660,2144
2359.0,2359.0,2358.45,2358.6,1777884600,204
2359.65,2359.65,2359.0,2359.05,1777884540,2320
2357.3,2359.1,2353.9,2359.05,1777884480,4413
2359.2,2359.2,2355.85,2359.05,1777884420,1011
2358.9,2359.05,2354.85,2358.9,1777884360,2114
2359.05,2359.3,2359.05,2359.3,1777884300,1010
2359.55,2359.55,2358.7,2359.0,1777884240,666
2359.05,2360.05,2355.8,2360.05,1777884180,1515
2355.7,2360.4,2355.7,2359.9,1777884120,7232
2359.5,2359.75,2355.25,2359.4,1777884060,7868
2358.85,2359.05,2356.45,2358.9,1777884000,4095
2358.65,2359.15,2357.85,2357.85,1777883940,1830
2357.85,2358.25,2357.85,2358.1,1777883880,178
2358.15,2358.25,2356.3,2357.55,1777883820,1738
2357.55,2358.95,2356.0,2358.95,1777883760,15335
2359.25,2359.25,2357.65,2358.25,1777883700,7107
2358.15,2359.55,2358.15,2359.55,1777883640,5388
2359.5,2360.3,2359.5,2360.3,1777883580,476
2360.75,2361.85,2360.45,2361.2,1777883520,2369
2360.0,2360.0,2358.25,2358.3,1777883460,2115
2357.65,2359.2,2357.25,2359.2,1777883400,1497
2359.7,2359.9,2358.95,2359.6,1777883340,2050
2356.35,2361.0,2356.35,2359.8,1777883280,7465
2358.0,2359.15,2358.0,2359.15,1777883220,5100
2359.55,2359.55,2352.5,2359.1,1777883160,5214
2358.4,2359.2,2358.4,2359.0,1777883100,192
2359.4,2359.4,2358.3,2358.3,1777883040,910
2358.3,2358.75,2357.5,2358.75,1777882980,1765
2357.5,2359.75,2357.5,2359.75,1777882920,3846
2360.3,2360.8,2359.7,2359.7,1777882860,2005
2359.15,2359.95,2359.15,2359.95,1777882800,400
2360.3,2360.6,2359.7,2360.45,1777882740,7522
2360.6,2360.9,2359.65,2360.9,1777882680,1907
2361.4,2361.55,2361.4,2361.55,1777882620,1042
2361.3,2362.75,2361.3,2362.75,1777882560,891
2363.0,2363.4,2362.9,2362.9,1777882500,1248
2362.8,2362.8,2362.5,2362.5,1777882440,1000
2362.0,2362.0,2361.65,2362.0,1777882380,1368
2362.0,2362.0,2361.0,2361.1,1777882320,788
2361.0,2362.5,2361.0,2362.5,1777882260,7519
2361.25,2361.25,2360.9,2360.9,1777882200,1195
2359.8,2359.8,2359.45,2359.5,1777882140,90
2358.95,2360.85,2358.95,2359.55,1777882080,387
2357.55,2358.6,2356.85,2356.85,1777882020,1486
2357.5,2358.6,2357.5,2358.3,1777881960,5148
2357.95,2358.8,2352.8,2358.8,1777881900,3954
2359.05,2360.45,2358.0,2359.75,1777881840,942
2361.3,2362.55,2361.3,2362.55,1777881780,3919
2362.65,2363.55,2362.65,2363.35,1777881720,1421
2363.6,2363.6,2360.7,2361.3,1777881660,4120
2360.9,2361.35,2358.0,2361.35,1777881600,6576
2361.65,2362.5,2360.45,2362.0,1777881540,2516
2359.5,2363.0,2359.5,2362.65,1777881480,1366
2362.7,2362.9,2362.05,2362.25,1777881420,1410
2362.45,2362.5,2361.25,2362.25,1777881360,8718
2362.4,2362.95,2362.0,2362.95,1777881300,1504
2363.15,2363.15,2363.05,2363.1,1777881240,668
2363.15,2363.15,2362.95,2363.0,1777881180,502
2363.05,2364.5,2362.75,2364.5,1777881120,1618
2364.75,2365.0,2364.2,2365.0,1777881060,569
2365.45,2366.55,2365.45,2366.55,1777881000,1605
2367.0,2367.05,2366.65,2367.05,1777880940,118
2368.0,2368.4,2368.0,2368.4,1777880880,825
2368.65,2368.8,2367.95,2367.95,1777880820,3214
2367.7,2367.95,2366.15,2366.15,1777880760,1248
2365.7,2367.55,2365.7,2367.55,1777880700,927
2366.95,2366.95,2364.45,2364.45,1777880640,2203
2363.75,2363.75,2363.25,2363.25,1777880580,467
2363.05,2363.65,2360.3,2362.95,1777880520,1282
2362.95,2363.4,2362.45,2363.4,1777880460,923
2363.0,2363.6,2363.0,2363.25,1777880400,1574
2363.55,2363.7,2363.35,2363.5,1777880340,469
2364.2,2364.35,2359.6,2363.85,1777880280,9802
2364.1,2365.35,2363.2,2365.2,1777880220,1746
2364.95,2365.8,2361.35,2365.75,1777880160,3399
2366.1,2366.25,2365.95,2365.95,1777880100,3765
2366.1,2366.5,2364.95,2365.85,1777880040,2527
2367.05,2367.9,2366.5,2366.7,1777879980,533
2366.6,2366.8,2362.4,2366.8,1777879920,3105
2366.95,2367.9,2366.85,2367.0,1777879860,2221
2367.45,2368.55,2363.9,2368.55,1777879800,2291
2368.3,2368.4,2367.95,2367.95,1777879740,1415
2367.2,2369.25,2367.15,2369.2,1777879680,866
2369.9,2369.9,2368.75,2368.75,1777879620,2207
2368.75,2368.75,2368.05,2368.05,1777879560,1686
2367.8,2371.6,2367.8,2368.85,1777879500,5358
2368.8,2369.95,2368.8,2369.95,1777879440,171
2369.8,2369.8,2368.5,2369.0,1777879380,542
2369.25,2369.25,2368.15,2368.15,1777879320,3139
2368.85,2369.3,2368.85,2369.3,1777879260,1194
2368.55,2369.2,2367.7,2369.2,1777879200,990
2370.05,2370.05,2370.0,2370.0,1777879140,200
2370.3,2370.35,2369.4,2370.35,1777879080,1922
2370.35,2370.65,2370.35,2370.5,1777879020,441
2371.65,2372.4,2371.65,2372.4,1777878960,1514
2372.75,2372.75,2370.45,2371.65,1777878900,3559
2370.5,2370.5,2370.0,2370.0,1777878840,1558
2370.0,2370.35,2369.4,2369.4,1777878780,549
2369.25,2369.25,2369.15,2369.15,1777878720,90
2369.85,2369.95,2369.85,2369.95,1777878660,1790
2369.35,2369.35,2369.35,2369.35,1777878600,105
2369.35,2369.85,2369.35,2369.85,1777878540,1280
2369.9,2369.9,2369.9,2369.9,1777878480,3011
2369.35,2370.65,2369.35,2370.4,1777878420,1116
2369.75,2370.8,2369.75,2370.8,1777878360,581
2370.2,2370.2,2370.2,2370.2,1777878300,105
2369.65,2370.55,2369.65,2370.35,1777878240,1919
2370.35,2370.95,2370.35,2370.45,1777878180,437
2369.45,2370.05,2369.0,2370.05,1777878120,2024
2369.85,2369.85,2367.0,2367.0,1777878060,697
2366.3,2367.5,2366.05,2367.5,1777878000,1503
2367.3,2368.05,2367.3,2368.0,1777877940,178
2368.5,2369.3,2368.5,2369.05,1777877880,227
2369.1,2369.1,2368.35,2368.6,1777877820,1888
2368.6,2368.95,2365.95,2368.75,1777877760,1828
2368.9,2370.2,2368.9,2370.2,1777877700,667
2370.05,2370.65,2369.75,2370.65,1777877640,2149
2371.1,2371.9,2370.25,2370.25,1777877580,7674
2370.65,2370.65,2369.55,2369.55,1777877520,1649
2371.65,2371.65,2368.75,2369.45,1777877460,14726
2369.25,2369.5,2367.85,2367.85,1777877400,2408
2368.1,2369.6,2368.1,2369.4,1777877340,1430
2368.55,2368.9,2367.25,2367.25,1777877280,2761
2367.55,2367.8,2366.95,2367.8,1777877220,4859
2367.35,2367.35,2366.1,2366.4,1777877160,7215
2365.7,2365.85,2363.0,2363.0,1777877100,1149
2363.15,2363.25,2362.95,2363.0,1777877040,2112
2363.15,2363.25,2358.35,2363.05,1777876980,1694
2364.1,2364.35,2364.1,2364.35,1777876920,227
2364.3,2364.8,2364.2,2364.75,1777876860,1275
2364.25,2364.25,2363.25,2363.25,1777876800,656
2363.25,2364.25,2362.75,2364.15,1777876740,1068
2363.85,2364.5,2362.7,2364.1,1777876680,779
2364.15,2364.65,2362.25,2362.25,1777876620,492
2361.95,2361.95,2360.9,2361.05,1777876560,280
2361.65,2362.5,2360.65,2362.5,1777876500,63
2362.0,2362.0,2361.9,2361.95,1777876440,675
2361.65,2363.7,2361.65,2363.7,1777876380,2126
2364.2,2364.3,2363.05,2363.05,1777876320,2806
2362.2,2362.45,2360.85,2360.85,1777876260,1329
2360.4,2360.4,2358.0,2359.6,1777876200,6423
2361.1,2361.1,2355.85,2359.1,1777876140,9047
2359.4,2359.4,2358.15,2358.45,1777876080,4918
2357.45,2357.6,2353.05,2353.55,1777876020,16524
2353.8,2359.2,2352.0,2359.2,1777875960,7680
2359.65,2362.7,2355.9,2362.7,1777875900,10743
2362.8,2363.1,2357.55,2363.0,1777875840,13804
2363.55,2365.85,2363.2,2365.85,1777875780,3520
2365.65,2366.55,2365.65,2366.4,1777875720,984
2366.2,2366.3,2364.4,2365.05,1777875660,6668
2366.65,2367.45,2365.7,2367.45,1777875600,2587
2367.75,2370.65,2367.75,2370.65,1777875540,2249
2370.55,2370.55,2369.6,2369.75,1777875480,2432
2369.15,2369.15,2367.6,2368.4,1777875420,2487
2368.8,2370.5,2368.5,2370.5,1777875360,3512
2370.8,2371.05,2365.6,2371.05,1777875300,9531
2371.0,2372.45,2371.0,2372.4,1777875240,704
2372.2,2372.25,2371.7,2371.7,1777875180,1033
2371.4,2372.95,2371.4,2372.4,1777875120,4883
2371.5,2371.95,2371.5,2371.95,1777875060,585
2371.45,2371.45,2370.55,2370.6,1777875000,1886
2371.65,2371.75,2371.65,2371.75,1777874940,152
2371.55,2372.0,2371.35,2372.0,1777874880,840
2371.55,2372.35,2371.55,2372.1,1777874820,2841
2371.95,2372.05,2370.35,2372.0,1777874760,8823
2372.1,2373.25,2368.85,2373.25,1777874700,6769
2372.9,2373.6,2372.9,2373.35,1777874640,1271
2373.05,2375.25,2373.05,2375.25,1777874580,2231
2375.0,2375.0,2372.75,2374.2,1777874520,6817
2374.35,2375.0,2370.5,2375.0,1777874460,4140
2377.1,2377.45,2375.7,2375.7,1777874400,5851
2372.85,2375.35,2372.85,2375.05,1777874340,5119
2375.2,2375.35,2375.2,2375.3,1777874280,78
2376.1,2376.1,2375.6,2375.6,1777874220,1274
2375.45,2375.55,2374.4,2374.9,1777874160,663
2374.85,2375.15,2374.8,2374.95,1777874100,2165
2375.15,2375.4,2375.1,2375.4,1777874040,1358
2375.9,2376.2,2375.05,2376.2,1777873980,418
2376.2,2376.7,2376.2,2376.7,1777873920,135
2376.45,2376.5,2376.3,2376.3,1777873860,145
2375.4,2376.1,2375.25,2376.1,1777873800,1265
2375.7,2376.65,2375.7,2376.65,1777873740,2341
2376.7,2377.05,2376.7,2377.05,1777873680,141
2377.0,2378.45,2377.0,2378.45,1777873620,332
2378.35,2378.4,2377.85,2378.4,1777873560,560
2378.35,2378.8,2378.35,2378.8,1777873500,94
2379.25,2379.55,2377.8,2378.25,1777873440,358
2377.95,2378.0,2377.45,2377.65,1777873380,1205
2377.45,2377.6,2376.9,2377.55,1777873320,203
2378.1,2378.8,2378.1,2378.8,1777873260,238
2379.85,2380.05,2379.85,2380.05,1777873200,26
2379.5,2379.5,2378.9,2378.9,1777873140,1015
2379.3,2379.3,2378.5,2378.5,1777873080,502
2380.0,2380.55,2379.85,2380.55,1777873020,1166
2379.8,2380.1,2379.8,2379.95,1777872960,138
2379.55,2380.25,2379.0,2379.0,1777872900,2734
2379.1,2379.8,2376.65,2376.65,1777872840,7099
2376.8,2377.35,2376.65,2377.1,1777872780,2375
2377.35,2377.35,2376.0,2376.15,1777872720,2926
2376.4,2376.4,2373.75,2375.2,1777872660,5075
2375.65,2376.75,2375.55,2376.75,1777872600,2445
2376.9,2378.0,2376.9,2377.75,1777872540,2441
2378.0,2378.85,2378.0,2378.75,1777872480,1575
2377.2,2377.35,2375.8,2377.35,1777872420,2657
2376.85,2378.05,2375.95,2378.05,1777872360,1113
2379.15,2379.15,2378.6,2378.6,1777872300,334
2379.0,2379.0,2378.95,2378.95,1777872240,1030
2378.6,2379.0,2377.55,2377.9,1777872180,2665
2377.95,2378.8,2377.95,2378.8,1777872120,488
2378.7,2379.4,2377.65,2379.4,1777872060,5519
2379.65,2379.75,2379.3,2379.6,1777872000,2525
2379.6,2381.7,2377.15,2381.7,1777871940,2456
2381.55,2382.5,2381.55,2382.3,1777871880,786
2381.55,2382.1,2381.05,2381.05,1777871820,1019
2380.7,2383.7,2380.7,2383.1,1777871760,5779
2382.75,2383.3,2381.6,2383.3,1777871700,4193
2383.5,2384.0,2383.35,2383.55,1777871640,2920
2383.5,2384.9,2383.5,2384.9,1777871580,3238
2384.05,2384.65,2383.45,2384.65,1777871520,2981
2384.15,2384.95,2382.3,2384.95,1777871460,4139
2380.95,2386.25,2380.95,2386.25,1777871400,7798
2387.15,2387.35,2386.0,2386.0,1777871340,1259
2387.6,2387.9,2387.5,2387.7,1777871280,648
2389.8,2389.8,2389.75,2389.75,1777871220,205
2389.75,2389.75,2389.5,2389.5,1777871160,566
2388.9,2388.9,2388.9,2388.9,1777871100,50
2388.3,2388.85,2388.3,2388.85,1777871040,712
2388.0,2389.6,2387.1,2389.6,1777870980,3526
2388.95,2389.7,2386.9,2388.95,1777870920,3143
2388.95,2390.2,2388.35,2390.2,1777870860,3090
2389.95,2390.35,2389.6,2389.6,1777870800,381
2389.25,2389.8,2389.25,2389.8,1777870740,503
2389.35,2389.35,2388.95,2388.95,1777870680,122
2389.0,2389.6,2388.5,2389.6,1777870620,881
2390.5,2390.5,2390.35,2390.4,1777870560,1085
2389.7,2391.35,2389.7,2391.35,1777870500,3028
2392.15,2392.9,2392.15,2392.85,1777870440,443
2392.4,2393.0,2392.15,2392.15,1777870380,1874
2393.05,2394.05,2392.9,2394.05,1777870320,1606
2394.05,2394.2,2393.35,2393.5,1777870260,1085
2392.55,2392.55,2391.4,2391.4,1777870200,973
2391.9,2392.65,2391.9,2392.45,1777870140,686
2393.25,2394.0,2393.25,2393.65,1777870080,3226
2393.2,2393.3,2392.55,2392.55,1777870020,3523
2392.35,2392.35,2391.1,2391.1,1777869960,810
2390.95,2391.6,2390.9,2391.6,1777869900,425
2391.15,2391.15,2390.55,2390.55,1777869840,60
2389.9,2389.9,2389.9,2389.9,1777869780,0
2389.9,2389.9,2389.4,2389.7,1777869720,3640
2389.55,2389.6,2387.6,2389.0,1777869660,4824
2388.75,2389.0,2388.65,2388.7,1777869600,1443
2388.2,2390.0,2388.15,2390.0,1777869540,2119
2389.25,2391.35,2389.25,2391.35,1777869480,5207
2391.0,2391.0,2388.7,2388.7,1777869420,1820
2388.75,2391.4,2388.75,2391.4,1777869360,1066
2392.0,2392.5,2391.4,2392.5,1777869300,268
2391.55,2391.8,2387.15,2391.2,1777869240,6437
2390.55,2390.55,2389.3,2389.3,1777869180,106
2389.95,2389.95,2389.95,2389.95,1777869120,20
2391.1,2392.2,2390.7,2390.7,1777869060,1442
2390.7,2390.75,2390.15,2390.55,1777869000,2947
2389.4,2389.45,2389.05,2389.35,1777868940,702
2389.3,2389.65,2387.4,2387.9,1777868880,1314
2387.75,2388.75,2387.75,2388.6,1777868820,350
2388.05,2388.05,2388.05,2388.05,1777868760,26
2388.35,2388.4,2386.25,2386.25,1777868700,980
2387.2,2387.85,2386.95,2387.85,1777868640,415
2388.25,2389.9,2387.85,2389.9,1777868580,402
2390.2,2390.2,2386.35,2388.85,1777868520,2991
2389.65,2391.8,2389.65,2391.8,1777868460,249
2393.8,2398.85,2391.9,2395.45,1777868400,15096
2393.1,2395.9,2389.6,2389.95,1777868340,18202
2387.7,2388.6,2386.15,2386.15,1777868280,4450
2386.3,2386.3,2383.7,2383.7,1777868220,1796
2384.85,2386.4,2384.8,2386.35,1777868160,405
2386.6,2386.6,2384.9,2384.9,1777868100,2053
2384.95,2385.95,2382.35,2385.95,1777868040,2663
2386.5,2386.5,2385.9,2385.9,1777867980,485
2386.1,2387.0,2386.1,2387.0,1777867920,2928
2387.05,2387.35,2384.95,2387.15,1777867860,6813
2387.2,2387.5,2386.0,2386.0,1777867800,3599
2384.4,2387.05,2384.4,2386.5,1777867740,2963
2385.95,2385.95,2385.65,2385.65,1777867680,182
2385.5,2386.5,2385.5,2386.0,1777867620,701
2386.85,2386.85,2385.9,2385.9,1777867560,1609
2386.8,2387.4,2386.8,2387.4,1777867500,1139
2386.95,2387.3,2385.8,2386.5,1777867440,1738
2385.6,2386.5,2383.35,2383.6,1777867380,1650
2385.55,2385.55,2385.15,2385.15,1777867320,10203
2384.75,2385.0,2384.15,2384.5,1777867260,1382
2384.15,2385.55,2383.85,2385.4,1777867200,1321
2383.95,2383.95,2383.95,2383.95,1777867140,238
2383.4,2383.55,2382.25,2383.25,1777867080,6579
2382.7,2383.8,2382.7,2383.8,1777867020,193
2384.35,2384.35,2382.95,2382.95,1777866960,256
2382.4,2382.6,2382.4,2382.5,1777866900,745
2382.0,2382.2,2381.6,2382.0,1777866840,605
2382.3,2383.95,2381.85,2383.95,1777866780,609
2383.9,2383.9,2382.3,2382.35,1777866720,295
2383.1,2385.45,2383.1,2383.7,1777866660,4472
2383.75,2383.9,2381.8,2382.55,1777866600,1165
2383.2,2384.45,2383.2,2384.45,1777866540,870
2383.6,2383.6,2380.9,2380.9,1777866480,685
2380.25,2381.25,2380.25,2381.25,1777866420,5777
2381.25,2381.25,2379.4,2379.4,1777866360,401
2377.45,2379.4,2377.45,2379.05,1777866300,4462
2377.85,2377.85,2376.75,2376.75,1777866240,1754
2376.2,2376.3,2375.4,2376.0,1777866180,4286
2375.6,2375.65,2375.3,2375.65,1777866120,1902
2375.3,2376.95,2375.15,2376.95,1777866060,1975
2377.85,2377.85,2377.2,2377.2,1777866000,803
2376.75,2377.55,2376.75,2377.0,1777865940,885
2376.1,2376.35,2376.1,2376.35,1777865880,116
2378.6,2379.05,2378.45,2378.95,1777865820,1093
2378.55,2379.4,2378.55,2379.4,1777865760,363
2381.2,2381.2,2381.2,2381.2,1777865700,50
2381.0,2381.65,2380.65,2381.3,1777865640,4318
2380.1,2381.3,2380.1,2381.1,1777865580,1913
2381.15,2381.15,2381.15,2381.15,1777865520,20
2380.0,2381.9,2380.0,2381.9,1777865460,1498
2382.1,2384.1,2381.1,2382.75,1777865400,1096
2379.3,2379.65,2378.0,2378.35,1777865340,1312
2378.15,2380.65,2378.1,2380.65,1777865280,3524
2381.0,2381.0,2380.5,2380.5,1777865220,2
2380.5,2380.5,2380.5,2380.5,1777865160,50
2381.8,2382.3,2381.2,2381.3,1777865100,997
2382.0,2382.6,2382.0,2382.55,1777865040,405
2382.15,2383.3,2382.15,2383.2,1777864980,1590
2382.25,2385.15,2381.35,2385.15,1777864920,4450
2386.0,2390.65,2385.15,2385.15,1777864860,5362
2385.4,2385.4,2381.25,2381.25,1777864800,5821
2380.7,2380.75,2380.65,2380.75,1777864740,309
2380.05,2380.05,2380.05,2380.05,1777864680,70
2381.25,2381.25,2379.65,2379.85,1777864620,90
2379.9,2379.95,2379.85,2379.85,1777864560,380
2380.15,2382.9,2380.15,2382.9,1777864500,2320
2383.4,2384.1,2381.65,2381.65,1777864440,1231
2381.65,2386.1,2381.65,2385.15,1777864380,761
2381.6,2383.95,2381.6,2382.6,1777864320,6585
2381.0,2381.0,2379.1,2380.35,1777864260,642
2379.45,2379.45,2377.6,2378.3,1777864200,5356
2379.25,2381.3,2379.25,2379.6,1777864140,208
2379.25,2379.25,2377.3,2377.3,1777864080,6257
2377.3,2379.7,2377.3,2379.7,1777864020,1956
2379.15,2379.15,2377.65,2378.35,1777863960,1793
2377.95,2378.55,2376.45,2376.45,1777863900,2294
2375.6,2376.55,2375.15,2375.15,1777863840,6756
2374.0,2374.0,2371.1,2372.4,1777863780,2195
2372.35,2372.55,2372.0,2372.0,1777863720,307
2372.45,2375.8,2372.1,2374.8,1777863660,1778
2375.15,2376.25,2374.75,2376.25,1777863600,2309
2374.4,2377.95,2374.4,2377.95,1777863540,2708
2377.7,2378.8,2377.7,2378.8,1777863480,155
2379.9,2380.05,2379.9,2380.0,1777863420,1162
2379.8,2382.2,2379.3,2382.2,1777863360,1370
2385.0,2385.0,2382.5,2382.5,1777863300,3156
2382.3,2383.9,2382.3,2382.8,1777863240,2296
2382.4,2385.45,2382.4,2385.45,1777863180,1392
2384.2,2385.8,2383.9,2385.8,1777863120,1577
2386.8,2389.25,2379.8,2379.8,1777863060,13827
2379.8,2381.95,2379.25,2381.95,1777863000,1836
2381.7,2381.7,2379.6,2379.6,1777862940,3658
2379.7,2379.7,2378.45,2379.0,1777862880,4664
2378.95,2378.95,2376.8,2377.45,1777862820,616
2380.2,2380.7,2380.2,2380.7,1777862760,150
2379.95,2379.95,2379.1,2379.4,1777862700,1165
2379.75,2379.9,2377.8,2377.8,1777862640,857
2379.1,2380.2,2378.05,2380.2,1777862580,7127
2380.75,2380.75,2378.35,2378.35,1777862520,2429
2377.7,2383.05,2377.7,2381.45,1777862460,4266
2381.0,2381.0,2375.4,2376.7,1777862400,8882
2376.4,2377.15,2376.3,2377.15,1777862340,825
2378.35,2378.35,2375.65,2376.05,1777862280,1537
2372.8,2372.85,2371.95,2371.95,1777862220,900
2372.45,2376.45,2372.45,2372.95,1777862160,4714
2371.15,2371.25,2368.55,2368.75,1777862100,1028
2369.9,2370.0,2369.15,2369.55,1777862040,1355
2369.4,2369.4,2368.55,2368.55,1777861980,951
2368.75,2369.8,2368.75,2369.35,1777861920,290
2368.3,2369.8,2367.5,2369.8,1777861860,6107
2370.6,2370.6,2364.0,2364.45,1777861800,2679
2362.7,2362.7,2361.55,2361.55,1777861740,3329
2361.3,2362.4,2361.1,2362.4,1777861680,905
2361.5,2364.1,2361.5,2364.1,1777861620,62
2362.6,2362.6,2360.1,2360.1,1777861560,1384
2360.55,2361.85,2360.55,2361.4,1777861500,313
2364.1,2365.0,2364.1,2364.75,1777861440,1617
2365.3,2366.1,2364.8,2366.1,1777861380,3494
2368.45,2370.65,2368.25,2368.65,1777861320,2371
2367.3,2367.85,2366.7,2367.85,1777861260,880
2369.9,2371.1,2365.0,2365.0,1777861200,5472
2365.0,2365.0,2360.65,2360.65,1777861140,1943
2359.8,2365.95,2359.8,2359.9,1777861080,6415
2359.6,2359.6,2359.6,2359.6,1777861020,1
2355.9,2358.8,2355.9,2358.8,1777860960,1935
2360.45,2361.0,2360.0,2360.0,1777860900,2054
2359.15,2359.15,2359.15,2359.15,1777860840,45
2359.8,2359.8,2358.75,2358.75,1777860780,546
2359.0,2359.0,2359.0,2359.0,1777860720,277
2356.45,2356.45,2356.45,2356.45,1777860660,0
2356.45,2359.05,2356.45,2359.05,1777860600,2333
2360.3,2360.3,2356.35,2356.35,1777860540,758
2354.95,2355.15,2354.95,2355.15,1777860480,355
2354.2,2354.65,2353.0,2354.4,1777860420,1718
2354.25,2354.25,2352.45,2352.45,1777860360,503
2354.1,2356.05,2353.6,2353.6,1777860300,1548
2353.2,2355.5,2349.65,2350.15,1777860240,7218
2347.05,2348.6,2346.3,2346.3,1777860180,717
2343.85,2348.0,2343.85,2347.95,1777860120,1148
2348.5,2352.4,2347.05,2352.4,1777860060,1647
2352.45,2362.4,2352.45,2354.2,1777860000,14754
2347.8,2347.8,2347.8,2347.8,1777859940,10
2344.1,2344.1,2344.1,2344.1,1777859880,55
2342.85,2344.0,2342.85,2344.0,1777859820,300
2340.3,2353.6,2336.0,2347.4,1777859760,8937
2347.3,2347.55,2339.0,2339.0,1777859700,2847
2338.45,2338.45,2338.0,2338.0,1777859640,30
2338.75,2339.0,2338.65,2338.65,1777859580,2663
2338.8,2341.65,2338.8,2341.65,1777859520,1751
2340.2,2342.5,2334.5,2334.5,1777859460,3511
2334.2,2334.2,2332.25,2332.25,1777859400,645
2332.5,2332.5,2329.85,2330.0,1777859340,503
2328.2,2328.2,2328.2,2328.2,1777859280,1300
2328.15,2328.15,2327.85,2327.9,1777859220,522
2328.1,2328.2,2326.5,2327.05,1777859160,2459
2327.2,2327.3,2324.95,2325.4,1777859100,1492
2327.2,2327.55,2327.2,2327.55,1777859040,591
2327.85,2328.2,2327.85,2328.2,1777858980,319
2324.4,2329.65,2324.4,2329.65,1777858920,6463
2331.05,2331.05,2330.2,2330.2,1777858860,54
2329.9,2330.1,2329.75,2330.1,1777858800,518
2329.6,2329.9,2329.6,2329.9,1777858740,57
2330.5,2330.5,2328.75,2328.9,1777858680,1667
2327.75,2328.8,2327.4,2328.3,1777858620,122
2330.95,2332.5,2330.95,2332.05,1777858560,368
2331.95,2333.75,2330.1,2332.6,1777858500,4965
2332.35,2334.3,2331.95,2334.15,1777858440,2103
2334.35,2338.6,2334.35,2338.6,1777858380,2130
2338.45,2338.45,2330.35,2332.4,1777858320,2066
2330.75,2332.75,2327.3,2329.05,1777858260,4310
2327.9,2328.35,2320.65,2320.65,1777858200,8379
2316.6,2316.6,2316.6,2316.6,1777858140,200
2317.1,2317.1,2316.5,2316.5,1777858080,1401
2317.75,2317.75,2317.75,2317.75,1777858020,150
2313.05,2313.05,2313.05,2313.05,1777857960,0
2313.05,2313.05,2312.4,2312.4,1777857900,300
2312.5,2312.5,2312.5,2312.5,1777857840,386
2313.45,2313.45,2313.35,2313.35,1777857780,1380
2312.5,2312.5,2312.5,2312.5,1777857720,0
2312.5,2312.5,2312.5,2312.5,1777857660,9
2314.8,2314.8,2314.8,2314.8,1777857600,0
2314.8,2315.05,2314.8,2315.05,1777857540,324
2316.6,2316.6,2316.6,2316.6,1777857480,3
2317.0,2317.0,2315.6,2315.7,1777857420,901
2315.45,2317.6,2315.45,2317.6,1777857360,849
2316.95,2317.05,2316.95,2317.05,1777857300,143
2316.6,2316.6,2316.6,2316.6,1777857240,9
2315.35,2315.35,2315.35,2315.35,1777857180,96
2313.45,2313.55,2313.45,2313.55,1777857120,2160
2314.95,2314.95,2314.95,2314.95,1777857060,0
2314.95,2314.95,2314.95,2314.95,1777857000,0
2314.95,2314.95,2314.95,2314.95,1777856940,0
2314.95,2314.95,2314.95,2314.95,1777856880,560
2313.65,2313.65,2313.65,2313.65,1777856820,9
2314.7,2314.7,2314.0,2314.0,1777856760,610
2313.8,2313.8,2312.05,2312.05,1777856700,2341
2312.65,2314.15,2312.65,2314.15,1777856640,568
2314.15,2314.15,2314.15,2314.15,1777856580,30
2315.6,2315.7,2314.8,2314.8,1777856520,605
2316.55,2317.05,2316.55,2317.05,1777856460,330
2319.1,2320.4,2318.95,2318.95,1777856400,1193
2317.85,2318.6,2317.7,2318.6,1777856340,758
2319.25,2319.25,2319.05,2319.2,1777856280,761
2317.1,2317.1,2316.6,2316.6,1777856220,301
2316.8,2317.5,2315.15,2315.15,1777856160,1136
2314.1,2314.1,2313.8,2313.8,1777856100,483
2313.5,2313.5,2313.5,2313.5,1777856040,728
2313.65,2313.65,2312.2,2312.2,1777855980,1149
2311.9,2312.15,2311.9,2312.15,1777855920,673
2312.15,2314.3,2312.15,2314.3,1777855860,630
2315.05,2315.05,2314.45,2314.45,1777855800,505
2315.1,2315.1,2315.1,2315.1,1777855740,58
2314.5,2314.5,2314.5,2314.5,1777855680,32
2313.0,2313.0,2313.0,2313.0,1777855620,0
2313.0,2313.0,2313.0,2313.0,1777855560,389
2312.5,2312.5,2312.5,2312.5,1777855500,351
2311.45,2311.45,2310.8,2310.8,1777855440,720
2310.15,2310.15,2310.15,2310.15,1777855380,0
2310.15,2310.15,2310.15,2310.15,1777855320,0
2310.15,2310.15,2310.15,2310.15,1777855260,10
2310.45,2310.45,2310.3,2310.3,1777855200,508
2309.8,2309.8,2309.8,2309.8,1777855140,10
2309.45,2309.65,2309.45,2309.65,1777855080,150
2309.3,2309.3,2309.3,2309.3,1777855020,76
2312.8,2312.8,2312.8,2312.8,1777854960,0
2312.8,2312.8,2312.55,2312.55,1777854900,6
2314.5,2314.5,2314.5,2314.5,1777854840,0
2314.5,2314.5,2314.5,2314.5,1777854780,0
2314.5,2314.5,2314.2,2314.2,1777854720,476
2313.05,2313.05,2311.55,2311.6,1777854660,370
2311.45,2311.5,2311.45,2311.5,1777854600,86
2312.7,2313.75,2312.5,2313.75,1777854540,854
2313.8,2313.95,2311.3,2312.0,1777854480,2299
2310.9,2310.9,2310.9,2310.9,1777854420,80
2308.8,2308.8,2308.8,2308.8,1777854360,204
2309.95,2309.95,2308.9,2308.9,1777854300,120
2310.4,2310.4,2309.75,2309.95,1777854240,932
2308.75,2308.75,2308.75,2308.75,1777854180,0
2308.75,2308.75,2308.0,2308.15,1777854120,2262
2309.0,2312.3,2306.5,2312.3,1777854060,6663
2312.3,2312.3,2311.45,2312.0,1777854000,2419
2313.55,2313.55,2313.55,2313.55,1777853940,200
2313.65,2313.65,2313.65,2313.65,1777853880,500
2312.35,2312.9,2311.8,2312.45,1777853820,7189
2316.85,2316.85,2316.85,2316.85,1777853760,0
2316.85,2316.85,2316.85,2316.85,1777853700,10
2316.95,2316.95,2315.5,2315.5,1777853640,497
2313.55,2315.35,2313.55,2315.35,1777853580,5243
2315.25,2315.25,2313.95,2314.4,1777853520,3281
2315.95,2317.35,2315.95,2317.35,1777853460,150
2317.45,2317.45,2316.05,2316.05,1777853400,726
2314.0,2315.1,2314.0,2315.1,1777853340,65
2318.05,2318.05,2317.9,2317.9,1777853280,690
2319.45,2319.45,2319.45,2319.45,1777853220,2
2316.8,2316.8,2316.8,2316.8,1777853160,0
2316.8,2316.8,2316.8,2316.8,1777853100,0
2316.8,2316.8,2316.45,2316.45,1777853040,240
2319.35,2319.35,2319.35,2319.35,1777852980,0
2319.35,2319.35,2319.35,2319.35,1777852920,300
2318.0,2318.0,2316.75,2316.75,1777852860,354
2316.25,2320.0,2315.9,2320.0,1777852800,1455
2321.35,2321.35,2321.35,2321.35,1777852740,184
2321.15,2321.15,2320.5,2320.5,1777852680,659
2321.6,2321.6,2321.6,2321.6,1777852620,0
2321.6,2321.6,2321.6,2321.6,1777852560,50
2323.7,2323.9,2323.7,2323.9,1777852500,615
2322.85,2322.85,2322.85,2322.85,1777852440,0
2322.85,2322.85,2322.85,2322.85,1777852380,0
2322.85,2322.85,2322.85,2322.85,1777852320,0
2322.85,2322.85,2322.85,2322.85,1777852260,0
2322.85,2322.85,2322.85,2322.85,1777852200,0
2322.85,2322.85,2322.6,2322.6,1777852140,582
2320.4,2320.4,2320.4,2320.4,1777852080,0
2320.4,2320.4,2320.4,2320.4,1777852020,0
2320.4,2320.4,2320.4,2320.4,1777851960,0
2320.4,2322.55,2320.4,2322.55,1777851900,53
2323.3,2323.7,2323.3,2323.7,1777851840,171
2325.85,2325.85,2325.85,2325.85,1777851780,0
2325.85,2325.85,2325.85,2325.85,1777851720,5
2326.6,2326.6,2326.6,2326.6,1777851660,0
2326.6,2326.6,2326.6,2326.6,1777851600,1
2327.1,2327.1,2326.75,2326.75,1777851540,476
2323.75,2323.75,2323.75,2323.75,1777851480,0
2323.75,2323.75,2323.75,2323.75,1777851420,470
2324.9,2324.9,2324.9,2324.9,1777851360,0
2324.9,2324.9,2324.9,2324.9,1777851300,0
2324.9,2324.9,2324.75,2324.75,1777851240,614
2327.05,2327.05,2327.05,2327.05,1777851180,50
2324.1,2324.1,2324.1,2324.1,1777851120,0
2324.1,2324.1,2324.1,2324.1,1777851060,0
2324.1,2324.1,2324.1,2324.1,1777851000,10
2324.75,2325.55,2324.75,2325.25,1777850940,140
2325.9,2325.9,2325.9,2325.9,1777850880,45
2324.15,2324.15,2323.5,2323.5,1777850820,252
2325.55,2325.55,2325.55,2325.55,1777850760,0
2325.55,2325.55,2325.55,2325.55,1777850700,100
2326.25,2326.25,2325.3,2325.45,1777850640,1203
2324.85,2325.0,2320.75,2325.0,1777850580,2143
2328.75,2330.75,2328.75,2330.75,1777850520,761
2333.85,2333.85,2333.85,2333.85,1777850460,10
2335.05,2335.05,2335.05,2335.05,1777850400,0
2335.05,2335.05,2335.05,2335.05,1777850340,0
2335.05,2335.05,2335.05,2335.05,1777850280,10
2335.1,2335.65,2335.1,2335.25,1777850220,572
2336.45,2336.45,2335.6,2335.6,1777850160,636
2334.65,2334.65,2334.65,2334.65,1777850100,105
2335.8,2335.8,2335.8,2335.8,1777850040,0
2335.8,2335.8,2335.8,2335.8,1777849980,135
2337.35,2337.35,2337.35,2337.35,1777849920,0
2337.35,2338.45,2337.35,2338.45,1777849860,571
2338.95,2339.65,2338.95,2339.65,1777849800,1478
2340.0,2340.4,2340.0,2340.4,1777849740,509
2342.1,2342.1,2342.1,2342.1,1777849680,500
2341.9,2341.9,2341.9,2341.9,1777849620,647
2345.85,2345.85,2345.85,2345.85,1777849560,0
2345.85,2345.85,2345.85,2345.85,1777849500,10
2345.0,2345.7,2345.0,2345.7,1777849440,500
2345.35,2345.35,2345.35,2345.35,1777849380,295
2343.4,2343.4,2342.45,2342.45,1777849320,763
2341.25,2341.25,2340.0,2340.0,1777849260,777
2341.55,2341.55,2341.55,2341.55,1777849200,8
2342.85,2342.85,2342.85,2342.85,1777849140,128
2342.7,2342.7,2342.7,2342.7,1777849080,10
2341.65,2341.65,2341.65,2341.65,1777849020,0
2341.65,2341.8,2341.65,2341.8,1777848960,200
2341.65,2341.65,2341.65,2341.65,1777848900,0
2341.65,2341.65,2341.65,2341.65,1777848840,8
2341.5,2341.5,2341.5,2341.5,1777848780,0
2341.5,2341.6,2340.9,2341.05,1777848720,393
2344.3,2344.3,2344.3,2344.3,1777848660,50
2349.15,2349.15,2349.15,2349.15,1777848600,0
2349.15,2349.15,2349.15,2349.15,1777848540,0
2349.15,2349.15,2349.15,2349.15,1777848480,105
2347.75,2347.75,2347.75,2347.75,1777848420,1
2349.55,2350.8,2347.25,2347.25,1777848360,1226
2345.8,2345.8,2345.8,2345.8,1777848300,0
2345.8,2345.8,2345.8,2345.8,1777848240,171
2344.0,2344.15,2344.0,2344.15,1777848180,58
2343.2,2343.2,2341.55,2341.55,1777848120,1401
2340.55,2340.55,2340.55,2340.55,1777848060,58
2339.75,2339.75,2339.65,2339.65,1777848000,446
2337.95,2338.1,2337.95,2338.1,1777847940,244
2338.4,2338.4,2338.4,2338.4,1777847880,1
2336.7,2336.7,2336.7,2336.7,1777847820,3
2337.25,2337.25,2337.25,2337.25,1777847760,33
2338.9,2338.9,2338.9,2338.9,1777847700,0
2338.9,2339.45,2337.9,2337.9,1777847640,772
2337.35,2337.35,2337.35,2337.35,1777847580,12
2333.75,2333.75,2333.75,2333.75,1777847520,100
2338.55,2338.55,2338.55,2338.55,1777847460,0
2338.55,2338.55,2338.55,2338.55,1777847400,0
2338.55,2338.55,2338.55,2338.55,1777847340,0
2338.55,2338.55,2338.55,2338.55,1777847280,0
2338.55,2338.55,2338.4,2338.4,1777847220,600
2334.1,2334.1,2334.1,2334.1,1777847160,0
2334.1,2334.1,2334.1,2334.1,1777847100,500
2336.2,2336.2,2336.2,2336.2,1777847040,0
2336.2,2338.7,2336.2,2338.7,1777846980,405
2340.8,2340.8,2340.8,2340.8,1777846920,10
2344.4,2344.4,2344.4,2344.4,1777846860,0
2344.4,2344.4,2344.4,2344.4,1777846800,126
2345.2,2345.2,2345.2,2345.2,1777846740,400
2344.85,2344.85,2344.85,2344.85,1777846680,230
2345.1,2349.35,2345.1,2349.35,1777846560,370
2355.5,2356.1,2349.6,2349.85,1777846500,15390
2347.25,2350.25,2342.0,2342.0,1777846440,28563
2337.85,2337.85,2337.85,2337.85,1777846380,0
2337.85,2340.75,2337.8,2340.75,1777846320,1446
2336.7,2336.7,2336.7,2336.7,1777846260,0
2336.7,2336.7,2334.4,2334.4,1777846200,371
2336.05,2336.05,2336.05,2336.05,1777846140,0
2336.05,2336.05,2336.05,2336.05,1777846080,0
2336.05,2336.05,2336.05,2336.05,1777846020,0
2336.05,2336.05,2336.05,2336.05,1777845960,0
2336.05,2336.2,2336.05,2336.2,1777845900,91
2337.05,2337.05,2336.05,2336.05,1777845840,245
2337.7,2342.0,2337.7,2341.05,1777845780,450
2337.45,2338.25,2329.65,2330.85,1777845720,1203
2323.45,2323.45,2323.45,2323.45,1777845660,0
2323.45,2323.45,2323.45,2323.45,1777845600,4
2322.55,2322.95,2322.55,2322.95,1777845540,400
2321.75,2321.75,2321.75,2321.75,1777845480,1
2320.7,2320.7,2320.7,2320.7,1777845420,0
2320.7,2320.7,2320.7,2320.7,1777845360,43
2322.0,2322.0,2322.0,2322.0,1777845300,288
2319.8,2319.85,2319.8,2319.85,1777845240,300
2319.55,2319.55,2319.55,2319.55,1777845180,0
2319.55,2319.55,2319.15,2319.15,1777845120,586
2318.05,2318.05,2318.05,2318.05,1777845060,11
2317.75,2317.8,2317.75,2317.8,1777845000,85
2320.25,2320.25,2320.15,2320.15,1777844940,349
2320.05,2320.05,2320.05,2320.05,1777844880,300
2319.65,2319.95,2319.65,2319.95,1777844820,148
2317.55,2319.35,2317.55,2319.35,1777844760,220
2317.95,2317.95,2317.85,2317.85,1777844700,31
2318.4,2321.55,2310.25,2321.55,1777844640,47390
2321.6,2323.45,2321.6,2323.2,1777844580,2338
2324.95,2326.0,2324.95,2326.0,1777844520,877
2326.95,2327.1,2326.95,2327.1,1777844460,791
2328.95,2328.95,2328.95,2328.95,1777844400,0
2328.95,2328.95,2328.95,2328.95,1777844340,5
2328.8,2328.8,2327.7,2327.7,1777844280,6
2328.7,2328.7,2328.7,2328.7,1777844220,29
2330.45,2330.45,2330.45,2330.45,1777844160,1
2330.55,2330.55,2330.55,2330.55,1777844100,1
2330.2,2330.2,2330.2,2330.2,1777844040,0
2330.2,2330.2,2330.2,2330.2,1777843980,0
2330.2,2330.2,2330.2,2330.2,1777843920,0
2330.2,2330.2,2330.2,2330.2,1777843860,369
2330.0,2330.0,2329.2,2329.2,1777843800,373
2329.55,2329.55,2329.05,2329.05,1777843740,212
2329.7,2329.8,2329.7,2329.8,1777843680,9
2329.6,2329.6,2329.6,2329.6,1777843620,42
2329.0,2329.0,2329.0,2329.0,1777843560,300
2330.3,2330.35,2329.85,2329.85,1777843500,9
2330.35,2331.3,2330.35,2331.3,1777843440,6
2331.1,2331.8,2331.1,2331.8,1777843380,226
2331.8,2331.8,2331.8,2331.8,1777843320,301
2330.75,2330.75,2330.75,2330.75,1777843260,0
2330.75,2330.75,2330.7,2330.7,1777843200,85
2330.75,2330.75,2329.9,2329.9,1777843140,11
2330.85,2330.85,2330.85,2330.85,1777843080,100
2330.05,2331.2,2330.0,2331.2,1777843020,1418
2331.95,2331.95,2331.95,2331.95,1777842960,460
2332.2,2332.2,2332.05,2332.05,1777842900,671
2332.35,2332.35,2331.75,2331.75,1777842840,150
2331.05,2331.05,2330.95,2330.95,1777842780,109
2330.55,2330.55,2330.55,2330.55,1777842720,50
2332.15,2332.15,2332.0,2332.0,1777842660,942
2332.0,2332.0,2329.7,2329.7,1777842600,2451
2329.0,2329.0,2328.95,2328.95,1777842540,600
2329.0,2329.0,2329.0,2329.0,1777842480,0
2329.0,2329.0,2329.0,2329.0,1777842420,2
2327.8,2327.8,2327.8,2327.8,1777842360,10
2326.25,2326.25,2326.25,2326.25,1777842300,0
2326.25,2326.25,2326.0,2326.0,1777842240,1820
2326.45,2326.45,2324.55,2324.85,1777842180,678
2324.25,2326.6,2324.25,2326.6,1777842120,9933
2326.15,2326.8,2326.1,2326.8,1777842060,483
2327.2,2328.95,2327.15,2328.95,1777842000,135
2328.4,2328.4,2328.3,2328.3,1777841940,36
2328.2,2328.2,2328.2,2328.2,1777841880,0
2328.2,2328.2,2328.2,2328.2,1777841820,0
2328.2,2328.55,2328.2,2328.55,1777841760,94
2328.05,2328.05,2328.05,2328.05,1777841700,10
2328.05,2328.05,2328.05,2328.05,1777841640,389
2329.55,2329.55,2328.95,2328.95,1777841580,122
2328.5,2328.5,2328.5,2328.5,1777841520,2
2328.0,2328.0,2328.0,2328.0,1777841460,800
2329.2,2329.2,2328.05,2328.75,1777841400,1468
2327.0,2329.1,2327.0,2328.3,1777841340,360
2328.0,2333.15,2328.0,2333.15,1777841280,2269
2334.15,2334.15,2334.1,2334.1,1777841220,46
2334.4,2335.6,2334.4,2335.6,1777841160,522
2336.1,2336.1,2335.25,2335.25,1777841100,230
2335.25,2335.25,2335.25,2335.25,1777841040,27
2335.6,2335.6,2335.5,2335.5,1777840980,1100
2335.75,2335.75,2335.35,2335.35,1777840920,1021
2335.25,2336.2,2335.25,2335.65,1777840860,831
2335.45,2337.8,2335.45,2337.8,1777840800,164
2339.25,2339.25,2339.25,2339.25,1777840740,90
2339.15,2339.15,2339.15,2339.15,1777840680,0
2339.15,2340.65,2339.15,2340.65,1777840620,21
2343.6,2343.8,2339.95,2340.25,1777840560,28716
2338.15,2341.45,2338.1,2338.15,1777840500,20619
2335.0,2335.0,2335.0,2335.0,1777840440,102
2334.9,2334.9,2334.9,2334.9,1777840380,0
2334.9,2335.05,2334.9,2335.05,1777840320,299
2335.9,2336.25,2335.2,2335.2,1777840260,7
2335.4,2335.4,2335.15,2335.15,1777840200,886
2334.45,2334.45,2333.2,2333.2,1777840140,420
2333.0,2334.5,2333.0,2334.5,1777840080,362
2333.3,2333.3,2333.3,2333.3,1777840020,50
2335.35,2335.35,2335.35,2335.35,1777839960,0
2335.35,2335.35,2335.35,2335.35,1777839900,2
2338.05,2340.9,2334.0,2334.0,1777839840,11043
2331.95,2331.95,2331.95,2331.95,1777839780,60
2331.95,2331.95,2331.95,2331.95,1777839720,99
2331.95,2332.35,2331.95,2332.35,1777839660,4
2332.7,2332.7,2332.7,2332.7,1777839600,0
2332.7,2332.7,2332.25,2332.25,1777839540,495
2332.25,2332.35,2332.25,2332.35,1777839480,151
2331.0,2331.05,2331.0,2331.05,1777839420,468
2331.2,2331.5,2331.2,2331.5,1777839360,34
2332.0,2332.65,2332.0,2332.65,1777839300,334
2332.85,2332.85,2332.85,2332.85,1777839240,0
2332.85,2332.85,2332.85,2332.85,1777839180,1
2334.5,2334.5,2334.5,2334.5,1777839120,0
2334.5,2334.5,2334.5,2334.5,1777839060,10
2333.2,2333.2,2333.2,2333.2,1777839000,450
2333.45,2333.5,2333.45,2333.5,1777838940,45
2333.35,2333.35,2333.35,2333.35,1777838880,20
2333.95,2333.95,2333.95,2333.95,1777838820,226
2333.15,2333.2,2333.15,2333.2,1777838760,27
2333.2,2333.2,2333.15,2333.15,1777838700,27
2335.05,2335.35,2335.05,2335.35,1777838640,20
2335.1,2335.1,2335.1,2335.1,1777838580,5
2334.85,2334.85,2334.8,2334.8,1777838520,156
2335.15,2335.55,2334.95,2335.0,1777838460,1168
2335.25,2335.25,2334.2,2334.2,1777838400,9
2334.75,2334.75,2334.75,2334.75,1777838340,0
2334.75,2334.75,2334.75,2334.75,1777838280,15
2334.55,2334.55,2334.55,2334.55,1777838220,101
2334.6,2334.6,2334.6,2334.6,1777838160,810
2334.75,2334.75,2334.75,2334.75,1777838100,0
2334.75,2334.8,2334.75,2334.8,1777838040,213
2334.45,2334.45,2334.45,2334.45,1777837980,21
2334.05,2334.3,2334.0,2334.3,1777837920,1306
2334.65,2334.65,2334.2,2334.2,1777837860,11
2334.15,2334.15,2333.7,2333.7,1777837800,555
2333.75,2333.95,2333.75,2333.95,1777837740,30
2333.3,2333.3,2333.25,2333.25,1777837680,50
2332.05,2332.2,2332.05,2332.2,1777837620,525
2332.1,2332.9,2332.1,2332.9,1777837560,991
2335.2,2335.2,2334.0,2334.0,1777837500,1091
2334.0,2334.45,2334.0,2334.45,1777837440,2457
2333.7,2333.7,2333.65,2333.65,1777837380,219
2333.35,2333.35,2333.35,2333.35,1777837320,3
2333.65,2333.65,2333.65,2333.65,1777837260,150
2333.6,2333.65,2333.6,2333.65,1777837200,668
2333.45,2333.45,2333.45,2333.45,1777837140,368
2333.55,2333.55,2332.8,2333.5,1777837080,1347
2333.5,2334.15,2333.5,2334.1,1777837020,3160
2334.1,2334.55,2333.55,2334.55,1777836960,1693
2334.9,2335.7,2334.9,2335.7,1777836900,520
2336.4,2337.1,2333.65,2333.65,1777836840,13711
2332.45,2333.25,2331.95,2331.95,1777836780,4203
2330.4,2330.4,2329.3,2329.3,1777836720,1886
2328.05,2328.05,2328.05,2328.05,1777836660,9
2327.75,2327.75,2327.75,2327.75,1777836600,11
2327.7,2328.0,2327.7,2327.95,1777836540,682
2327.75,2327.85,2327.75,2327.85,1777836480,2090
2327.75,2327.85,2327.75,2327.8,1777836420,405
2327.75,2327.75,2327.55,2327.55,1777836360,52
2327.5,2327.5,2327.35,2327.35,1777836300,140
2327.25,2327.45,2327.25,2327.45,1777836240,52
2327.7,2327.7,2327.5,2327.5,1777836180,60
2327.75,2327.8,2327.75,2327.8,1777836120,826
2327.75,2328.0,2327.15,2328.0,1777836060,1073
2327.85,2328.05,2327.8,2327.8,1777836000,851
2327.7,2327.9,2327.65,2327.9,1777835940,1108
2327.8,2328.15,2327.8,2328.1,1777835880,1337
2328.1,2328.35,2328.1,2328.35,1777835820,534
2329.05,2329.7,2328.75,2328.75,1777835760,1718
2328.75,2328.95,2328.75,2328.95,1777835700,508
2328.85,2328.9,2328.7,2328.75,1777835640,1521
2328.9,2329.0,2328.9,2329.0,1777835580,12
2328.85,2329.25,2328.85,2329.2,1777835520,1801
2329.2,2329.2,2329.1,2329.2,1777835460,665
2329.9,2330.3,2329.8,2330.3,1777835400,568
2330.25,2330.3,2330.25,2330.3,1777835340,218
2330.8,2330.8,2330.8,2330.8,1777835280,1028
2331.25,2331.3,2330.2,2330.2,1777835220,1051
2329.5,2329.6,2329.45,2329.45,1777835160,57
2329.5,2329.5,2329.5,2329.5,1777835100,392
2329.5,2329.5,2329.15,2329.15,1777835040,789
2329.25,2329.45,2329.25,2329.45,1777834980,101
2329.45,2329.65,2329.25,2329.4,1777834920,228
2329.8,2329.8,2329.8,2329.8,1777834860,137
2329.8,2329.8,2329.8,2329.8,1777834800,100
2329.8,2329.8,2329.75,2329.75,1777834740,1224
2329.75,2329.75,2329.75,2329.75,1777834680,21
2329.6,2329.65,2329.6,2329.65,1777834620,2
2329.8,2329.85,2329.8,2329.85,1777834560,776
2329.75,2330.35,2329.75,2330.2,1777834500,440
2330.55,2331.35,2330.55,2331.35,1777834440,760
2331.2,2331.35,2331.2,2331.35,1777834380,670
2331.4,2331.9,2331.4,2331.9,1777834320,2201
2331.45,2331.45,2331.45,2331.45,1777834260,150
2331.15,2331.15,2330.45,2330.45,1777834200,372
2330.55,2330.55,2330.55,2330.55,1777834140,200
2330.7,2330.7,2329.9,2329.9,1777834080,240
2329.85,2332.45,2329.85,2329.9,1777834020,6500
2329.85,2329.85,2329.85,2329.85,1777833960,5
2330.25,2330.25,2329.45,2329.45,1777833900,1099
2330.3,2330.3,2330.1,2330.1,1777833840,14
2329.5,2329.5,2329.1,2329.1,1777833780,250
2329.1,2329.1,2328.95,2328.95,1777833720,4924
2328.9,2328.9,2328.75,2328.75,1777833660,395
2329.0,2329.0,2329.0,2329.0,1777833600,920
2329.7,2329.7,2329.15,2329.25,1777833540,1290
2329.15,2329.15,2329.0,2329.0,1777833480,23
2329.1,2329.1,2329.1,2329.1,1777833420,0
2329.1,2329.1,2329.1,2329.1,1777833360,35
2328.95,2329.2,2328.95,2329.2,1777833300,88
2329.95,2329.95,2328.5,2329.95,1777833240,505
2330.0,2330.25,2330.0,2330.25,1777833180,1487
2330.8,2330.8,2330.8,2330.8,1777833120,0
2330.8,2331.05,2330.75,2330.75,1777833060,6045
2331.5,2331.6,2331.35,2331.35,1777833000,1060
2331.2,2331.7,2331.2,2331.7,1777832940,383
2332.15,2332.7,2331.4,2331.4,1777832880,1013
2331.45,2331.8,2331.25,2331.25,1777832820,595
2331.1,2331.1,2330.9,2330.9,1777832760,501
2330.75,2331.85,2330.45,2330.5,1777832700,6845
2330.2,2330.2,2330.15,2330.15,1777832640,120
2329.95,2329.95,2329.95,2329.95,1777832580,407
2329.65,2329.7,2329.65,2329.7,1777832520,20
2329.55,2330.15,2329.3,2330.15,1777832460,1909
2330.1,2330.2,2329.55,2330.2,1777832400,2323
2330.15,2330.35,2328.55,2328.55,1777832340,2767
2328.8,2328.8,2327.6,2327.6,1777832280,375
2327.35,2327.35,2327.2,2327.2,1777832220,260
2326.9,2327.6,2326.9,2327.55,1777832160,217
2327.55,2327.55,2327.1,2327.25,1777832100,2969
2328.5,2328.55,2328.5,2328.55,1777832040,482
2328.35,2328.45,2328.35,2328.45,1777831980,622
2328.5,2328.5,2328.05,2328.05,1777831920,1284
2328.0,2328.65,2328.0,2328.65,1777831860,839
2328.65,2329.3,2328.65,2329.3,1777831800,5143
2329.3,2329.3,2328.95,2329.0,1777831740,2797
2328.7,2329.0,2328.3,2329.0,1777831680,2186
2329.25,2329.75,2329.2,2329.65,1777831620,832
2329.6,2329.65,2329.55,2329.65,1777831560,539
2329.6,2329.7,2329.45,2329.65,1777831500,4653
2329.5,2330.1,2329.45,2330.1,1777831440,710
2330.2,2330.35,2330.05,2330.35,1777831380,1595
2330.1,2330.6,2330.1,2330.6,1777831320,277
2330.6,2330.7,2330.55,2330.65,1777831260,1130
2330.65,2331.4,2330.65,2330.75,1777831200,5424
2330.65,2330.65,2330.15,2330.15,1777831140,896
2330.15,2330.15,2330.05,2330.15,1777831080,606
2330.1,2330.15,2330.05,2330.1,1777831020,1498
2330.15,2330.2,2330.05,2330.05,1777830960,2229
2330.05,2330.3,2330.05,2330.3,1777830900,758
2330.35,2330.35,2329.95,2329.95,1777830840,5141
2329.95,2329.95,2329.7,2329.7,1777830780,179
2329.2,2330.4,2329.2,2330.35,1777830720,1974
2329.95,2330.15,2329.75,2329.75,1777830660,1027
2329.8,2330.1,2329.75,2330.1,1777830600,517
2330.7,2330.75,2329.55,2329.65,1777830540,5559
2329.45,2330.65,2329.45,2330.65,1777830480,1412
2330.85,2331.15,2330.5,2331.15,1777830420,1925
2331.0,2331.1,2330.9,2331.0,1777830360,2001
2331.3,2332.45,2331.3,2332.45,1777830300,1492
2332.4,2332.45,2331.8,2331.8,1777830240,1914
2331.8,2332.35,2331.8,2332.35,1777830180,933
2332.5,2333.0,2332.5,2333.0,1777830120,916
2333.0,2333.0,2332.6,2332.85,1777830060,1838
2332.85,2333.0,2332.45,2332.45,1777830000,1399
2332.2,2334.15,2332.2,2334.15,1777829940,1443
2334.1,2334.1,2332.95,2333.3,1777829880,2569
2333.3,2334.45,2333.3,2333.75,1777829820,5361
2333.75,2334.2,2333.2,2334.2,1777829760,518
2334.0,2334.3,2333.05,2333.1,1777829700,533
2333.1,2333.1,2332.45,2332.5,1777829640,485
2332.65,2333.9,2332.45,2333.0,1777829580,6842
2333.0,2333.0,2332.25,2332.25,1777829520,3116
2332.45,2332.45,2332.45,2332.45,1777829460,149
2331.8,2331.8,2331.25,2331.25,1777829400,604
2331.25,2331.4,2331.2,2331.2,1777829340,790
2331.0,2331.5,2330.95,2331.5,1777829280,1378
2332.95,2333.0,2331.7,2332.6,1777829220,1247
2333.05,2333.25,2332.65,2333.25,1777829160,1204
2333.75,2333.75,2332.95,2333.0,1777829100,1093
2332.35,2333.25,2332.35,2333.25,1777829040,1004
2332.25,2332.95,2331.5,2331.5,1777828980,3246
2331.5,2332.3,2328.9,2328.9,1777828920,2457
2328.95,2330.2,2328.95,2330.0,1777828860,1326
2329.8,2329.8,2329.75,2329.75,1777828800,6
2329.75,2329.75,2329.7,2329.7,1777828740,14
2329.15,2329.35,2327.7,2328.8,1777828680,3131
2328.85,2328.95,2328.35,2328.35,1777828620,5389
2328.35,2328.6,2328.3,2328.45,1777828560,1258
2328.5,2328.5,2327.25,2327.3,1777828500,1160
2327.3,2327.3,2327.3,2327.3,1777828440,52
2327.3,2327.3,2327.3,2327.3,1777828380,0
2327.3,2327.55,2327.25,2327.55,1777828320,1349
2328.05,2328.05,2326.0,2326.0,1777828260,972
2325.95,2326.0,2324.9,2324.9,1777828200,1277
2325.05,2325.85,2325.0,2325.85,1777828140,657
2325.7,2325.8,2325.25,2325.8,1777828080,37
2325.75,2325.8,2325.65,2325.8,1777828020,509
2325.45,2325.6,2324.75,2324.75,1777827960,482
2325.65,2325.65,2324.1,2324.1,1777827900,2043
2324.25,2324.25,2323.5,2323.65,1777827840,1537
2323.5,2323.5,2319.4,2323.5,1777827780,3869
2323.5,2324.25,2323.15,2323.7,1777827720,2106
2324.35,2325.8,2320.85,2325.8,1777827660,7064
2326.05,2327.25,2326.05,2327.25,1777827600,1183
2327.25,2327.25,2326.75,2327.2,1777827540,1868
2328.15,2328.15,2327.95,2328.1,1777827480,565
2328.05,2328.05,2328.0,2328.0,1777827420,6
2327.8,2327.8,2327.25,2327.25,1777827360,36
2327.5,2327.6,2327.5,2327.6,1777827300,754
2327.6,2327.7,2327.35,2327.7,1777827240,1335
2327.65,2328.15,2327.65,2328.05,1777827180,56
2327.95,2328.35,2327.95,2328.05,1777827120,177
2327.95,2328.5,2327.95,2328.0,1777827060,2483
2327.95,2328.95,2327.75,2327.75,1777827000,3402
2327.8,2328.1,2327.7,2328.05,1777826940,2017
2328.1,2329.9,2328.1,2329.9,1777826880,3240
2329.95,2329.95,2329.0,2329.1,1777826820,4549
2329.05,2329.05,2329.0,2329.05,1777826760,1477
2329.1,2329.25,2328.95,2329.25,1777826700,1097
2329.25,2329.4,2329.15,2329.15,1777826640,3005
2328.9,2329.15,2327.85,2329.1,1777826580,3111
2328.95,2329.05,2328.85,2328.85,1777826520,3680
2328.4,2328.4,2328.05,2328.05,1777826460,960
2328.1,2329.25,2328.05,2329.25,1777826400,677
2329.55,2330.0,2329.4,2329.4,1777826340,525
2329.0,2329.65,2328.95,2329.65,1777826280,1414
2329.7,2332.9,2329.5,2330.25,1777826220,8716
2330.25,2331.15,2330.25,2331.1,1777826160,7156
2331.35,2338.05,2330.8,2331.65,1777826100,21736
2331.55,2331.55,2329.2,2329.2,1777826040,2146
2329.2,2329.35,2328.45,2328.45,1777825980,2169
2328.45,2329.85,2327.2,2327.2,1777825920,10009
2327.4,2327.55,2327.4,2327.55,1777825860,571
2327.6,2328.25,2326.9,2326.95,1777825800,1337
2327.25,2327.3,2322.75,2326.9,1777825740,6378
2326.9,2327.15,2326.8,2327.05,1777825680,5808
2327.05,2327.05,2326.75,2326.9,1777825620,511
2326.65,2327.3,2326.65,2327.3,1777825560,342
2326.95,2326.95,2325.35,2325.35,1777825500,2246
2325.3,2325.55,2323.65,2323.65,1777825440,790
2324.4,2324.4,2323.15,2323.2,1777825380,961
2323.25,2323.3,2322.1,2322.1,1777825320,400
2321.85,2322.5,2321.7,2321.75,1777825260,1494
2321.8,2322.7,2317.15,2322.7,1777825200,11301
2322.7,2324.25,2321.85,2324.2,1777825140,6766
2324.6,2324.6,2324.35,2324.5,1777825080,1022
2324.5,2324.5,2323.6,2323.6,1777825020,1051
2323.45,2323.85,2323.45,2323.85,1777824960,1219
2324.2,2324.3,2323.85,2324.25,1777824900,1260
2324.35,2324.4,2324.35,2324.35,1777824840,334
2324.4,2324.5,2324.25,2324.5,1777824780,138
2324.15,2324.7,2324.15,2324.7,1777824720,165
2324.7,2324.7,2324.7,2324.7,1777824660,536
2324.15,2324.9,2323.95,2324.9,1777824600,537
2324.95,2324.95,2324.0,2324.0,1777824540,278
2324.65,2325.15,2321.6,2325.15,1777824480,4300
2325.85,2327.2,2325.65,2327.2,1777824420,2224
2327.05,2328.4,2327.05,2328.4,1777824360,157
2328.5,2329.2,2328.45,2328.8,1777824300,866
2329.0,2329.0,2328.65,2328.95,1777824240,200
2328.4,2328.55,2327.7,2327.7,1777824180,390
2327.65,2328.15,2327.65,2328.15,1777824120,5442
2328.05,2329.2,2328.0,2328.5,1777824060,412
2328.2,2329.7,2328.2,2328.65,1777824000,5532
2327.2,2327.65,2327.2,2327.5,1777823940,6822
2327.3,2327.6,2327.0,2327.6,1777823880,1048
2327.5,2327.6,2327.05,2327.6,1777823820,543
2328.0,2328.0,2326.4,2326.4,1777823760,6911
2326.0,2326.15,2325.95,2326.15,1777823700,568
2326.0,2326.55,2326.0,2326.4,1777823640,628
2325.35,2325.85,2325.35,2325.85,1777823580,487
2326.0,2326.35,2324.85,2324.85,1777823520,293
2325.35,2326.05,2325.35,2325.8,1777823460,5445
2324.9,2325.35,2323.9,2323.9,1777823400,576
2323.75,2325.85,2323.75,2325.85,1777823340,2821
2325.75,2325.75,2325.1,2325.1,1777823280,479
2325.2,2325.95,2325.1,2325.8,1777823220,5601
2324.75,2325.95,2324.75,2325.95,1777823160,3615
2326.25,2326.55,2326.0,2326.5,1777823100,2093
2327.1,2327.15,2327.05,2327.1,1777823040,1478
2327.0,2327.0,2326.7,2326.7,1777822980,1743
2326.85,2326.85,2326.05,2326.6,1777822920,483
2326.0,2326.45,2326.0,2326.4,1777822860,1247
2326.05,2326.1,2325.6,2325.75,1777822800,3324
2326.8,2326.85,2326.8,2326.85,1777822740,342
2326.85,2327.2,2326.8,2327.2,1777822680,1749
2327.15,2328.0,2324.25,2328.0,1777822620,11733
2328.0,2328.1,2327.9,2328.1,1777822560,1206
2327.75,2328.9,2327.75,2328.7,1777822500,1041
2328.2,2329.0,2328.1,2328.6,1777822440,3075
2328.0,2329.0,2327.85,2329.0,1777822380,174
2329.45,2329.65,2329.35,2329.35,1777822320,1699
2329.65,2330.6,2329.6,2330.6,1777822260,5078
2330.9,2332.85,2330.45,2330.45,1777822200,16972
2330.45,2330.7,2330.35,2330.5,1777822140,2011
2330.65,2330.65,2329.4,2329.4,1777822080,787
2329.4,2331.75,2329.1,2329.6,1777822020,10829
2329.55,2329.6,2327.9,2327.9,1777821960,1621
2327.95,2328.15,2327.9,2328.15,1777821900,1493
2327.85,2327.85,2327.35,2327.5,1777821840,1133
2327.45,2327.85,2327.45,2327.85,1777821780,1647
2327.75,2327.95,2327.6,2327.75,1777821720,1931
2327.55,2327.8,2327.55,2327.8,1777821660,606
2328.7,2329.05,2328.7,2329.05,1777821600,1820
2328.95,2329.1,2328.95,2328.95,1777821540,3764
2328.2,2328.25,2328.2,2328.25,1777821480,2578
2328.15,2328.6,2328.05,2328.6,1777821420,1826
2328.55,2329.0,2328.15,2329.0,1777821360,3058
2328.0,2328.0,2327.65,2327.65,1777821300,2054
2327.65,2327.65,2327.55,2327.55,1777821240,2
2327.25,2327.3,2327.25,2327.3,1777821180,523
2327.2,2327.35,2327.15,2327.15,1777821120,7820
2327.25,2328.2,2327.25,2327.65,1777821060,3430
2327.65,2327.85,2327.5,2327.85,1777821000,2098
2327.8,2328.0,2327.65,2328.0,1777820940,1060
2328.05,2328.35,2327.75,2327.75,1777820880,94
2327.5,2328.2,2327.35,2327.35,1777820820,884
2327.3,2328.35,2327.3,2328.15,1777820760,2399
2328.5,2329.0,2327.85,2328.45,1777820700,1744
2328.1,2328.5,2328.05,2328.5,1777820640,1036
2327.65,2328.45,2327.35,2328.45,1777820580,1672
2329.1,2329.95,2328.8,2328.8,1777820520,2468
2328.3,2329.05,2328.15,2329.0,1777820460,1043
2329.15,2329.45,2327.95,2328.0,1777820400,7788
2327.7,2327.7,2327.25,2327.3,1777820340,1135
2327.05,2328.25,2327.05,2327.75,1777820280,3631
2327.3,2327.4,2327.3,2327.35,1777820220,2427
2327.4,2328.4,2327.05,2328.4,1777820160,5899
2328.75,2328.75,2326.95,2326.95,1777820100,4902
2326.85,2328.0,2326.85,2328.0,1777820040,1694
2327.55,2327.6,2326.95,2326.95,1777819980,2763
2326.6,2326.6,2322.95,2325.1,1777819920,8893
2325.1,2325.1,2324.95,2325.0,1777819860,2747
2325.0,2325.05,2323.35,2323.35,1777819800,2261
2323.35,2323.5,2322.85,2322.9,1777819740,2421
2322.65,2323.65,2322.65,2323.65,1777819680,959
2323.8,2324.0,2323.8,2323.85,1777819620,719
2323.95,2324.9,2323.95,2324.9,1777819560,551
2325.0,2325.0,2324.95,2325.0,1777819500,888
2324.95,2324.95,2324.75,2324.75,1777819440,960
2325.05,2325.05,2324.8,2324.8,1777819380,1504
2324.85,2324.95,2324.85,2324.9,1777819320,811
2324.95,2324.95,2324.95,2324.95,1777819260,13
2324.5,2324.6,2324.3,2324.6,1777819200,1677
2324.45,2324.75,2324.45,2324.65,1777819140,2208
2324.55,2324.55,2324.55,2324.55,1777819080,116
2324.55,2325.15,2324.5,2324.5,1777819020,155
2324.55,2324.95,2324.55,2324.9,1777818960,337
2324.95,2326.0,2324.75,2324.75,1777818900,5500
2324.2,2324.25,2324.15,2324.15,1777818840,600
2324.15,2324.15,2323.75,2323.75,1777818780,375
2323.2,2323.2,2322.95,2322.95,1777818720,109
2323.15,2323.2,2323.15,2323.15,1777818660,38
2323.1,2323.75,2322.9,2323.7,1777818600,893
2323.65,2323.65,2323.65,2323.65,1777818540,91
2323.65,2323.65,2323.6,2323.6,1777818480,82
2323.3,2323.3,2322.4,2322.7,1777818420,1137
2322.7,2322.9,2322.7,2322.9,1777818360,101
2322.75,2322.75,2322.2,2322.2,1777818300,391
2322.2,2323.0,2322.15,2322.15,1777818240,1080
2322.45,2322.45,2322.0,2322.0,1777818180,715
2321.6,2321.6,2320.75,2321.45,1777818120,3580
2321.15,2322.35,2320.45,2322.35,1777818060,1291
2322.4,2323.7,2322.4,2323.7,1777818000,758
2324.15,2324.15,2322.9,2322.9,1777817940,518
2322.85,2323.8,2322.85,2323.8,1777817880,844
2325.0,2325.55,2325.0,2325.55,1777817820,2184
2325.6,2325.95,2325.25,2325.8,1777817760,2089
2325.75,2325.75,2325.35,2325.4,1777817700,2121
2324.85,2324.85,2324.55,2324.55,1777817640,4999
2324.6,2324.6,2324.55,2324.55,1777817580,200
2324.55,2324.75,2324.25,2324.25,1777817520,120
2323.85,2324.0,2323.85,2323.85,1777817460,495
2323.85,2324.7,2323.85,2324.65,1777817400,2079
2324.3,2324.45,2323.35,2323.45,1777817340,203
2323.4,2324.05,2322.85,2324.05,1777817280,1214
2323.9,2324.7,2323.9,2324.5,1777817220,435
2324.6,2325.0,2323.95,2324.0,1777817160,906
2324.0,2324.25,2324.0,2324.25,1777817100,46
2324.25,2324.7,2324.0,2324.7,1777817040,2552
2325.3,2325.3,2324.0,2324.0,1777816980,542
2324.0,2324.0,2323.45,2323.45,1777816920,1236
2323.5,2323.5,2322.8,2322.8,1777816860,1224
2321.3,2322.35,2321.3,2322.35,1777816800,1058
2321.25,2321.25,2321.2,2321.2,1777816740,647
2322.4,2323.2,2322.4,2323.15,1777816680,383
2322.95,2322.95,2322.5,2322.5,1777816620,109
2322.4,2322.45,2322.15,2322.15,1777816560,689
2322.8,2322.8,2322.1,2322.1,1777816500,434
2322.15,2322.15,2322.0,2322.0,1777816440,921
2322.05,2322.55,2321.7,2321.7,1777816380,6917
2321.5,2321.55,2321.0,2321.55,1777816320,1716
2321.5,2321.5,2321.35,2321.5,1777816260,1806
2321.65,2321.7,2320.8,2320.8,1777816200,2197
2321.95,2322.15,2321.95,2322.15,1777816140,508
2322.2,2322.55,2321.7,2321.7,1777816080,453
2322.0,2323.55,2321.8,2322.7,1777816020,2583
2322.6,2322.6,2321.4,2321.4,1777815960,1070
2321.3,2321.8,2321.3,2321.65,1777815900,1920
2321.55,2321.55,2320.5,2320.5,1777815840,2018
2320.5,2320.95,2319.05,2319.8,1777815780,5577
2320.25,2322.5,2319.15,2322.5,1777815720,10302
2322.45,2323.65,2322.45,2323.65,1777815660,747
2324.05,2324.85,2324.05,2324.85,1777815600,1477
2324.3,2325.2,2324.3,2325.15,1777815540,2363
2325.1,2325.6,2325.1,2325.6,1777815480,150
2326.3,2326.35,2326.2,2326.3,1777815420,974
2325.05,2325.05,2325.05,2325.05,1777815360,24
2325.5,2325.7,2325.0,2325.15,1777815300,2087
2325.2,2325.55,2325.2,2325.55,1777815240,309
2325.55,2325.6,2325.55,2325.6,1777815180,726
2325.85,2325.85,2325.85,2325.85,1777815120,391
2324.8,2324.85,2324.65,2324.65,1777815060,1137
2324.8,2325.0,2323.95,2323.95,1777815000,6255
2324.1,2324.1,2323.0,2323.0,1777814940,1101
2323.0,2323.1,2323.0,2323.1,1777814880,1425
2323.55,2323.6,2322.8,2323.5,1777814820,3460
2323.55,2324.4,2323.55,2324.4,1777814760,1234
2324.2,2324.2,2324.2,2324.2,1777814700,827
2324.85,2324.85,2323.7,2323.7,1777814640,1124
2323.7,2323.8,2323.6,2323.7,1777814580,1456
2323.95,2324.0,2323.85,2323.85,1777814520,1310
2323.8,2324.4,2323.8,2324.4,1777814460,1251
2323.9,2324.05,2323.85,2323.85,1777814400,894
2324.15,2325.0,2324.1,2325.0,1777814340,1824
2325.1,2326.15,2325.1,2326.15,1777814280,1272
2326.15,2326.55,2325.95,2326.4,1777814220,3505
2326.05,2326.4,2325.8,2326.25,1777814160,634
2326.65,2326.7,2326.1,2326.65,1777814100,2903
2326.3,2326.7,2326.3,2326.7,1777814040,1744
2326.7,2326.8,2326.65,2326.7,1777813980,822
2326.7,2326.9,2326.6,2326.9,1777813920,32
2327.0,2327.0,2327.0,2327.0,1777813860,750
2326.75,2327.65,2326.75,2327.45,1777813800,3127
2327.4,2327.4,2325.8,2325.8,1777813740,4319
2325.65,2325.65,2325.5,2325.5,1777813680,331
2325.45,2325.95,2325.45,2325.55,1777813620,2649
2325.75,2325.85,2325.3,2325.3,1777813560,6342
2325.35,2325.85,2325.3,2325.45,1777813500,1614
2325.4,2325.4,2324.0,2324.0,1777813440,1224
2324.0,2324.75,2323.85,2324.75,1777813380,674
2324.7,2324.75,2324.35,2324.35,1777813320,224
2324.4,2324.4,2323.55,2323.55,1777813260,981
2323.6,2324.95,2323.35,2324.75,1777813200,1047
2324.6,2324.6,2323.9,2323.95,1777813140,3282
2323.9,2323.9,2322.65,2322.65,1777813080,1327
2322.45,2323.0,2321.95,2323.0,1777813020,3235
2319.05,2323.2,2319.05,2323.15,1777812960,11869
2323.25,2324.4,2323.25,2324.4,1777812900,1902
2324.5,2324.5,2324.5,2324.5,1777812840,825
2324.95,2325.1,2324.85,2324.85,1777812780,480
2324.75,2325.5,2324.75,2325.5,1777812720,2573
2324.95,2324.95,2324.65,2324.65,1777812660,902
2324.7,2324.7,2324.0,2324.5,1777812600,1555
2324.5,2325.25,2324.4,2325.25,1777812540,888
2325.2,2325.7,2325.2,2325.7,1777812480,1168
2325.55,2325.55,2324.85,2324.85,1777812420,400
2324.35,2324.35,2324.3,2324.3,1777812360,677
2324.3,2324.35,2324.3,2324.35,1777812300,200
2324.3,2324.3,2324.3,2324.3,1777812240,10
2324.35,2324.8,2324.35,2324.8,1777812180,2627
2323.6,2323.6,2323.6,2323.6,1777812120,800
2324.1,2324.7,2324.1,2324.7,1777812060,639
2324.7,2324.7,2323.7,2323.8,1777812000,1538
2323.8,2323.95,2323.8,2323.95,1777811940,25
2323.75,2324.1,2323.75,2324.1,1777811880,1125
2324.05,2324.05,2324.0,2324.0,1777811820,931
2323.8,2324.5,2323.6,2324.4,1777811760,3213
2324.15,2324.15,2323.9,2323.9,1777811700,561
2324.25,2324.25,2323.3,2323.3,1777811640,129
2323.6,2323.7,2323.45,2323.45,1777811580,1469
2323.4,2324.4,2323.4,2324.4,1777811520,458
2324.5,2325.75,2324.5,2325.75,1777811460,240
2325.6,2326.25,2325.6,2326.25,1777811400,486
2325.9,2326.25,2325.85,2325.85,1777811340,1064
2326.0,2326.3,2326.0,2326.3,1777811280,582
2325.9,2325.9,2325.35,2325.35,1777811220,3083
2325.25,2325.25,2324.65,2324.65,1777811160,5932
2324.4,2324.6,2323.85,2324.55,1777811100,1641
2324.25,2325.05,2324.25,2324.95,1777811040,3626
2325.0,2325.05,2325.0,2325.05,1777810980,182
2325.25,2325.85,2325.25,2325.85,1777810920,1537
2325.3,2325.6,2325.25,2325.25,1777810860,1033
2325.4,2326.75,2325.4,2325.6,1777810800,899
2325.65,2326.15,2325.65,2325.95,1777810740,723
2325.85,2327.15,2325.6,2327.15,1777810680,1414
2326.65,2327.15,2326.65,2327.05,1777810620,4824
2327.1,2327.7,2327.1,2327.7,1777810560,1375
2328.0,2329.7,2327.2,2328.55,1777810500,3325
2329.4,2329.4,2328.35,2328.6,1777810440,6799
2329.2,2334.05,2326.1,2326.25,1777810380,13381
2326.5,2329.45,2326.5,2328.2,1777810320,6078
2327.8,2328.75,2324.3,2324.4,1777810260,11171
2325.0,2325.05,2323.2,2323.35,1777810200,11303
2323.2,2323.2,2322.6,2322.6,1777810140,500
2322.2,2322.2,2322.2,2322.2,1777810080,85
2323.05,2323.8,2322.45,2322.45,1777810020,2104
2323.25,2323.3,2323.1,2323.15,1777809960,1397
2320.6,2321.95,2320.6,2321.95,1777809900,908
2321.7,2322.4,2321.7,2322.4,1777809840,261
2322.35,2322.65,2321.6,2321.6,1777809780,1247
2321.75,2321.75,2320.45,2320.45,1777809720,1593
2320.45,2321.0,2320.45,2320.85,1777809660,1089
2320.95,2321.15,2319.3,2319.3,1777809600,4564
2318.6,2319.25,2318.6,2319.25,1777809540,578
2319.1,2319.3,2318.65,2319.3,1777809480,4093
2319.35,2319.35,2319.2,2319.3,1777809420,1854
2319.3,2319.75,2318.8,2318.8,1777809360,1154
2315.1,2321.0,2315.1,2321.0,1777809300,10090
2320.6,2321.65,2320.6,2321.35,1777809240,2329
2321.35,2321.35,2321.35,2321.35,1777809180,104
2321.5,2322.0,2321.45,2321.55,1777809120,699
2321.55,2322.2,2321.35,2321.6,1777809060,11790
2322.75,2325.75,2322.55,2325.35,1777809000,3625
2324.6,2326.95,2324.4,2326.9,1777808940,4775
2325.5,2326.5,2322.4,2322.4,1777808880,9909
2322.9,2324.35,2319.15,2319.15,1777808820,11461
2319.4,2321.9,2319.35,2321.05,1777808760,1327
2320.0,2321.5,2320.0,2321.5,1777808700,1823
2320.75,2321.55,2320.75,2321.5,1777808640,135
2321.5,2323.2,2319.15,2319.15,1777808580,22546
2319.0,2319.0,2319.0,2319.0,1777808520,92
2318.35,2318.5,2317.6,2317.65,1777808460,540
2317.45,2317.55,2317.15,2317.15,1777808400,950
2317.0,2319.0,2316.95,2319.0,1777808340,781
2318.75,2318.75,2315.75,2315.8,1777808280,1738
2316.2,2316.65,2316.2,2316.65,1777808220,604
2317.1,2318.0,2315.9,2318.0,1777808160,3358
2318.1,2320.0,2316.45,2316.7,1777808100,6107
2316.7,2317.3,2314.35,2314.35,1777808040,8057
2314.9,2314.9,2314.35,2314.35,1777807980,7542
2314.35,2314.35,2313.35,2313.35,1777807920,365
2312.9,2312.9,2312.8,2312.8,1777807860,616
2312.8,2312.8,2312.7,2312.7,1777807800,79
2312.55,2312.55,2312.55,2312.55,1777807740,669
2312.25,2312.4,2312.25,2312.3,1777807680,1449
2312.4,2312.6,2312.4,2312.5,1777807620,638
2312.4,2312.7,2312.4,2312.65,1777807560,1244
2312.7,2312.7,2312.7,2312.7,1777807500,300
2312.55,2312.65,2312.45,2312.65,1777807440,161
2312.8,2312.85,2312.65,2312.65,1777807380,653
2312.7,2312.7,2312.05,2312.5,1777807320,2445
2312.55,2312.6,2312.55,2312.55,1777807260,160
2312.65,2312.75,2312.6,2312.75,1777807200,863
2313.2,2313.35,2313.0,2313.35,1777807140,875
2313.3,2313.45,2313.25,2313.45,1777807080,2247
2313.4,2313.95,2313.05,2313.9,1777807020,2595
2314.1,2314.1,2313.9,2313.95,1777806960,999
2313.9,2314.2,2313.8,2313.8,1777806900,1801
2313.6,2313.95,2313.6,2313.95,1777806840,234
2314.15,2314.3,2314.1,2314.1,1777806780,817
2314.15,2314.25,2314.05,2314.25,1777806720,476
2314.45,2315.35,2314.35,2315.35,1777806660,1422
2315.4,2315.45,2313.0,2313.0,1777806600,6792
2313.0,2313.0,2312.4,2312.55,1777806540,1177
2312.0,2312.0,2311.7,2311.7,1777806480,136
2311.7,2311.7,2311.25,2311.4,1777806420,1098
2311.35,2311.8,2311.2,2311.2,1777806360,6496
2310.85,2310.95,2310.85,2310.95,1777806300,2
2311.3,2311.3,2311.25,2311.3,1777806240,61
2310.9,2311.0,2310.9,2311.0,1777806180,270
2310.3,2310.6,2310.3,2310.6,1777806120,1219
2310.0,2310.0,2309.6,2309.95,1777806060,592
2309.55,2310.4,2309.0,2310.4,1777806000,2566
2310.55,2311.0,2310.5,2310.6,1777805940,1210
2310.4,2310.9,2310.4,2310.9,1777805880,1201
2310.7,2310.7,2310.6,2310.65,1777805820,1567
2310.75,2310.9,2310.4,2310.75,1777805760,1908
2311.05,2311.6,2311.05,2311.6,1777805700,539
2311.75,2311.85,2311.35,2311.35,1777805640,440
2311.3,2311.75,2311.3,2311.55,1777805580,401
2311.5,2311.55,2311.5,2311.5,1777805520,1427
2311.25,2311.25,2311.2,2311.2,1777805460,812
2311.25,2311.25,2311.05,2311.1,1777805400,1444
2311.2,2311.35,2310.95,2310.95,1777805340,1155
2311.6,2311.65,2311.6,2311.65,1777805280,1298
2311.75,2312.05,2311.75,2311.85,1777805220,8470
2312.05,2313.1,2311.85,2313.1,1777805160,923
2313.6,2313.65,2313.6,2313.65,1777805100,335
2313.65,2313.65,2313.6,2313.6,1777805040,1003
2313.65,2314.05,2313.65,2314.05,1777804980,704
2314.45,2314.45,2313.7,2313.7,1777804920,696
2313.7,2313.75,2313.45,2313.75,1777804860,271
2313.35,2313.35,2312.85,2312.85,1777804800,1097
2312.85,2313.2,2312.65,2313.15,1777804740,2502
2313.25,2313.3,2313.2,2313.3,1777804680,1224
2312.95,2313.05,2312.95,2312.95,1777804620,482
2312.6,2313.55,2312.6,2313.1,1777804560,3428
2313.15,2314.05,2313.1,2314.0,1777804500,8318
2313.95,2314.0,2313.0,2313.0,1777804440,1475
2313.1,2313.1,2312.8,2312.85,1777804380,910
2312.6,2312.8,2312.6,2312.8,1777804320,670
2312.1,2312.1,2311.6,2311.6,1777804260,728
2311.35,2311.35,2310.15,2310.4,1777804200,640
2310.5,2310.5,2310.4,2310.5,1777804140,1258
2310.35,2310.45,2310.3,2310.45,1777804080,101
2310.7,2310.95,2310.7,2310.95,1777804020,393
2310.75,2311.25,2310.75,2311.25,1777803960,518
2311.3,2311.3,2311.3,2311.3,1777803900,310
2311.25,2311.7,2311.25,2311.7,1777803840,211
2311.7,2312.3,2311.7,2312.3,1777803780,201
2312.25,2312.35,2312.15,2312.15,1777803720,1620
2312.2,2312.3,2312.1,2312.3,1777803660,200
2312.3,2312.3,2312.15,2312.15,1777803600,31
2312.15,2312.2,2311.8,2311.95,1777803540,6019
2312.4,2312.4,2312.25,2312.25,1777803480,562
2312.4,2312.4,2312.15,2312.15,1777803420,1917
2311.75,2312.25,2311.75,2312.25,1777803360,1338
2312.4,2312.8,2312.4,2312.75,1777803300,590
2312.75,2312.8,2312.4,2312.4,1777803240,423
2312.35,2312.5,2312.35,2312.5,1777803180,123
2312.65,2312.65,2312.6,2312.6,1777803120,785
2312.8,2312.8,2312.5,2312.55,1777803060,4871
2312.7,2312.95,2312.55,2312.95,1777803000,2056
2312.8,2312.8,2311.55,2311.55,1777802940,233
2311.6,2311.6,2311.55,2311.6,1777802880,693
2311.6,2311.6,2311.4,2311.6,1777802820,1195
2312.0,2312.15,2311.2,2311.7,1777802760,1529
2312.15,2313.05,2312.15,2313.05,1777802700,1658
2313.05,2313.7,2313.05,2313.7,1777802640,2224
2314.0,2314.15,2314.0,2314.15,1777802580,2962
2314.0,2314.4,2314.0,2314.4,1777802520,135
2314.55,2314.95,2314.55,2314.95,1777802460,667
2315.45,2315.45,2315.45,2315.45,1777802400,150
2315.6,2315.85,2315.55,2315.85,1777802340,692
2315.5,2315.5,2315.45,2315.45,1777802280,1175
2315.5,2315.5,2314.7,2314.85,1777802220,821
2314.8,2315.0,2314.7,2315.0,1777802160,695
2315.05,2315.05,2314.9,2314.95,1777802100,1541
2314.95,2315.4,2314.9,2315.4,1777802040,2699
2316.5,2316.7,2316.25,2316.25,1777801980,310
2316.3,2316.3,2316.3,2316.3,1777801920,1
2316.0,2316.1,2316.0,2316.1,1777801860,99
2315.45,2315.7,2315.45,2315.7,1777801800,144
2315.65,2315.65,2315.4,2315.4,1777801740,1275
2315.4,2315.4,2314.25,2314.25,1777801680,1051
2314.4,2314.5,2314.4,2314.5,1777801620,1338
2314.1,2314.55,2314.1,2314.45,1777801560,550
2314.8,2315.3,2314.8,2315.25,1777801500,2135
2315.55,2315.65,2315.55,2315.65,1777801440,1434
2315.6,2315.7,2315.6,2315.7,1777801380,2000
2315.6,2316.25,2315.6,2315.75,1777801320,3091
2316.05,2316.65,2316.05,2316.55,1777801260,522
2316.8,2319.95,2316.8,2319.95,1777801200,9410
2320.35,2320.75,2314.85,2314.85,1777801140,36036
2314.8,2314.9,2312.85,2312.85,1777801080,7622
2313.15,2313.35,2312.3,2312.5,1777801020,1770
2313.05,2313.05,2311.8,2311.9,1777800960,396
2311.8,2311.95,2311.8,2311.9,1777800900,517
2311.85,2312.0,2311.3,2311.35,1777800840,1420
2310.95,2312.25,2310.95,2312.25,1777800780,1602
2312.3,2312.3,2312.0,2312.3,1777800720,1903
2311.3,2313.1,2311.3,2313.1,1777800660,3023
2313.1,2313.2,2310.4,2311.25,1777800600,2087
2311.35,2312.2,2311.35,2312.2,1777800540,3620
2312.5,2312.6,2312.5,2312.6,1777800480,3
2311.65,2311.85,2311.15,2311.25,1777800420,2370
2311.3,2311.6,2311.25,2311.35,1777800360,3086
2311.0,2312.05,2310.35,2310.35,1777800300,5241
2310.35,2310.85,2309.2,2309.8,1777800240,1779
2309.85,2309.9,2308.95,2308.95,1777800180,4230
2308.85,2309.05,2308.15,2308.2,1777800120,1743
2308.2,2308.2,2308.15,2308.2,1777800060,329
2308.2,2308.2,2308.2,2308.2,1777800000,101
2307.7,2307.85,2307.4,2307.4,1777799940,1600
2307.35,2307.45,2307.35,2307.4,1777799880,647
2307.35,2307.4,2307.25,2307.25,1777799820,733
2307.25,2307.3,2307.25,2307.25,1777799760,935
2307.3,2307.35,2307.3,2307.35,1777799700,10
2307.4,2307.4,2307.15,2307.35,1777799640,328
2308.0,2308.0,2308.0,2308.0,1777799580,1030
2307.9,2307.95,2307.85,2307.9,1777799520,368
2307.4,2307.4,2307.4,2307.4,1777799460,0
2307.4,2307.8,2307.3,2307.8,1777799400,1658
2307.9,2307.9,2307.75,2307.9,1777799340,917
2307.5,2307.5,2307.15,2307.15,1777799280,937
2306.9,2307.05,2306.9,2307.05,1777799220,715
2306.7,2306.7,2306.6,2306.6,1777799160,549
2306.6,2306.6,2306.45,2306.55,1777799100,178
2306.35,2307.05,2306.35,2307.05,1777799040,250
2307.05,2307.25,2306.3,2306.45,1777798980,2960
2306.6,2306.7,2306.6,2306.6,1777798920,835
2306.7,2307.1,2306.55,2307.1,1777798860,2695
2307.1,2307.15,2307.1,2307.15,1777798800,295
2307.2,2307.2,2307.15,2307.2,1777798740,468
2307.6,2307.6,2307.5,2307.5,1777798680,385
2307.35,2307.35,2307.2,2307.3,1777798620,402
2307.2,2307.4,2307.2,2307.35,1777798560,1171
2307.85,2307.95,2307.85,2307.95,1777798500,1701
2308.0,2308.3,2307.95,2308.3,1777798440,1728
2308.2,2308.35,2308.2,2308.3,1777798380,404
2308.25,2308.5,2308.25,2308.5,1777798320,1154
2308.35,2308.85,2308.35,2308.8,1777798260,746
2309.3,2309.3,2309.0,2309.0,1777798200,620
2308.95,2309.4,2308.95,2309.4,1777798140,1126
2309.4,2309.9,2309.4,2309.5,1777798080,181
2309.45,2309.45,2309.45,2309.45,1777798020,350
2309.2,2309.2,2309.1,2309.1,1777797960,850
2309.15,2309.25,2308.9,2308.9,1777797900,2845
2308.85,2308.85,2308.85,2308.85,1777797840,60
2309.25,2309.3,2308.5,2308.5,1777797780,2248
2308.25,2308.35,2308.2,2308.35,1777797720,1316
2308.15,2308.3,2308.15,2308.2,1777797660,677
2308.15,2308.3,2308.0,2308.3,1777797600,1490
2308.25,2308.4,2308.25,2308.35,1777797540,5648
2309.5,2309.5,2308.15,2308.15,1777797480,4145
2307.75,2307.75,2307.75,2307.75,1777797420,248
2307.7,2307.7,2307.7,2307.7,1777797360,505
2307.05,2307.05,2306.5,2306.5,1777797300,2235
2306.35,2307.05,2306.35,2307.0,1777797240,948
2307.2,2307.5,2307.2,2307.5,1777797180,1300
2307.6,2307.65,2307.6,2307.6,1777797120,877
2307.8,2307.85,2307.75,2307.85,1777797060,374
2307.35,2307.5,2307.35,2307.5,1777797000,3762
2307.55,2307.7,2307.55,2307.7,1777796940,129
2307.65,2307.7,2307.65,2307.65,1777796880,1253
2307.55,2308.15,2307.55,2308.15,1777796820,1095
2308.45,2308.45,2308.3,2308.3,1777796760,252
2308.3,2308.4,2308.25,2308.4,1777796700,474
2308.3,2308.3,2308.2,2308.2,1777796640,1932
2308.2,2308.75,2308.0,2308.75,1777796580,1532
2308.9,2309.15,2308.9,2309.15,1777796520,1876
2309.35,2309.4,2309.25,2309.4,1777796460,224
2309.9,2309.9,2309.35,2309.35,1777796400,27
2309.4,2310.0,2309.4,2310.0,1777796340,3875
2309.95,2310.05,2309.8,2309.8,1777796280,810
2309.8,2310.4,2309.8,2310.4,1777796220,1480
2310.2,2310.2,2309.95,2309.95,1777796160,13
2310.0,2310.0,2309.75,2309.75,1777796100,869
2309.85,2310.0,2309.65,2309.7,1777796040,538
2310.2,2310.2,2309.75,2309.75,1777795980,405
2309.8,2309.8,2309.6,2309.65,1777795920,514
2309.7,2310.1,2309.7,2310.1,1777795860,237
2310.35,2310.35,2310.35,2310.35,1777795800,10
2310.95,2311.5,2310.9,2311.5,1777795740,527
2311.2,2311.2,2310.15,2310.15,1777795680,3239
2310.0,2310.25,2309.8,2309.8,1777795620,447
2309.85,2310.05,2309.85,2310.05,1777795560,358
2310.2,2310.6,2309.55,2309.6,1777795500,1277
2309.6,2309.85,2308.6,2308.6,1777795440,1404
2308.4,2308.4,2308.4,2308.4,1777795380,192
2308.3,2308.7,2308.25,2308.7,1777795320,1183
2308.75,2308.75,2308.7,2308.7,1777795260,561
2308.65,2308.65,2307.9,2307.95,1777795200,202
2308.2,2308.2,2308.1,2308.1,1777795140,219
2307.95,2308.0,2307.95,2308.0,1777795080,750
2307.95,2307.95,2307.4,2307.9,1777795020,803
2307.9,2307.95,2307.5,2307.55,1777794960,776
2307.55,2308.0,2307.55,2308.0,1777794900,1295
2308.05,2309.05,2308.0,2309.05,1777794840,1274
2308.95,2308.95,2307.75,2308.3,1777794780,2241
2308.45,2309.0,2308.45,2308.8,1777794720,784
2308.75,2309.1,2308.75,2309.05,1777794660,1498
2309.1,2309.6,2309.1,2309.5,1777794600,754
2309.65,2309.65,2306.05,2308.45,1777794540,4882
2308.5,2308.8,2308.5,2308.8,1777794480,1075
2309.0,2309.0,2308.95,2308.95,1777794420,617
2309.0,2310.4,2309.0,2310.4,1777794360,2323
2310.2,2310.2,2309.75,2309.75,1777794300,1897
2309.3,2310.9,2309.15,2310.85,1777794240,2042
2311.35,2313.0,2311.35,2312.0,1777794180,9913
2312.0,2312.0,2311.85,2311.85,1777794120,1393
2311.7,2311.75,2310.85,2311.3,1777794060,2951
2311.4,2312.15,2311.15,2312.0,1777794000,1469
2311.95,2311.95,2311.15,2311.35,1777793940,2219
2311.45,2311.45,2311.35,2311.35,1777793880,212
2310.7,2310.7,2310.4,2310.4,1777793820,1802
2310.15,2310.5,2310.15,2310.15,1777793760,1981
2310.05,2310.2,2310.0,2310.2,1777793700,2049
2310.5,2310.5,2310.2,2310.4,1777793640,3876
2310.35,2311.4,2310.35,2311.4,1777793580,973
2311.85,2312.05,2311.55,2311.55,1777793520,1944
2311.4,2311.4,2309.9,2310.0,1777793460,1104
2310.05,2310.45,2310.05,2310.4,1777793400,2722
2310.0,2310.4,2309.9,2310.4,1777793340,5753
2311.3,2311.6,2311.3,2311.6,1777793280,921
2311.5,2311.75,2311.3,2311.35,1777793220,4660
2311.2,2311.5,2310.25,2310.25,1777793160,9266
2309.75,2310.5,2309.75,2310.3,1777793100,1446
2310.3,2310.3,2309.2,2309.2,1777793040,2463
2309.2,2309.65,2308.45,2309.65,1777792980,4569
2309.3,2309.35,2308.3,2308.3,1777792920,398
2308.25,2308.25,2307.7,2307.7,1777792860,807
2307.45,2307.5,2307.4,2307.4,1777792800,205
2307.35,2307.5,2307.35,2307.45,1777792740,1369
2307.45,2307.5,2307.2,2307.2,1777792680,1803
2307.0,2307.05,2306.75,2306.75,1777792620,433
2306.55,2307.1,2306.35,2307.1,1777792560,244
2307.35,2307.45,2306.55,2306.55,1777792500,1153
2306.5,2306.55,2306.25,2306.25,1777792440,1307
2306.25,2306.85,2306.0,2306.85,1777792380,2348
2306.95,2307.35,2306.8,2307.3,1777792320,5734
2307.35,2308.55,2307.35,2308.55,1777792260,1339
2308.75,2308.95,2308.15,2308.15,1777792200,7514
2308.5,2308.95,2308.5,2308.95,1777792140,1366
2309.05,2310.3,2309.05,2309.95,1777792080,4468
2308.6,2310.4,2307.75,2308.0,1777792020,12137
2308.6,2308.6,2307.65,2307.65,1777791960,3070
2307.65,2308.3,2306.4,2306.5,1777791900,6922
2306.15,2307.15,2306.0,2307.15,1777791840,1462
2307.2,2307.5,2306.6,2307.1,1777791780,5606
2307.1,2307.1,2305.4,2305.4,1777791720,6364
2305.35,2305.35,2304.1,2304.1,1777791660,1727
2303.95,2304.0,2303.25,2303.25,1777791600,2006
2303.45,2303.5,2303.4,2303.45,1777791540,1065
2303.2,2303.25,2303.2,2303.2,1777791480,11
2303.25,2304.2,2303.25,2303.95,1777791420,36
2303.75,2304.1,2303.25,2303.5,1777791360,3546
2304.25,2304.7,2304.2,2304.7,1777791300,2220
2305.15,2305.4,2304.3,2304.3,1777791240,3371
2304.3,2304.6,2304.05,2304.6,1777791180,1449
2304.25,2304.25,2302.65,2302.65,1777791120,4653
2302.5,2302.75,2301.8,2301.8,1777791060,631
2301.8,2301.8,2301.0,2301.0,1777791000,1287
2300.85,2300.85,2300.85,2300.85,1777790940,178
2300.8,2300.85,2300.8,2300.85,1777790880,184
2300.75,2300.75,2300.6,2300.65,1777790820,1045
2300.65,2300.7,2300.65,2300.65,1777790760,52
2300.7,2300.7,2300.55,2300.55,1777790700,127
2300.55,2300.55,2300.55,2300.55,1777790640,105
2300.4,2300.65,2300.4,2300.65,1777790580,499
2300.55,2300.55,2300.55,2300.55,1777790520,522
2300.7,2300.7,2300.7,2300.7,1777790460,488
2300.7,2300.9,2300.7,2300.85,1777790400,503
2300.75,2300.95,2300.75,2300.9,1777790340,342
2301.2,2301.2,2300.7,2300.7,1777790280,607
2300.7,2300.7,2300.55,2300.55,1777790220,446
2300.75,2300.9,2300.75,2300.9,1777790160,781
2300.85,2300.9,2300.85,2300.85,1777790100,653
2300.95,2300.95,2300.15,2300.75,1777790040,838
2301.2,2301.2,2300.75,2300.75,1777789980,1616
2300.75,2300.75,2299.95,2299.95,1777789920,370
2299.85,2300.1,2299.7,2300.1,1777789860,533
2300.0,2300.0,2299.5,2299.65,1777789800,2236
2299.8,2299.85,2299.75,2299.85,1777789740,763
2300.0,2300.0,2299.45,2299.5,1777789680,626
2299.05,2299.4,2299.0,2299.35,1777789620,617
2299.25,2299.25,2298.3,2298.75,1777789560,1641
2298.8,2299.75,2298.8,2299.7,1777789500,2401
2299.8,2299.8,2299.8,2299.8,1777789440,204
2299.8,2299.85,2299.8,2299.85,1777789380,136
2299.85,2300.0,2299.85,2300.0,1777789320,608
2299.95,2300.0,2299.9,2299.9,1777789260,242
2299.85,2300.1,2299.85,2300.05,1777789200,230
2299.75,2300.35,2299.75,2300.3,1777789140,1000
2300.35,2300.4,2300.1,2300.25,1777789080,1936
2300.1,2300.6,2300.1,2300.55,1777789020,2652
2300.35,2300.35,2300.05,2300.05,1777788960,317
2300.2,2300.4,2300.05,2300.05,1777788900,1303
2300.2,2300.25,2300.1,2300.25,1777788840,841
2300.25,2300.55,2300.25,2300.45,1777788780,1647
2300.5,2300.95,2300.5,2300.95,1777788720,116
2300.95,2300.95,2300.95,2300.95,1777788660,509
2300.95,2301.25,2300.95,2301.25,1777788600,414
2300.7,2300.7,2300.65,2300.7,1777788540,821
2300.7,2301.0,2300.7,2301.0,1777788480,252
2301.1,2301.1,2300.8,2301.1,1777788420,1004
2301.1,2301.1,2301.1,2301.1,1777788360,1000
2301.05,2301.9,2301.05,2301.85,1777788300,3779
2301.7,2301.7,2301.4,2301.4,1777788240,867
2301.85,2301.85,2301.55,2301.6,1777788180,2212
2302.0,2302.05,2302.0,2302.0,1777788120,238
2302.05,2302.15,2302.05,2302.15,1777788060,894
2302.05,2302.35,2302.0,2302.35,1777788000,271
2302.75,2302.8,2302.75,2302.8,1777787940,6
2302.7,2303.25,2302.7,2302.85,1777787880,5106
2302.85,2302.9,2302.85,2302.85,1777787820,402
2302.8,2302.8,2302.7,2302.75,1777787760,194
2302.7,2302.85,2302.65,2302.85,1777787700,397
2302.85,2302.85,2302.85,2302.85,1777787640,65
2302.9,2302.9,2302.9,2302.9,1777787580,0
2302.9,2302.95,2302.85,2302.85,1777787520,2045
2302.75,2302.75,2302.65,2302.65,1777787460,1571
2303.0,2303.2,2302.4,2302.4,1777787400,447
2302.45,2302.45,2302.4,2302.4,1777787340,41
2301.85,2301.85,2301.85,2301.85,1777787280,296
2302.0,2302.0,2301.75,2301.75,1777787220,89
2301.9,2301.9,2301.6,2301.6,1777787160,394
2301.45,2301.45,2300.7,2300.7,1777787100,96
2300.75,2300.75,2300.65,2300.65,1777787040,1190
2300.7,2300.95,2300.7,2300.95,1777786980,251
2301.3,2301.35,2301.2,2301.25,1777786920,843
2301.25,2301.25,2300.9,2301.0,1777786860,3186
2301.0,2301.0,2300.95,2301.0,1777786800,79
2301.25,2301.3,2301.15,2301.3,1777786740,561
2301.35,2301.4,2301.0,2301.4,1777786680,1632
2301.9,2301.9,2301.85,2301.85,1777786620,1110
2301.6,2301.7,2301.6,2301.7,1777786560,16
2301.7,2301.7,2301.7,2301.7,1777786500,8
2301.9,2301.95,2301.9,2301.95,1777786440,34
2302.0,2302.1,2301.95,2302.1,1777786380,154
2302.05,2302.2,2301.75,2302.1,1777786320,6993
2302.05,2302.05,2301.75,2301.75,1777786260,1187
2301.35,2301.35,2301.25,2301.25,1777786200,18
2301.6,2301.8,2301.55,2301.8,1777786140,907
2302.0,2302.0,2301.95,2301.95,1777786080,223
2302.1,2302.35,2302.0,2302.35,1777786020,227
2301.4,2301.4,2301.4,2301.4,1777785960,100
2301.3,2301.35,2301.3,2301.35,1777785900,17
2301.85,2301.85,2301.8,2301.8,1777785840,638
2301.75,2301.8,2301.55,2301.75,1777785780,2582
2301.8,2301.8,2301.8,2301.8,1777785720,661
2301.85,2301.95,2301.8,2301.95,1777785660,243
2302.0,2302.15,2301.85,2301.9,1777785600,479
2301.6,2302.05,2301.6,2302.05,1777785540,403
2302.2,2302.2,2302.1,2302.1,1777785480,116
2302.3,2302.3,2302.3,2302.3,1777785420,5
2303.05,2303.45,2303.05,2303.1,1777785360,1494
2303.0,2303.1,2303.0,2303.1,1777785300,230
2302.75,2302.75,2302.0,2302.1,1777785240,1777
2302.15,2302.15,2302.1,2302.15,1777785180,5814
2302.8,2302.8,2302.75,2302.75,1777785120,213
2302.8,2303.05,2302.55,2302.8,1777785060,2728
2302.45,2302.85,2302.45,2302.85,1777785000,1212
2302.4,2302.5,2302.4,2302.5,1777784940,311
2302.4,2302.75,2302.4,2302.75,1777784880,871
2302.8,2304.2,2302.8,2303.25,1777784820,8170
2302.95,2302.95,2302.65,2302.65,1777784760,1078
2302.65,2302.75,2302.65,2302.7,1777784700,440
2302.15,2302.2,2302.15,2302.2,1777784640,153
2302.15,2302.15,2301.95,2301.95,1777784580,322
2302.15,2302.15,2301.3,2301.3,1777784520,3244
2301.25,2301.25,2301.25,2301.25,1777784460,757
2300.95,2300.95,2300.25,2300.25,1777784400,285
2300.4,2300.4,2300.4,2300.4,1777784340,11
2300.35,2300.35,2300.15,2300.15,1777784280,1096
2300.4,2300.45,2300.4,2300.45,1777784220,120
2299.9,2300.5,2299.9,2300.5,1777784160,765
2300.15,2300.55,2300.15,2300.55,1777784100,5000
2300.65,2300.65,2300.6,2300.6,1777784040,1648
2300.65,2300.75,2300.65,2300.75,1777783980,11
2300.6,2300.6,2300.35,2300.35,1777783920,60
2300.05,2300.05,2299.95,2300.0,1777783860,622
2299.9,2299.9,2299.85,2299.9,1777783800,1274
2299.85,2300.0,2299.8,2300.0,1777783740,1543
2300.15,2300.85,2300.15,2300.85,1777783680,206
2300.7,2300.95,2300.5,2300.95,1777783620,1052
2300.9,2300.95,2300.9,2300.9,1777783560,300
2300.9,2301.6,2300.75,2300.75,1777783500,504
2300.55,2300.75,2300.5,2300.75,1777783440,439
2300.75,2301.5,2300.6,2301.5,1777783380,528
2302.5,2302.5,2302.4,2302.5,1777783320,539
2302.65,2302.65,2302.2,2302.2,1777783260,585
2302.3,2302.7,2302.3,2302.6,1777783200,1462
2302.9,2303.0,2302.75,2303.0,1777783140,5194
2303.0,2303.0,2302.8,2302.8,1777783080,648
2302.4,2302.4,2302.15,2302.2,1777783020,14
2302.2,2302.25,2302.2,2302.2,1777782960,402
2302.15,2303.25,2302.15,2302.75,1777782900,1214
2302.7,2302.75,2302.65,2302.65,1777782840,310
2302.35,2302.35,2301.85,2302.0,1777782780,3055
2302.1,2302.8,2302.1,2302.7,1777782720,2388
2302.9,2303.95,2302.7,2302.7,1777782660,3734
2302.65,2303.15,2302.55,2302.55,1777782600,2226
2302.6,2302.8,2302.55,2302.7,1777782540,6798
2302.65,2302.9,2302.65,2302.85,1777782480,1066
2302.5,2302.7,2302.5,2302.55,1777782420,1924
2302.55,2302.55,2301.9,2302.0,1777782360,1932
2302.1,2302.6,2302.05,2302.25,1777782300,3314
2302.25,2302.3,2302.05,2302.05,1777782240,6177
2301.9,2301.9,2301.5,2301.5,1777782180,1417
2301.5,2301.55,2301.2,2301.2,1777782120,2226
2301.15,2301.35,2300.95,2301.35,1777782060,1903
2301.05,2301.05,2299.7,2300.05,1777782000,164
2300.05,2300.15,2299.95,2300.15,1777781940,917
2300.2,2300.25,2300.15,2300.15,1777781880,1424
2300.25,2300.25,2300.0,2300.0,1777781820,953
2300.05,2300.35,2300.05,2300.35,1777781760,449
2300.35,2300.35,2299.4,2299.65,1777781700,748
2299.6,2299.75,2299.3,2299.3,1777781640,1461
2298.95,2299.35,2298.75,2298.8,1777781580,6784
2298.85,2298.85,2298.15,2298.15,1777781520,1152
2298.15,2298.2,2297.85,2297.95,1777781460,948
2298.05,2298.05,2296.65,2296.65,1777781400,2898
2296.15,2298.25,2292.2,2298.2,1777781340,15195
2298.3,2298.35,2298.2,2298.35,1777781280,749
2298.55,2299.2,2298.35,2299.2,1777781220,1983
2298.85,2299.35,2298.4,2298.85,1777781160,1346
2299.35,2299.8,2298.1,2299.8,1777781100,2177
2299.7,2299.7,2299.7,2299.7,1777781040,0
2299.7,2300.05,2299.7,2300.05,1777780980,1504
2300.0,2301.2,2300.0,2301.2,1777780920,334
2301.0,2301.05,2301.0,2301.05,1777780860,445
2299.85,2300.55,2299.8,2300.55,1777780800,632
2300.8,2301.15,2300.55,2300.55,1777780740,3843
2300.5,2301.1,2300.5,2300.95,1777780680,4260
2300.95,2300.95,2300.95,2300.95,1777780620,21
2300.8,2301.0,2300.8,2300.95,1777780560,1985
2300.85,2300.85,2300.85,2300.85,1777780500,250
2300.8,2300.8,2300.8,2300.8,1777780440,90
2300.75,2300.75,2300.15,2300.45,1777780380,115
2300.65,2301.05,2300.4,2300.4,1777780320,1671
2299.4,2300.0,2299.4,2300.0,1777780260,512
2300.7,2300.7,2300.7,2300.7,1777780200,10
2301.0,2301.0,2300.25,2300.25,1777780140,1287
2300.15,2300.15,2300.1,2300.1,1777780080,1769
2300.25,2300.25,2300.25,2300.25,1777780020,9
2300.45,2300.45,2299.95,2300.0,1777779960,1800
2299.4,2299.4,2299.35,2299.35,1777779900,208
2299.35,2299.95,2299.35,2299.95,1777779840,2047
2301.65,2301.8,2301.6,2301.8,1777779780,996
2301.75,2301.9,2301.75,2301.85,1777779720,1326
2301.85,2301.85,2301.65,2301.65,1777779660,1257
2301.6,2301.75,2301.6,2301.75,1777779600,883
2301.8,2302.1,2301.8,2302.1,1777779540,307
2302.1,2302.25,2302.0,2302.2,1777779480,899
2302.4,2302.4,2302.0,2302.0,1777779420,4353
2301.9,2301.95,2301.85,2301.85,1777779360,604
2302.95,2302.95,2301.65,2301.65,1777779300,493
2302.0,2302.0,2301.55,2301.55,1777779240,46
2301.5,2301.5,2300.85,2300.85,1777779180,796
2301.05,2301.05,2300.4,2300.4,1777779120,1166
2300.35,2300.35,2299.85,2299.85,1777779060,366
2299.5,2299.9,2299.1,2299.1,1777779000,1114
2299.05,2300.3,2299.05,2300.3,1777778940,767
2300.3,2300.3,2299.8,2299.8,1777778880,493
2299.7,2299.7,2299.65,2299.7,1777778820,627
2299.15,2299.15,2298.65,2298.7,1777778760,2829
2298.7,2298.75,2298.55,2298.55,1777778700,1048
2298.65,2298.7,2298.0,2298.7,1777778640,1860
2298.7,2299.4,2298.7,2299.4,1777778580,1354
2299.6,2299.95,2299.6,2299.95,1777778520,136
2300.05,2300.45,2300.05,2300.15,1777778460,1063
2300.3,2300.3,2299.95,2299.95,1777778400,452
2300.0,2300.0,2299.8,2299.8,1777778340,686
2299.75,2300.15,2299.75,2299.8,1777778280,1202
2300.1,2300.1,2299.8,2299.8,1777778220,1207
2299.75,2299.75,2299.45,2299.45,1777778160,908
2299.2,2299.4,2299.15,2299.4,1777778100,427
2299.45,2299.5,2299.45,2299.45,1777778040,270
2299.45,2299.85,2299.3,2299.85,1777777980,130
2300.05,2300.1,2300.0,2300.1,1777777920,765
2299.9,2300.1,2299.9,2300.1,1777777860,61
2300.1,2300.35,2300.1,2300.35,1777777800,1150
2299.85,2299.85,2299.85,2299.85,1777777740,0
2299.85,2300.1,2299.8,2299.9,1777777680,4240
2299.9,2299.9,2299.55,2299.55,1777777620,201
2300.1,2300.1,2300.0,2300.0,1777777560,446
2299.75,2299.75,2299.5,2299.5,1777777500,68
2299.5,2300.45,2299.5,2300.45,1777777440,1041
2300.65,2300.9,2300.4,2300.9,1777777380,2318
2301.75,2302.25,2301.75,2302.25,1777777320,150
2302.75,2302.75,2301.95,2301.95,1777777260,1016
2302.3,2302.3,2302.3,2302.3,1777777200,0
2302.3,2302.3,2301.95,2301.95,1777777140,187
2301.95,2301.95,2301.95,2301.95,1777777080,100
2302.0,2302.0,2301.8,2301.85,1777777020,877
2301.85,2302.45,2301.6,2302.45,1777776960,1826
2302.55,2303.0,2302.55,2303.0,1777776900,309
2303.05,2303.05,2302.65,2302.65,1777776840,1376
2302.95,2303.2,2302.55,2303.2,1777776780,2607
2303.2,2303.35,2302.85,2302.85,1777776720,2132
2302.4,2302.4,2301.75,2301.75,1777776660,154
2302.4,2302.4,2302.2,2302.25,1777776600,502
2301.95,2301.95,2301.55,2301.55,1777776540,1328
2301.5,2301.5,2301.15,2301.15,1777776480,915
2300.95,2300.95,2300.35,2300.4,1777776420,738
2300.85,2300.85,2299.1,2299.1,1777776360,244
2299.1,2299.3,2299.05,2299.3,1777776300,1142
2299.4,2299.9,2299.35,2299.9,1777776240,198
2299.85,2299.85,2299.75,2299.8,1777776180,545
2300.0,2300.05,2300.0,2300.05,1777776120,753
2300.5,2300.55,2299.95,2299.95,1777776060,967
2299.9,2301.15,2299.9,2301.15,1777776000,1250
2299.95,2300.0,2299.75,2300.0,1777775940,122
2300.05,2300.05,2299.55,2299.55,1777775880,1440
2299.75,2300.35,2299.75,2300.35,1777775820,731
2300.4,2300.9,2300.35,2300.9,1777775760,528
2300.8,2301.1,2300.8,2301.1,1777775700,1165
2301.1,2301.1,2301.1,2301.1,1777775640,654
2300.75,2300.75,2300.35,2300.35,1777775580,301
2300.1,2300.1,2300.1,2300.1,1777775520,14
2300.0,2300.0,2298.9,2298.9,1777775460,2446
2298.15,2298.15,2298.05,2298.1,1777775400,785
2298.3,2298.65,2298.0,2298.65,1777775340,1771
2299.05,2299.05,2299.0,2299.0,1777775280,108
2299.2,2299.5,2297.85,2298.7,1777775220,2301
2298.7,2298.7,2298.4,2298.55,1777775160,724
2298.65,2299.1,2298.65,2299.1,1777775100,847
2299.3,2299.3,2298.45,2298.45,1777775040,382
2298.85,2298.95,2298.85,2298.95,1777774980,200
2298.7,2298.7,2298.2,2298.7,1777774920,704
2299.15,2299.2,2299.15,2299.2,1777774860,320
2299.1,2299.35,2298.85,2299.35,1777774800,120
2300.2,2300.2,2299.7,2299.7,1777774740,418
2300.45,2300.8,2300.45,2300.7,1777774680,1196
2301.85,2301.85,2301.85,2301.85,1777774620,1
2302.3,2302.35,2301.8,2301.8,1777774560,1873
2302.25,2302.25,2301.65,2301.65,1777774500,134
2301.65,2301.8,2300.05,2300.05,1777774440,1824
2297.9,2300.15,2297.9,2300.15,1777774380,9580
2296.25,2301.5,2296.25,2301.5,1777774320,3641
2301.2,2301.5,2301.1,2301.5,1777774260,5364
2301.4,2304.3,2301.35,2304.3,1777774200,5984
2304.3,2305.5,2304.3,2305.5,1777774140,1325
2304.35,2304.35,2304.35,2304.35,1777774080,100
2304.7,2304.95,2304.65,2304.65,1777774020,1041
2304.3,2305.65,2304.3,2305.0,1777773960,859
2304.3,2304.8,2304.3,2304.8,1777773900,439
2304.9,2304.9,2304.5,2304.5,1777773840,338
2304.3,2304.35,2304.05,2304.05,1777773780,799
2303.8,2303.8,2303.05,2303.25,1777773720,779
2303.75,2303.75,2302.65,2302.65,1777773660,565
2302.15,2302.15,2301.35,2302.0,1777773600,718
2303.2,2303.2,2302.85,2302.85,1777773540,813
2302.35,2302.85,2302.35,2302.85,1777773480,432
2303.55,2303.55,2302.8,2302.8,1777773420,10
2302.75,2302.75,2302.35,2302.5,1777773360,761
2302.5,2302.5,2302.35,2302.35,1777773300,207
2302.6,2302.7,2302.6,2302.7,1777773240,71
2302.8,2303.75,2302.8,2303.75,1777773180,45
2303.55,2303.65,2303.55,2303.6,1777773120,819
2303.5,2303.8,2303.45,2303.8,1777773060,243
2304.95,2305.2,2304.95,2305.2,1777773000,464
2305.45,2305.45,2305.4,2305.4,1777772940,928
2304.65,2304.65,2304.65,2304.65,1777772880,15
2304.45,2304.45,2304.45,2304.45,1777772820,120
2303.65,2303.65,2303.25,2303.25,1777772760,803
2303.3,2303.5,2303.3,2303.5,1777772700,116
2303.6,2304.15,2303.6,2304.15,1777772640,1012
2304.15,2304.15,2303.75,2303.75,1777772580,13
2303.6,2303.6,2303.2,2303.2,1777772520,634
2302.85,2303.5,2302.85,2303.3,1777772460,828
2303.25,2303.25,2302.05,2302.2,1777772400,1257
2302.2,2302.35,2302.2,2302.2,1777772340,1012
2303.05,2303.35,2302.95,2302.95,1777772280,1354
2302.15,2303.7,2302.15,2303.7,1777772220,2998
2303.7,2304.35,2303.7,2304.35,1777772160,506
2304.35,2304.6,2304.35,2304.55,1777772100,69
2304.6,2304.6,2304.55,2304.6,1777772040,1276
2304.9,2305.1,2304.55,2305.1,1777771980,938
2305.4,2305.6,2305.4,2305.6,1777771920,1078
2305.05,2305.05,2305.05,2305.05,1777771860,172
2305.35,2305.55,2305.35,2305.55,1777771800,1676
2306.25,2306.25,2306.25,2306.25,1777771740,10
2306.8,2306.8,2306.5,2306.5,1777771680,17
2306.5,2306.5,2305.35,2305.35,1777771620,227
2306.6,2306.6,2306.6,2306.6,1777771560,5
2305.0,2305.0,2305.0,2305.0,1777771500,0
2305.0,2305.0,2305.0,2305.0,1777771440,0
2305.0,2305.0,2304.95,2304.95,1777771380,94
2305.3,2305.3,2302.8,2305.05,1777771320,2398
2305.1,2306.15,2305.1,2306.15,1777771260,170
2305.95,2305.95,2304.45,2304.45,1777771200,255
2305.05,2305.25,2303.8,2305.25,1777771140,2010
2305.0,2306.0,2304.85,2305.8,1777771080,1094
2306.75,2307.2,2306.75,2307.2,1777771020,609
2308.75,2309.25,2308.75,2309.25,1777770960,440
2309.1,2309.1,2308.75,2308.75,1777770900,395
2308.3,2308.5,2307.85,2308.3,1777770840,1208
2308.45,2308.45,2308.1,2308.1,1777770780,1250
2307.5,2308.25,2307.2,2308.25,1777770720,732
2307.65,2308.35,2307.55,2308.35,1777770660,1299
2308.05,2308.05,2307.15,2307.25,1777770600,1056
2308.35,2308.35,2308.35,2308.35,1777770540,0
2308.35,2309.55,2308.35,2309.55,1777770480,720
2309.75,2309.75,2308.95,2308.95,1777770420,266
2308.45,2308.45,2308.45,2308.45,1777770360,632
2308.3,2308.3,2308.3,2308.3,1777770300,17
2307.9,2307.9,2307.9,2307.9,1777770240,0
2307.9,2307.9,2307.85,2307.85,1777770180,537
2306.1,2307.45,2305.3,2307.45,1777770120,1250
2312.3,2312.3,2312.3,2312.3,1777770060,0
2312.3,2312.3,2312.15,2312.3,1777770000,236
2313.3,2313.3,2313.3,2313.3,1777769940,160
2312.8,2312.8,2312.8,2312.8,1777769880,163
2312.85,2312.85,2312.85,2312.85,1777769820,0
2312.85,2312.85,2311.55,2311.55,1777769760,162
2311.95,2311.95,2311.7,2311.7,1777769700,1117
2311.2,2311.2,2311.2,2311.2,1777769640,0
2311.2,2311.2,2311.2,2311.2,1777769580,30
2310.7,2310.7,2310.55,2310.55,1777769520,1103
2311.4,2312.45,2311.4,2312.0,1777769460,435
2311.75,2311.75,2311.4,2311.4,1777769400,303
2311.6,2311.75,2311.15,2311.15,1777769340,220
2309.5,2310.2,2309.5,2310.2,1777769280,1128
2310.2,2310.2,2310.2,2310.2,1777769220,979
2312.55,2312.55,2312.55,2312.55,1777769160,0
2312.55,2312.55,2312.55,2312.55,1777769100,120
2312.5,2312.5,2312.5,2312.5,1777769040,0
2312.5,2312.5,2312.5,2312.5,1777768980,0
2312.5,2312.6,2312.5,2312.6,1777768920,326
2312.5,2312.6,2312.5,2312.6,1777768860,100
2313.75,2314.45,2313.35,2314.45,1777768800,1448
2314.65,2314.75,2314.65,2314.75,1777768740,1061
2314.85,2314.85,2314.85,2314.85,1777768680,355
2315.05,2315.05,2315.05,2315.05,1777768620,0
2315.05,2315.05,2315.05,2315.05,1777768560,50
2315.85,2316.0,2315.85,2316.0,1777768500,504
2315.7,2315.7,2315.2,2315.2,1777768440,355
2314.85,2314.85,2314.85,2314.85,1777768380,0
2314.85,2314.85,2314.85,2314.85,1777768320,14
2315.6,2315.6,2315.6,2315.6,1777768260,400
2315.7,2315.7,2314.95,2314.95,1777768200,1166
2314.75,2315.0,2314.75,2314.85,1777768140,826
2312.95,2312.95,2312.95,2312.95,1777768080,0
2312.95,2313.1,2312.95,2313.1,1777768020,750
2312.25,2312.25,2312.25,2312.25,1777767960,0
2312.25,2312.25,2312.25,2312.25,1777767900,0
2312.25,2312.25,2312.25,2312.25,1777767840,0
2312.25,2312.6,2312.0,2312.6,1777767780,2119
2311.7,2311.85,2311.7,2311.85,1777767720,1251
2311.85,2312.1,2311.85,2312.1,1777767660,83
2314.5,2314.5,2314.5,2314.5,1777767600,0
2314.5,2314.5,2314.5,2314.5,1777767540,50
2312.55,2312.6,2312.55,2312.6,1777767480,57
2312.1,2312.1,2312.1,2312.1,1777767420,1057
2308.5,2308.5,2308.0,2308.1,1777767360,6510
2311.25,2311.55,2311.25,2311.55,1777767300,275
2313.5,2313.5,2313.5,2313.5,1777767240,0
2313.5,2313.5,2313.5,2313.5,1777767180,408
2313.35,2313.35,2312.95,2312.95,1777767120,375
2311.15,2312.35,2311.15,2312.35,1777767060,3451
2313.9,2314.8,2313.9,2314.8,1777767000,5177
2312.65,2312.65,2312.65,2312.65,1777766940,0
2312.65,2313.3,2312.65,2313.3,1777766880,2528
2314.55,2314.55,2314.55,2314.55,1777766820,0
2314.55,2314.55,2314.55,2314.55,1777766760,0
2314.55,2314.55,2314.45,2314.45,1777766700,64
2315.65,2315.65,2315.65,2315.65,1777766640,0
2315.65,2315.65,2315.65,2315.65,1777766580,68
2315.4,2315.4,2315.4,2315.4,1777766520,0
2315.4,2315.4,2315.4,2315.4,1777766460,0
2315.4,2315.4,2315.4,2315.4,1777766400,0
2315.4,2315.4,2315.4,2315.4,1777766340,0
2315.4,2315.4,2315.4,2315.4,1777766280,0
2315.4,2315.4,2315.4,2315.4,1777766220,0
2315.4,2315.4,2315.4,2315.4,1777766160,0
2315.4,2315.4,2315.4,2315.4,1777766100,400
2315.0,2315.0,2315.0,2315.0,1777766040,0
2315.0,2315.0,2315.0,2315.0,1777765980,0
2315.0,2315.0,2315.0,2315.0,1777765920,6
2314.55,2314.7,2313.55,2313.55,1777765860,515
2315.55,2315.55,2315.55,2315.55,1777765800,0
2315.55,2315.55,2315.55,2315.55,1777765740,0
2315.55,2315.55,2315.55,2315.55,1777765680,129
2315.7,2315.95,2315.7,2315.95,1777765620,792
2315.7,2316.7,2315.65,2316.7,1777765560,713
2317.9,2317.9,2317.65,2317.65,1777765500,18
2317.35,2317.35,2317.15,2317.3,1777765440,495
2317.25,2317.25,2317.25,2317.25,1777765380,200
2317.75,2317.75,2317.75,2317.75,1777765320,0
2317.75,2317.75,2317.75,2317.75,1777765260,10
2317.3,2317.35,2317.05,2317.15,1777765200,748
2317.3,2317.3,2317.3,2317.3,1777765140,200
2317.3,2317.8,2317.3,2317.8,1777765080,495
2318.55,2318.55,2318.55,2318.55,1777765020,198
2319.35,2320.5,2319.35,2320.5,1777764960,54
2320.75,2320.75,2320.75,2320.75,1777764900,0
2320.75,2320.75,2320.75,2320.75,1777764840,0
2320.75,2320.75,2320.75,2320.75,1777764780,419
2321.7,2321.7,2321.7,2321.7,1777764720,0
2321.7,2321.7,2321.7,2321.7,1777764660,77
2321.95,2322.45,2321.95,2322.45,1777764600,50
2321.6,2321.65,2321.6,2321.6,1777764540,829
2321.55,2321.55,2321.55,2321.55,1777764480,384
2321.2,2321.2,2321.2,2321.2,1777764420,0
2321.2,2321.2,2321.2,2321.2,1777764360,141
2320.45,2320.45,2320.45,2320.45,1777764300,500
2321.2,2321.2,2321.2,2321.2,1777764240,0
2321.2,2321.2,2321.2,2321.2,1777764180,0
2321.2,2321.2,2321.2,2321.2,1777764120,536
2320.8,2321.0,2320.8,2321.0,1777764060,1230
2320.15,2320.15,2320.15,2320.15,1777764000,100
2320.25,2320.3,2320.25,2320.3,1777763940,270
2320.5,2320.5,2320.5,2320.5,1777763880,70
2321.4,2321.65,2321.4,2321.65,1777763820,30
2321.5,2321.5,2321.5,2321.5,1777763760,757
2321.8,2321.8,2321.8,2321.8,1777763700,0
2321.8,2321.8,2321.8,2321.8,1777763640,0
2321.8,2321.8,2321.8,2321.8,1777763580,757
2321.4,2321.4,2321.4,2321.4,1777763520,0
2321.4,2321.4,2321.4,2321.4,1777763460,0
2321.4,2321.4,2321.4,2321.4,1777763400,1
2321.5,2321.5,2321.5,2321.5,1777763340,0
2321.5,2321.5,2321.5,2321.5,1777763280,31
2322.15,2322.15,2322.15,2322.15,1777763220,200
2322.7,2322.7,2322.7,2322.7,1777763160,0
2322.7,2322.7,2322.7,2322.7,1777763100,25
2325.15,2325.15,2325.15,2325.15,1777763040,0
2325.15,2325.15,2325.15,2325.15,1777762980,0
2325.15,2325.15,2325.15,2325.15,1777762920,0
2325.15,2325.15,2325.15,2325.15,1777762860,0
2325.15,2325.15,2325.15,2325.15,1777762800,0
2325.15,2325.15,2325.15,2325.15,1777762740,200
2325.05,2325.05,2325.05,2325.05,1777762680,0
2325.05,2325.05,2325.05,2325.05,1777762620,11
2326.2,2327.35,2326.2,2327.25,1777762560,701
2323.95,2323.95,2323.95,2323.95,1777762500,0
2323.95,2323.95,2323.95,2323.95,1777762440,0
2323.95,2323.95,2323.95,2323.95,1777762380,0
2323.95,2323.95,2323.95,2323.95,1777762320,0
2323.95,2323.95,2323.95,2323.95,1777762260,100
2322.0,2322.0,2322.0,2322.0,1777762200,0
2322.0,2322.0,2322.0,2322.0,1777762140,0
2322.0,2322.0,2322.0,2322.0,1777762080,0
2322.0,2322.3,2322.0,2322.3,1777762020,347
2320.15,2320.15,2320.15,2320.15,1777761960,0
2320.15,2320.15,2320.15,2320.15,1777761900,0
2320.15,2320.15,2320.15,2320.15,1777761840,0
2320.15,2320.15,2320.15,2320.15,1777761780,100
2320.2,2320.2,2320.2,2320.2,1777761720,5
2320.75,2321.95,2320.75,2321.5,1777761660,388
2321.4,2321.4,2320.8,2320.8,1777761600,929
2321.9,2321.9,2321.9,2321.9,1777761540,65
2322.4,2322.4,2322.25,2322.25,1777761480,248
2323.25,2323.25,2323.25,2323.25,1777761420,0
2323.25,2323.75,2323.25,2323.75,1777761360,197
2322.1,2322.1,2322.1,2322.1,1777761300,0
2322.1,2322.1,2322.1,2322.1,1777761240,25
2323.1,2323.1,2323.1,2323.1,1777761180,31
2320.2,2320.2,2320.2,2320.2,1777761120,4
2317.6,2317.6,2317.6,2317.6,1777761060,0
2317.6,2317.6,2317.6,2317.6,1777761000,100
2317.5,2317.5,2317.5,2317.5,1777760940,73
2317.9,2317.9,2317.9,2317.9,1777760880,551
2318.25,2318.25,2318.25,2318.25,1777760820,0
2318.25,2318.25,2318.25,2318.25,1777760760,0
2318.25,2318.25,2318.25,2318.25,1777760700,180
2317.35,2318.55,2314.25,2318.55,1777760640,5555
2320.25,2320.55,2320.25,2320.55,1777760580,10
2320.75,2320.75,2320.75,2320.75,1777760520,1
2319.7,2319.7,2319.7,2319.7,1777760460,0
2319.7,2319.7,2319.7,2319.7,1777760400,311
2321.2,2321.25,2320.8,2321.25,1777760340,932
2321.65,2323.25,2321.65,2323.25,1777760280,787
2324.1,2324.2,2324.1,2324.2,1777760220,473
2324.0,2324.0,2324.0,2324.0,1777760160,430
2324.4,2324.4,2324.4,2324.4,1777760100,0
2324.4,2324.45,2324.4,2324.45,1777760040,78
2323.8,2323.8,2323.8,2323.8,1777759980,0
2323.8,2323.8,2323.8,2323.8,1777759920,0
2323.8,2323.95,2323.8,2323.95,1777759860,102
2323.95,2323.95,2323.95,2323.95,1777759800,15
2324.35,2324.35,2324.35,2324.35,1777759740,0
2324.35,2324.35,2324.35,2324.35,1777759680,75
2324.2,2324.2,2324.2,2324.2,1777759620,0
2324.2,2324.2,2324.2,2324.2,1777759560,0
2324.2,2324.65,2324.2,2324.65,1777759500,1300
2324.55,2324.55,2324.55,2324.55,1777759440,0
2324.55,2324.55,2324.55,2324.55,1777759380,0
2324.55,2324.55,2324.55,2324.55,1777759320,0
2324.55,2324.55,2324.55,2324.55,1777759260,0
2324.55,2324.55,2324.55,2324.55,1777759200,0
2324.55,2324.55,2324.55,2324.55,1777759140,200
2326.55,2326.55,2326.55,2326.55,1777759080,0
2326.55,2326.55,2326.35,2326.35,1777759020,930
2325.3,2325.85,2325.3,2325.3,1777758960,1593
2324.9,2325.05,2324.9,2325.05,1777758900,394
2324.7,2324.7,2324.65,2324.65,1777758840,22
2325.3,2326.05,2325.3,2326.05,1777758780,518
2326.1,2327.35,2326.1,2327.35,1777758720,215
2324.5,2324.5,2324.5,2324.5,1777758660,0
2324.5,2325.55,2324.5,2325.55,1777758600,1792
2324.25,2326.5,2324.25,2326.4,1777758540,2454
2328.4,2328.4,2328.4,2328.4,1777758480,100
2327.75,2327.75,2327.75,2327.75,1777758420,42
2328.2,2329.55,2328.2,2329.55,1777758360,1936
2329.9,2330.05,2328.2,2328.2,1777758300,399
2326.8,2327.2,2326.8,2327.2,1777758240,1788
2326.35,2326.35,2326.35,2326.35,1777758180,20
2329.9,2329.9,2329.9,2329.9,1777758120,0
2329.9,2329.9,2329.9,2329.9,1777758060,25
2328.55,2331.6,2328.55,2331.3,1777758000,4667
2333.5,2333.5,2331.55,2331.55,1777757940,220
2336.7,2341.8,2335.65,2336.85,1777757880,21267
2334.0,2336.75,2317.9,2318.5,1777757820,106931
2316.8,2318.25,2313.65,2313.65,1777757760,26966
2313.15,2313.15,2313.15,2313.15,1777757700,0
2313.15,2313.15,2313.15,2313.15,1777757640,0
2313.15,2313.15,2313.15,2313.15,1777757580,9
2313.1,2313.1,2313.05,2313.1,1777757520,134
2313.45,2315.05,2313.05,2313.1,1777757460,26351
2311.85,2311.85,2311.85,2311.85,1777757400,0
2311.85,2311.85,2311.85,2311.85,1777757340,200
2312.2,2312.2,2312.2,2312.2,1777757280,0
2312.2,2312.2,2312.15,2312.15,1777757220,1210
2312.4,2312.4,2312.05,2312.05,1777757160,548
2311.1,2311.1,2311.1,2311.1,1777757100,0
2311.1,2311.1,2311.1,2311.1,1777757040,300
2311.25,2311.25,2311.25,2311.25,1777756980,0
2311.25,2311.25,2311.25,2311.25,1777756920,0
2311.25,2311.25,2311.25,2311.25,1777756860,0
2311.25,2311.25,2311.25,2311.25,1777756800,13
2311.3,2311.3,2311.3,2311.3,1777756740,200
2311.1,2311.1,2311.1,2311.1,1777756680,1345
2310.6,2310.6,2310.6,2310.6,1777756620,21
2310.0,2310.0,2310.0,2310.0,1777756560,1
2309.5,2309.5,2309.5,2309.5,1777756500,1
2309.75,2309.75,2309.75,2309.75,1777756440,0
2309.75,2310.95,2309.75,2310.95,1777756380,11
2310.35,2310.35,2310.35,2310.35,1777756320,90
2310.3,2310.3,2310.25,2310.25,1777756260,1120
2310.3,2310.3,2310.3,2310.3,1777756200,0
2310.3,2310.3,2310.3,2310.3,1777756140,0
2310.3,2310.3,2310.3,2310.3,1777756080,0
2310.3,2310.3,2310.3,2310.3,1777756020,0
2310.3,2310.3,2310.3,2310.3,1777755960,0
2310.3,2310.3,2310.3,2310.3,1777755900,0
2310.3,2310.3,2310.3,2310.3,1777755840,0
2310.3,2310.3,2310.3,2310.3,1777755780,0
2310.3,2310.3,2310.3,2310.3,1777755720,1000
2310.35,2310.35,2310.35,2310.35,1777755660,0
2310.35,2310.35,2310.35,2310.35,1777755600,0
2310.35,2310.35,2310.35,2310.35,1777755540,10
2310.4,2310.4,2310.4,2310.4,1777755480,21
2310.15,2310.15,2310.15,2310.15,1777755420,5
2310.25,2310.25,2310.25,2310.25,1777755360,5
2310.45,2310.45,2310.45,2310.45,1777755300,0
2310.45,2310.45,2310.45,2310.45,1777755240,0
2310.45,2310.45,2310.45,2310.45,1777755180,2
2310.2,2310.2,2310.2,2310.2,1777755120,10
2309.4,2309.4,2309.4,2309.4,1777755060,0
2309.4,2309.4,2309.4,2309.4,1777755000,100
2309.3,2309.3,2309.3,2309.3,1777754940,40
2309.15,2309.15,2309.15,2309.15,1777754880,2
2309.7,2309.7,2309.7,2309.7,1777754820,461
2309.7,2309.7,2309.7,2309.7,1777754760,0
2309.7,2309.7,2309.7,2309.7,1777754700,30
2309.25,2309.25,2309.25,2309.25,1777754640,500
2309.6,2309.6,2309.55,2309.55,1777754580,878
2310.5,2310.5,2310.5,2310.5,1777754520,0
2310.5,2310.5,2310.5,2310.5,1777754460,43
2310.25,2310.3,2310.25,2310.3,1777754400,180
2310.55,2310.55,2310.55,2310.55,1777754340,1
2309.65,2309.65,2309.65,2309.65,1777754280,120
2310.25,2310.25,2310.25,2310.25,1777754220,200
2310.2,2310.2,2310.2,2310.2,1777754160,0
2310.2,2310.25,2310.2,2310.25,1777754100,108
2310.1,2310.1,2310.1,2310.1,1777754040,1000
2309.85,2309.9,2309.85,2309.9,1777753980,178
2310.3,2310.3,2310.3,2310.3,1777753920,200
2309.5,2309.5,2309.25,2309.25,1777753860,60
2309.55,2309.55,2309.55,2309.55,1777753800,0
2309.55,2309.55,2309.55,2309.55,1777753740,159
2308.85,2308.85,2308.85,2308.85,1777753680,0
2308.85,2308.85,2308.85,2308.85,1777753620,127
2308.8,2308.85,2308.8,2308.85,1777753560,184
2308.95,2309.2,2308.95,2309.2,1777753500,706
2309.55,2309.55,2309.55,2309.55,1777753440,0
2309.55,2309.55,2309.45,2309.45,1777753380,185
2309.55,2309.55,2309.5,2309.55,1777753320,833
2309.5,2309.5,2309.5,2309.5,1777753260,80
2308.55,2308.55,2308.55,2308.55,1777753200,0
2308.55,2308.55,2308.45,2308.45,1777753140,780
2308.5,2308.5,2308.5,2308.5,1777753080,600
2308.65,2308.7,2308.6,2308.65,1777753020,1041
2308.7,2308.7,2308.7,2308.7,1777752960,180
2308.7,2308.7,2308.65,2308.65,1777752900,1086
2308.65,2308.65,2308.65,2308.65,1777752840,374
2308.45,2308.45,2308.45,2308.45,1777752780,0
2308.45,2308.45,2308.45,2308.45,1777752720,978
2308.6,2308.6,2308.6,2308.6,1777752660,326
2308.75,2308.75,2308.75,2308.75,1777752600,60
2308.7,2308.7,2308.7,2308.7,1777752540,69
2308.9,2308.9,2308.9,2308.9,1777752480,0
2308.9,2308.9,2308.85,2308.85,1777752420,121
2309.1,2309.1,2309.1,2309.1,1777752360,0
2309.1,2309.1,2309.1,2309.1,1777752300,0
2309.1,2309.1,2308.75,2308.75,1777752240,454
2308.75,2308.8,2308.75,2308.75,1777752180,803
2308.75,2308.85,2308.75,2308.85,1777752120,495
2308.85,2309.05,2308.85,2309.05,1777752060,326
2309.0,2309.85,2309.0,2309.85,1777752000,422
2310.15,2310.15,2309.7,2309.7,1777751940,801
2309.7,2309.7,2309.7,2309.7,1777751880,11
2310.1,2310.1,2310.1,2310.1,1777751820,0
2310.1,2310.1,2309.9,2309.9,1777751760,298
2310.05,2310.05,2310.05,2310.05,1777751700,10
2310.0,2310.1,2310.0,2310.1,1777751640,2
2310.05,2310.05,2310.05,2310.05,1777751580,43
2310.05,2310.05,2310.05,2310.05,1777751520,39
2310.65,2310.85,2310.65,2310.85,1777751460,99
2310.7,2310.7,2310.7,2310.7,1777751400,48
2310.7,2311.05,2310.7,2311.05,1777751340,40
2311.1,2311.1,2311.0,2311.0,1777751280,6
2310.7,2310.7,2310.65,2310.65,1777751220,112
2310.55,2310.55,2310.55,2310.55,1777751160,356
2310.2,2310.2,2310.2,2310.2,1777751100,101
2310.75,2311.25,2310.75,2311.25,1777751040,89
2310.75,2311.1,2310.75,2311.1,1777750980,9
2311.1,2311.95,2311.1,2311.5,1777750920,5731
2311.25,2311.25,2310.35,2310.35,1777750860,14
2310.1,2310.1,2310.1,2310.1,1777750800,603
2309.7,2309.7,2309.7,2309.7,1777750740,0
2309.7,2309.7,2309.7,2309.7,1777750680,62
2309.65,2309.65,2309.65,2309.65,1777750620,0
2309.65,2309.65,2309.4,2309.45,1777750560,260
2309.7,2309.7,2309.65,2309.65,1777750500,106
2309.75,2309.8,2309.7,2309.7,1777750440,420
2309.05,2309.05,2309.05,2309.05,1777750380,0
2309.05,2309.2,2309.05,2309.2,1777750320,64
2309.35,2309.5,2309.35,2309.5,1777750260,76
2309.95,2309.95,2309.95,2309.95,1777750200,0
2309.95,2309.95,2309.9,2309.9,1777750140,440
2310.05,2310.05,2310.05,2310.05,1777750080,0
2310.05,2310.05,2310.05,2310.05,1777750020,50
2310.15,2310.15,2310.1,2310.1,1777749960,290
2310.45,2310.45,2310.45,2310.45,1777749900,19
2309.7,2309.8,2309.7,2309.8,1777749840,399
2309.75,2309.75,2309.75,2309.75,1777749780,299
2310.15,2310.25,2310.15,2310.25,1777749720,267
2310.1,2310.35,2310.05,2310.1,1777749660,350
2310.1,2310.35,2310.1,2310.35,1777749600,1162
2310.2,2310.3,2309.75,2310.3,1777749540,651
2310.5,2311.05,2310.45,2311.05,1777749480,629
2311.2,2311.2,2311.2,2311.2,1777749420,10
2311.05,2311.1,2311.05,2311.05,1777749360,140
2311.1,2311.25,2311.1,2311.25,1777749300,588
2311.15,2311.6,2309.95,2309.95,1777749240,6616
2309.1,2309.4,2308.9,2308.9,1777749180,2352
2308.4,2308.4,2308.3,2308.3,1777749120,70
2308.4,2308.6,2308.4,2308.6,1777749060,63
2308.6,2308.6,2308.6,2308.6,1777749000,10
2308.0,2308.15,2308.0,2308.15,1777748940,80
2308.15,2308.3,2307.9,2308.25,1777748880,1490
2308.15,2308.2,2308.15,2308.15,1777748820,650
2308.25,2308.4,2308.25,2308.4,1777748760,1356
2308.45,2308.8,2308.35,2308.45,1777748700,5504
2308.75,2308.75,2308.75,2308.75,1777748640,0
2308.75,2308.75,2308.75,2308.75,1777748580,13
2308.35,2308.35,2308.0,2308.0,1777748520,54
2308.25,2308.5,2307.75,2308.5,1777748460,552
2308.95,2309.25,2308.95,2309.25,1777748400,122
2308.95,2308.95,2308.8,2308.8,1777748340,63
2309.4,2309.4,2309.35,2309.35,1777748280,36
2309.6,2309.65,2309.6,2309.6,1777748220,53
2309.45,2309.45,2309.45,2309.45,1777748160,0
2309.45,2309.8,2309.4,2309.8,1777748100,787
2309.75,2309.75,2309.75,2309.75,1777748040,1
2309.6,2309.6,2309.6,2309.6,1777747980,230
2308.95,2308.95,2308.95,2308.95,1777747920,20
2308.65,2309.85,2308.65,2309.85,1777747860,252
2309.95,2309.95,2309.65,2309.65,1777747800,289
2309.55,2309.6,2308.55,2308.7,1777747740,103
2308.6,2309.0,2308.6,2308.95,1777747680,1601
2308.65,2308.65,2308.65,2308.65,1777747620,12
2308.5,2308.8,2308.15,2308.15,1777747560,1007
2308.1,2308.35,2308.05,2308.35,1777747500,1485
2308.4,2308.5,2308.4,2308.5,1777747440,415
2308.4,2308.45,2308.4,2308.45,1777747380,6
2308.6,2308.6,2308.6,2308.6,1777747320,3
2308.45,2308.65,2308.25,2308.4,1777747260,7921
2308.4,2308.4,2307.75,2307.75,1777747200,1401
2308.25,2308.55,2308.15,2308.55,1777747140,1065
2308.85,2309.0,2308.6,2308.6,1777747080,2599
2308.6,2308.65,2308.5,2308.6,1777747020,778
2309.35,2309.85,2309.35,2309.85,1777746960,258
2309.6,2309.6,2309.6,2309.6,1777746900,0
2309.6,2310.2,2309.25,2310.05,1777746840,2044
2310.35,2310.35,2309.7,2309.7,1777746780,1509
2310.0,2310.0,2309.0,2309.0,1777746720,605
2308.95,2308.95,2308.3,2308.35,1777746660,1409
2308.15,2308.15,2308.15,2308.15,1777746600,10
2307.85,2307.85,2307.8,2307.8,1777746540,104
2307.65,2307.65,2307.65,2307.65,1777746480,1
2307.75,2307.75,2307.45,2307.45,1777746420,795
2307.35,2307.4,2307.35,2307.4,1777746360,59
2307.45,2307.5,2307.25,2307.35,1777746300,8986
2307.35,2308.15,2307.25,2308.15,1777746240,1367
2308.15,2308.15,2308.15,2308.15,1777746180,8
2308.05,2308.05,2307.55,2307.75,1777746120,447
2308.25,2309.1,2303.95,2308.45,1777746060,3938
2308.2,2308.2,2307.55,2307.55,1777746000,228
2306.9,2308.15,2306.9,2307.95,1777745940,3918
2307.65,2308.3,2306.7,2306.8,1777745880,5315
2306.8,2307.3,2306.05,2306.1,1777745820,6285
2305.95,2305.95,2305.55,2305.55,1777745760,585
2305.4,2305.4,2304.7,2304.95,1777745700,1117
2305.0,2305.0,2304.9,2304.9,1777745640,142
2304.9,2304.9,2304.7,2304.7,1777745580,275
2304.65,2304.65,2304.6,2304.65,1777745520,38
2304.45,2304.6,2304.2,2304.5,1777745460,193
2304.65,2304.65,2304.2,2304.2,1777745400,125
2304.05,2304.15,2304.05,2304.15,1777745340,1351
2304.0,2304.0,2303.95,2303.95,1777745280,394
2303.7,2303.9,2303.65,2303.65,1777745220,1399
2303.45,2303.95,2303.45,2303.8,1777745160,1573
2303.65,2304.4,2303.45,2304.15,1777745100,9444
2303.95,2304.4,2303.95,2304.4,1777745040,71
2304.4,2304.4,2303.85,2303.9,1777744980,785
2304.1,2304.9,2304.1,2304.85,1777744920,225
2304.9,2304.9,2304.6,2304.65,1777744860,507
2304.6,2304.6,2303.55,2304.5,1777744800,2765
2304.7,2304.75,2304.25,2304.25,1777744740,1660
2304.35,2304.85,2304.35,2304.8,1777744680,2004
2304.75,2304.8,2304.75,2304.8,1777744620,2
2304.8,2304.9,2304.8,2304.85,1777744560,546
2304.8,2304.9,2304.8,2304.85,1777744500,6
2304.8,2304.85,2304.8,2304.85,1777744440,202
2304.95,2304.95,2304.7,2304.85,1777744380,1799
2304.8,2304.85,2304.45,2304.5,1777744320,2137
2304.15,2304.6,2304.15,2304.6,1777744260,1816
2304.65,2304.65,2304.35,2304.6,1777744200,1941
2304.85,2304.9,2304.85,2304.9,1777744140,60
2304.65,2304.75,2304.65,2304.75,1777744080,394
2305.35,2305.35,2305.3,2305.3,1777744020,60
2305.25,2305.45,2305.25,2305.45,1777743960,728
2305.45,2305.45,2305.4,2305.4,1777743900,1155
2305.1,2305.1,2304.55,2304.55,1777743840,760
2305.0,2305.5,2305.0,2305.5,1777743780,2652
2305.6,2305.8,2305.6,2305.8,1777743720,709
2306.05,2306.25,2306.05,2306.25,1777743660,120
2306.55,2306.55,2306.55,2306.55,1777743600,1110
2306.7,2307.1,2306.7,2307.1,1777743540,163
2307.25,2307.25,2307.25,2307.25,1777743480,25
2306.15,2307.4,2306.15,2307.4,1777743420,5031
2307.3,2307.3,2306.95,2307.05,1777743360,287
2307.65,2307.65,2306.95,2307.0,1777743300,222
2306.7,2306.7,2306.15,2306.15,1777743240,3
2305.9,2306.9,2305.9,2306.9,1777743180,487
2306.85,2306.95,2306.85,2306.95,1777743120,70
2307.0,2307.2,2306.95,2307.0,1777743060,1468
2306.85,2306.85,2306.15,2306.3,1777743000,864
2306.0,2306.4,2306.0,2306.05,1777742940,276
2306.0,2306.2,2305.95,2305.95,1777742880,58
2306.05,2306.2,2302.15,2306.15,1777742820,6355
2306.1,2306.25,2306.1,2306.1,1777742760,1639
2305.9,2305.9,2305.8,2305.85,1777742700,1615
2305.9,2306.3,2303.5,2306.3,1777742640,3659
2306.35,2306.65,2306.35,2306.65,1777742580,492
2306.7,2306.8,2306.0,2306.0,1777742520,1447
2306.0,2306.0,2305.85,2305.95,1777742460,123
2306.05,2306.7,2305.9,2306.7,1777742400,10293
2306.85,2307.4,2306.85,2307.4,1777742340,3744
2307.4,2307.4,2307.2,2307.3,1777742280,1198
2307.65,2308.1,2307.65,2308.1,1777742220,123
2308.0,2308.0,2307.95,2307.95,1777742160,6
2307.95,2307.95,2307.9,2307.95,1777742100,922
2308.0,2308.0,2307.5,2307.5,1777742040,1492
2307.45,2307.75,2307.45,2307.75,1777741980,173
2307.75,2307.9,2307.35,2307.9,1777741920,1733
2308.0,2308.15,2307.95,2308.15,1777741860,408
2308.15,2309.3,2308.15,2308.75,1777741800,570
2308.3,2308.3,2307.6,2307.7,1777741740,561
2307.75,2307.75,2307.75,2307.75,1777741680,201
2307.75,2307.75,2307.7,2307.7,1777741620,662
2307.7,2307.7,2307.7,2307.7,1777741560,122
2308.05,2308.05,2308.05,2308.05,1777741500,0
2308.05,2308.25,2308.05,2308.25,1777741440,86
2308.2,2308.2,2308.0,2308.0,1777741380,457
2308.45,2308.55,2308.45,2308.45,1777741320,736
2308.45,2308.65,2308.45,2308.65,1777741260,488
2308.75,2309.1,2308.75,2309.1,1777741200,312
2308.15,2308.35,2308.0,2308.0,1777741140,579
2308.05,2308.6,2308.05,2308.6,1777741080,307
2308.45,2308.8,2308.45,2308.8,1777741020,484
2309.0,2309.05,2309.0,2309.05,1777740960,524
2310.0,2310.0,2309.35,2309.4,1777740900,341
2309.1,2309.1,2308.8,2309.1,1777740840,5172
2309.1,2309.7,2309.1,2309.7,1777740780,1447
2309.95,2310.0,2309.95,2309.95,1777740720,942
2309.85,2309.85,2309.15,2309.2,1777740660,1267
2309.1,2309.1,2308.25,2308.25,1777740600,146
2308.4,2308.4,2308.1,2308.1,1777740540,1163
2308.05,2308.05,2307.85,2307.85,1777740480,881
2307.8,2307.8,2307.2,2307.2,1777740420,1424
2307.25,2307.5,2307.25,2307.35,1777740360,334
2307.3,2307.3,2307.05,2307.05,1777740300,1871
2306.15,2307.5,2306.15,2307.45,1777740240,1984
2307.45,2308.5,2307.45,2308.5,1777740180,3916
2308.6,2308.6,2308.6,2308.6,1777740120,4
2308.8,2308.8,2307.2,2307.2,1777740060,990
2307.1,2307.15,2306.95,2307.05,1777740000,487
2307.35,2307.9,2307.35,2307.85,1777739940,31
2307.95,2308.35,2307.95,2308.35,1777739880,1087
2308.25,2308.3,2307.55,2307.7,1777739820,1955
2307.65,2307.7,2307.65,2307.7,1777739760,881
2307.7,2307.7,2307.55,2307.6,1777739700,676
2307.0,2307.15,2307.0,2307.1,1777739640,1459
2307.0,2307.4,2306.95,2307.25,1777739580,6232
2307.45,2307.45,2306.75,2306.8,1777739520,5122
2306.65,2307.1,2306.65,2306.95,1777739460,832
2306.95,2307.6,2306.95,2307.6,1777739400,1422
2308.15,2308.45,2308.15,2308.45,1777739340,63
2308.45,2308.45,2308.45,2308.45,1777739280,100
2308.35,2308.35,2308.1,2308.2,1777739220,350
2307.25,2307.4,2307.2,2307.25,1777739160,658
2307.6,2308.05,2307.6,2308.0,1777739100,1934
2308.1,2309.2,2308.1,2309.2,1777739040,3978
2309.25,2310.05,2309.2,2310.05,1777738980,1005
2311.45,2311.45,2311.45,2311.45,1777738920,10
2311.35,2311.9,2310.7,2311.85,1777738860,1474
2312.35,2312.65,2311.15,2311.15,1777738800,6537
2310.7,2311.4,2310.7,2311.2,1777738740,3469
2311.0,2311.75,2310.4,2310.4,1777738680,7042
2310.3,2310.35,2309.15,2309.2,1777738620,1768
2309.2,2309.45,2309.15,2309.45,1777738560,680
2308.9,2310.25,2308.9,2310.25,1777738500,7413
2310.1,2310.2,2310.05,2310.05,1777738440,356
2310.05,2310.35,2310.05,2310.25,1777738380,333
2310.35,2310.4,2310.15,2310.25,1777738320,3726
2310.45,2311.0,2310.45,2310.9,1777738260,2964
2310.75,2310.75,2309.95,2309.95,1777738200,815
2309.9,2312.4,2309.25,2309.25,1777738140,9737
2308.5,2310.15,2308.5,2309.3,1777738080,4142
2308.6,2308.6,2308.0,2308.0,1777738020,933
2307.6,2307.6,2307.35,2307.35,1777737960,705
2307.4,2307.5,2307.4,2307.5,1777737900,3798
2307.5,2307.95,2307.5,2307.95,1777737840,714
2307.6,2308.05,2307.45,2307.9,1777737780,1723
2307.75,2307.9,2307.35,2307.4,1777737720,2401
2307.25,2307.4,2307.25,2307.4,1777737660,863
2306.75,2308.0,2306.75,2307.65,1777737600,1074
2308.0,2308.0,2308.0,2308.0,1777737540,103
2307.95,2307.95,2307.7,2307.8,1777737480,800
2307.9,2308.4,2307.9,2308.4,1777737420,593
2308.2,2308.5,2308.15,2308.5,1777737360,968
2308.85,2308.85,2307.8,2307.8,1777737300,2654
2307.5,2307.5,2306.8,2306.8,1777737240,1614
2306.8,2306.8,2306.45,2306.55,1777737180,721
2305.8,2305.85,2305.8,2305.85,1777737120,125
2305.8,2305.8,2305.6,2305.65,1777737060,6261
2305.85,2305.85,2305.55,2305.55,1777737000,5596
2305.65,2306.1,2305.65,2306.1,1777736940,771
2305.8,2305.85,2305.8,2305.85,1777736880,1401
2306.35,2306.45,2306.35,2306.4,1777736820,852
2306.45,2306.45,2306.15,2306.15,1777736760,2
2306.1,2306.1,2306.1,2306.1,1777736700,100
2306.25,2306.65,2306.2,2306.65,1777736640,509
2306.5,2306.5,2306.45,2306.45,1777736580,10
2306.25,2306.3,2306.25,2306.25,1777736520,411
2306.3,2306.3,2305.9,2305.95,1777736460,324
2305.45,2306.4,2305.45,2306.35,1777736400,1764
2306.45,2306.5,2306.4,2306.45,1777736340,20
2306.2,2306.2,2306.0,2306.0,1777736280,29
2306.0,2306.3,2306.0,2306.3,1777736220,1002
2306.5,2306.5,2306.4,2306.4,1777736160,230
2306.4,2306.4,2306.4,2306.4,1777736100,12
2306.45,2306.45,2305.8,2305.85,1777736040,1266
2305.4,2305.4,2305.25,2305.3,1777735980,274
2305.15,2305.15,2304.95,2304.95,1777735920,625
2304.95,2304.95,2304.95,2304.95,1777735860,20
2304.9,2305.4,2304.8,2305.4,1777735800,118
2305.4,2305.4,2305.2,2305.25,1777735740,364
2305.65,2305.65,2305.65,2305.65,1777735680,93
2305.7,2305.8,2305.7,2305.75,1777735620,532
2305.7,2305.7,2305.7,2305.7,1777735560,723
2304.45,2305.95,2304.45,2305.95,1777735500,10199
2305.85,2306.15,2305.85,2306.15,1777735440,10005
2308.75,2308.75,2305.0,2305.0,1777735380,6285
2304.75,2304.75,2304.75,2304.75,1777735320,685
2305.2,2305.2,2305.0,2305.0,1777735260,487
2304.95,2304.95,2304.15,2304.35,1777735200,1547
2304.35,2304.65,2304.0,2304.65,1777735140,3385
2304.9,2305.0,2304.9,2304.95,1777735080,785
2304.75,2305.0,2304.75,2304.9,1777735020,227
2304.6,2305.9,2304.55,2305.9,1777734960,7451
2306.6,2306.7,2306.6,2306.6,1777734900,5024
2306.55,2306.6,2306.4,2306.6,1777734840,3383
2306.6,2306.6,2306.45,2306.45,1777734780,522
2306.35,2306.75,2306.35,2306.65,1777734720,842
2306.6,2306.65,2306.25,2306.3,1777734660,1418
2306.1,2306.75,2306.1,2306.6,1777734600,922
2306.55,2306.6,2306.55,2306.55,1777734540,4001
2307.0,2307.55,2307.0,2307.55,1777734480,252
2307.45,2308.35,2307.3,2307.3,1777734420,3728
2307.3,2307.3,2305.9,2305.9,1777734360,1459
2305.9,2305.9,2305.85,2305.9,1777734300,248
2305.75,2305.95,2305.3,2305.3,1777734240,2093
2305.25,2305.25,2305.25,2305.25,1777734180,0
2305.25,2305.3,2305.25,2305.3,1777734120,372
2305.3,2305.4,2305.25,2305.4,1777734060,228
2305.15,2305.35,2305.15,2305.35,1777734000,1021
2305.5,2305.5,2305.5,2305.5,1777733940,100
2305.4,2305.4,2305.4,2305.4,1777733880,1015
2305.4,2305.45,2305.15,2305.15,1777733820,1111
2305.4,2305.5,2305.3,2305.5,1777733760,2816
2305.75,2305.85,2305.6,2305.6,1777733700,721
2305.6,2305.6,2305.35,2305.35,1777733640,1184
2305.3,2306.5,2305.25,2306.5,1777733580,4129
2306.4,2307.3,2306.4,2307.05,1777733520,442
2307.0,2307.0,2305.65,2305.65,1777733460,1146
2305.6,2305.7,2305.6,2305.65,1777733400,545
2305.65,2305.7,2305.6,2305.65,1777733340,1105
2305.75,2305.75,2305.3,2305.3,1777733280,4247
2305.25,2305.25,2305.25,2305.25,1777733220,101
2305.2,2305.2,2305.05,2305.1,1777733160,1379
2305.1,2305.3,2305.05,2305.05,1777733100,111
2304.7,2305.9,2304.35,2304.55,1777733040,10968
2304.5,2306.0,2304.5,2304.65,1777732980,7696
2304.45,2304.45,2304.2,2304.2,1777732920,1100
2304.25,2304.45,2304.2,2304.45,1777732860,700
2304.5,2304.5,2304.25,2304.25,1777732800,123
2304.25,2304.9,2304.25,2304.9,1777732740,999
2304.7,2306.2,2304.7,2306.2,1777732680,2394
2306.25,2306.25,2306.25,2306.25,1777732620,1247
2306.85,2307.0,2306.7,2307.0,1777732560,9314
2306.75,2307.05,2306.75,2307.0,1777732500,9588
2306.85,2307.0,2306.3,2306.45,1777732440,2629
2306.0,2306.1,2306.0,2306.1,1777732380,1466
2305.9,2306.15,2305.8,2305.8,1777732320,3855
2305.3,2305.3,2305.05,2305.05,1777732260,116
2305.05,2305.4,2305.05,2305.4,1777732200,2271
2305.0,2305.05,2305.0,2305.05,1777732140,225
2305.05,2305.2,2305.05,2305.2,1777732080,305
2305.25,2305.95,2304.95,2305.95,1777732020,1116
2305.9,2306.6,2305.85,2306.6,1777731960,1600
2306.15,2306.15,2304.0,2304.0,1777731900,526
2304.0,2304.1,2304.0,2304.0,1777731840,1058
2304.1,2304.4,2304.05,2304.4,1777731780,511
2304.6,2304.8,2304.0,2304.05,1777731720,6122
2304.05,2304.15,2304.0,2304.15,1777731660,243
2304.2,2304.7,2304.1,2304.7,1777731600,1072
2304.85,2305.2,2304.85,2304.85,1777731540,923
2304.9,2304.9,2304.75,2304.8,1777731480,135
2304.65,2304.9,2304.65,2304.65,1777731420,1320
2304.25,2304.7,2304.25,2304.65,1777731360,495
2304.6,2304.6,2303.9,2304.45,1777731300,6086
2304.7,2305.0,2304.7,2305.0,1777731240,274
2305.0,2305.0,2305.0,2305.0,1777731180,10
2304.75,2304.75,2304.4,2304.7,1777731120,3311
2304.65,2305.2,2304.65,2305.2,1777731060,2557
2305.5,2305.8,2302.5,2305.8,1777731000,7517
2306.1,2306.45,2306.1,2306.45,1777730940,500
2306.45,2306.5,2306.45,2306.5,1777730880,1325
2306.45,2306.5,2306.45,2306.45,1777730820,368
2307.25,2307.6,2307.25,2307.6,1777730760,292
2307.65,2307.7,2307.4,2307.4,1777730700,3230
2306.95,2307.1,2306.95,2307.1,1777730640,665
2306.65,2307.0,2306.65,2307.0,1777730580,605
2307.0,2307.0,2306.85,2307.0,1777730520,747
2306.55,2306.65,2306.0,2306.0,1777730460,627
2306.45,2307.65,2306.45,2307.65,1777730400,4339
2307.15,2307.15,2306.8,2306.8,1777730340,799
2307.0,2307.25,2307.0,2307.2,1777730280,800
2307.2,2307.4,2307.2,2307.4,1777730220,30
2307.45,2307.6,2307.45,2307.5,1777730160,2746
2307.5,2307.5,2307.15,2307.15,1777730100,1213
2306.5,2306.5,2306.4,2306.45,1777730040,408
2306.45,2306.45,2305.95,2305.95,1777729980,3181
2306.1,2306.1,2306.1,2306.1,1777729920,896
2306.95,2307.25,2306.95,2307.25,1777729860,945
2307.25,2307.25,2307.2,2307.25,1777729800,612
2307.2,2307.25,2307.1,2307.2,1777729740,3304
2307.2,2307.2,2307.2,2307.2,1777729680,200
2307.75,2307.75,2307.75,2307.75,1777729620,0
2307.75,2308.25,2307.55,2308.25,1777729560,175
2308.05,2308.05,2307.85,2307.85,1777729500,4550
2308.05,2308.05,2307.95,2307.95,1777729440,1100
2308.05,2308.05,2307.7,2307.7,1777729380,925
2307.45,2307.45,2307.15,2307.15,1777729320,1916
2306.95,2307.2,2306.95,2307.0,1777729260,2308
2306.9,2306.9,2306.2,2306.2,1777729200,79
2305.8,2305.8,2305.7,2305.7,1777729140,23
2306.0,2306.0,2305.5,2305.5,1777729080,812
2305.5,2305.5,2305.25,2305.25,1777729020,19
2305.7,2306.3,2305.7,2306.3,1777728960,3023
2306.65,2307.0,2306.65,2307.0,1777728900,557
2307.05,2307.1,2307.05,2307.1,1777728840,487
2307.2,2307.2,2307.1,2307.1,1777728780,321
2307.05,2307.05,2306.65,2306.65,1777728720,2285
2306.3,2306.4,2306.2,2306.4,1777728660,752
2306.35,2306.85,2306.35,2306.6,1777728600,1052
2306.45,2307.15,2306.4,2307.1,1777728540,1220
2307.15,2307.2,2307.05,2307.2,1777728480,1110
2307.3,2307.35,2307.25,2307.35,1777728420,811
2307.35,2307.5,2307.2,2307.2,1777728360,1990
2307.0,2307.05,2307.0,2307.05,1777728300,1215
2307.0,2307.0,2302.9,2307.0,1777728240,4763
2307.6,2307.85,2307.55,2307.55,1777728180,574
2307.65,2308.1,2307.6,2308.1,1777728120,401
2308.65,2308.75,2308.65,2308.75,1777728060,103
2307.65,2307.65,2307.1,2307.25,1777728000,4255
2307.3,2308.1,2307.3,2308.1,1777727940,1455
2308.0,2308.0,2308.0,2308.0,1777727880,100
2307.95,2308.0,2307.95,2308.0,1777727820,278
2308.4,2308.4,2307.8,2307.8,1777727760,1101
2308.2,2309.0,2308.15,2309.0,1777727700,1760
2309.4,2310.25,2309.4,2310.25,1777727640,1207
2310.75,2310.75,2308.6,2309.25,1777727580,5516
2308.1,2308.35,2308.1,2308.3,1777727520,595
2308.8,2310.65,2308.4,2308.4,1777727460,8695
2308.55,2308.85,2306.65,2306.8,1777727400,22754
2304.85,2304.85,2304.6,2304.8,1777727340,2928
2305.0,2305.0,2304.95,2304.95,1777727280,744
2304.9,2305.2,2304.75,2304.75,1777727220,1443
2304.5,2305.7,2304.5,2305.7,1777727160,624
2305.45,2305.5,2304.95,2305.2,1777727100,4511
2305.2,2305.2,2304.5,2304.55,1777727040,5029
2304.55,2304.6,2304.4,2304.4,1777726980,1159
2304.45,2304.45,2303.95,2304.0,1777726920,747
2303.75,2303.75,2302.85,2302.85,1777726860,933
2302.8,2303.3,2302.8,2302.9,1777726800,731
2302.25,2302.25,2302.25,2302.25,1777726740,0
2302.25,2302.5,2302.25,2302.35,1777726680,3618
2302.45,2302.5,2302.4,2302.4,1777726620,635
2302.3,2302.65,2302.15,2302.65,1777726560,6191
2302.65,2302.65,2301.85,2301.9,1777726500,3326
2301.95,2302.0,2301.8,2301.8,1777726440,1082
2301.8,2302.5,2301.75,2302.5,1777726380,2203
2302.25,2302.85,2302.25,2302.85,1777726320,106
2302.8,2302.8,2302.8,2302.8,1777726260,453
2302.9,2302.9,2302.9,2302.9,1777726200,21
2302.9,2302.9,2302.9,2302.9,1777726140,547
2302.85,2302.9,2302.65,2302.65,1777726080,190
2302.85,2302.9,2302.85,2302.9,1777726020,25
2303.35,2303.35,2303.35,2303.35,1777725960,1
2303.25,2303.25,2303.25,2303.25,1777725900,10
2303.45,2303.65,2303.3,2303.3,1777725840,550
2303.4,2303.4,2303.2,2303.2,1777725780,54
2303.15,2303.35,2303.15,2303.35,1777725720,450
2304.05,2304.15,2302.8,2302.8,1777725660,3199
2302.95,2302.95,2300.55,2302.9,1777725600,2001
2302.8,2303.15,2302.8,2303.15,1777725540,52
2303.4,2303.45,2303.25,2303.35,1777725480,2843
2303.55,2303.55,2303.25,2303.25,1777725420,227
2303.7,2303.75,2303.7,2303.75,1777725360,21
2303.65,2303.7,2303.65,2303.7,1777725300,45
2303.75,2303.8,2303.65,2303.65,1777725240,369
2303.65,2303.65,2303.2,2303.2,1777725180,615
2302.05,2302.05,2302.05,2302.05,1777725120,0
2302.05,2303.5,2302.05,2303.5,1777725060,1276
2304.55,2304.55,2303.95,2303.95,1777725000,2035
2304.0,2304.0,2303.4,2303.55,1777724940,511
2303.95,2304.4,2303.95,2304.35,1777724880,1522
2304.35,2304.35,2303.9,2303.95,1777724820,894
2303.9,2303.95,2303.45,2303.45,1777724760,2152
2303.2,2303.25,2302.3,2302.35,1777724700,3962
2302.4,2302.4,2302.0,2302.0,1777724640,804
2301.2,2301.45,2301.2,2301.45,1777724580,91
2301.0,2301.1,2301.0,2301.05,1777724520,547
2301.1,2301.1,2300.95,2301.0,1777724460,5620
2301.05,2301.1,2301.0,2301.0,1777724400,486
2301.1,2301.2,2300.95,2301.2,1777724340,1263
2301.15,2301.15,2301.15,2301.15,1777724280,500
2301.45,2301.45,2301.45,2301.45,1777724220,80
2301.3,2301.3,2301.3,2301.3,1777724160,220
2301.4,2301.4,2301.2,2301.2,1777724100,738
2301.15,2301.3,2301.15,2301.2,1777724040,213
2301.2,2301.2,2300.9,2300.95,1777723980,834
2300.75,2300.75,2300.2,2300.2,1777723920,1124
2300.2,2300.2,2300.2,2300.2,1777723860,63
2299.95,2300.65,2299.95,2300.65,1777723800,427
2300.5,2302.0,2300.3,2302.0,1777723740,682
2301.8,2301.8,2301.6,2301.65,1777723680,1193
2301.65,2301.65,2301.65,2301.65,1777723620,278
2301.25,2301.3,2300.95,2300.95,1777723560,716
2300.95,2300.95,2300.75,2300.75,1777723500,470
2300.5,2300.5,2300.5,2300.5,1777723440,0
2300.5,2300.65,2300.5,2300.6,1777723380,1767
2300.5,2300.65,2300.5,2300.65,1777723320,183
2300.7,2300.85,2300.7,2300.85,1777723260,224
2300.95,2300.95,2300.95,2300.95,1777723200,5
2301.05,2301.05,2300.7,2300.7,1777723140,246
2300.5,2300.55,2300.45,2300.45,1777723080,573
2300.5,2300.5,2300.3,2300.5,1777723020,1364
2300.65,2300.65,2300.45,2300.5,1777722960,703
2300.25,2300.25,2299.7,2299.7,1777722900,1979
2299.8,2299.95,2299.8,2299.95,1777722840,940
2299.85,2299.85,2299.5,2299.5,1777722780,384
2299.3,2299.3,2299.2,2299.2,1777722720,451
2299.15,2299.15,2299.05,2299.15,1777722660,325
2299.15,2299.35,2299.15,2299.3,1777722600,465
2299.25,2299.4,2299.15,2299.4,1777722540,3110
2299.8,2299.95,2299.5,2299.95,1777722480,2911
2300.25,2300.4,2300.25,2300.25,1777722420,1236
2300.05,2300.7,2299.85,2300.7,1777722360,3482
2300.5,2300.85,2300.5,2300.85,1777722300,1061
2301.5,2301.5,2300.55,2300.55,1777722240,370
2300.55,2300.8,2300.45,2300.8,1777722180,81
2300.85,2300.85,2300.8,2300.85,1777722120,2146
2300.75,2300.75,2300.5,2300.55,1777722060,62
2300.7,2300.75,2300.5,2300.75,1777722000,281
2300.2,2300.85,2300.2,2300.8,1777721940,2619
2300.8,2300.85,2300.6,2300.7,1777721880,3877
2300.55,2300.85,2300.55,2300.85,1777721820,886
2300.7,2301.3,2300.7,2301.3,1777721760,1751
2301.3,2301.5,2300.8,2301.5,1777721700,1137
2301.6,2302.7,2300.0,2302.7,1777721640,6786
2303.0,2303.4,2302.95,2303.4,1777721580,1138
2303.4,2303.4,2303.15,2303.15,1777721520,610
2303.05,2303.1,2303.05,2303.05,1777721460,226
2303.45,2303.65,2303.45,2303.65,1777721400,1571
2303.5,2303.65,2303.5,2303.65,1777721340,1600
2303.4,2303.75,2303.35,2303.7,1777721280,2204
2303.65,2303.65,2303.65,2303.65,1777721220,176
2303.25,2303.8,2303.25,2303.75,1777721160,2022
2304.05,2304.1,2304.0,2304.0,1777721100,360
2304.0,2304.05,2303.75,2304.05,1777721040,982
2304.0,2304.05,2302.95,2302.95,1777720980,3408
2302.95,2302.95,2301.95,2301.95,1777720920,2860
2301.95,2302.1,2301.9,2302.1,1777720860,745
2302.1,2302.1,2301.95,2301.95,1777720800,2961
2301.95,2301.95,2301.75,2301.75,1777720740,675
2301.75,2301.8,2301.5,2301.5,1777720680,255
2301.25,2301.25,2301.1,2301.1,1777720620,250
2301.05,2301.1,2301.0,2301.1,1777720560,1097
2300.9,2300.9,2300.6,2300.6,1777720500,431
2300.65,2300.75,2300.65,2300.65,1777720440,1271
2300.6,2300.6,2300.1,2300.25,1777720380,960
2300.2,2300.55,2300.2,2300.55,1777720320,1182
2300.15,2300.95,2300.15,2300.75,1777720260,1116
2300.7,2300.95,2300.55,2300.95,1777720200,1118
2300.35,2301.05,2300.35,2300.95,1777720140,1098
2300.8,2300.95,2300.8,2300.9,1777720080,172
2300.9,2300.9,2300.75,2300.85,1777720020,722
2300.9,2300.9,2300.75,2300.75,1777719960,1240
2300.85,2300.9,2300.65,2300.65,1777719900,1099
2300.65,2300.7,2300.1,2300.55,1777719840,3812
2300.4,2301.15,2300.4,2301.15,1777719780,321
2301.15,2301.45,2300.4,2301.45,1777719720,3560
2301.45,2301.45,2300.3,2300.8,1777719660,2003
2300.7,2301.55,2295.65,2301.55,1777719600,5413
2302.5,2302.55,2302.45,2302.55,1777719540,258
2303.3,2303.3,2303.2,2303.25,1777719480,742
2303.2,2303.35,2303.2,2303.3,1777719420,752
2303.25,2303.25,2303.2,2303.25,1777719360,450
2303.2,2303.2,2302.9,2302.9,1777719300,281
2302.95,2303.15,2302.85,2303.15,1777719240,651
2303.1,2303.8,2302.4,2302.4,1777719180,951
2302.4,2302.45,2302.2,2302.45,1777719120,2028
2302.5,2302.5,2302.5,2302.5,1777719060,1256
2302.45,2302.5,2298.05,2302.5,1777719000,5807
2302.4,2302.4,2302.0,2302.05,1777718940,223
2302.0,2302.2,2302.0,2302.2,1777718880,442
2302.1,2302.1,2302.0,2302.0,1777718820,250
2301.9,2301.9,2301.8,2301.85,1777718760,283
2301.8,2302.45,2301.8,2302.3,1777718700,2799
2302.35,2302.35,2301.95,2301.95,1777718640,484
2301.9,2302.4,2301.65,2302.4,1777718580,1324
2302.5,2302.65,2302.4,2302.65,1777718520,1535
2302.6,2302.6,2302.2,2302.2,1777718460,2195
2302.45,2303.15,2302.45,2303.15,1777718400,1640
2303.45,2303.45,2303.05,2303.05,1777718340,1219
2303.05,2303.05,2301.65,2303.0,1777718280,4088
2303.05,2303.05,2303.0,2303.05,1777718220,552
2303.05,2303.35,2303.0,2303.35,1777718160,3890
2303.25,2303.4,2303.25,2303.4,1777718100,268
2303.35,2303.35,2303.05,2303.05,1777718040,404
2302.85,2302.85,2302.85,2302.85,1777717980,100
2302.85,2302.85,2302.7,2302.7,1777717920,45
2302.5,2302.5,2302.3,2302.3,1777717860,521
2302.3,2302.3,2301.35,2302.3,1777717800,3092
2303.6,2303.6,2303.35,2303.4,1777717740,526
2303.35,2303.4,2303.25,2303.4,1777717680,429
2303.4,2303.65,2303.4,2303.65,1777717620,1000
2302.7,2302.75,2302.7,2302.75,1777717560,1031
2302.65,2302.9,2302.65,2302.85,1777717500,659
2302.95,2302.95,2302.9,2302.9,1777717440,1534
2302.45,2303.05,2302.05,2302.8,1777717380,9204
2303.1,2304.0,2303.1,2303.95,1777717320,795
2303.9,2304.25,2303.8,2304.25,1777717260,315
2304.4,2304.4,2304.3,2304.3,1777717200,623
2304.35,2304.9,2304.35,2304.85,1777717140,1720
2304.8,2304.95,2304.8,2304.95,1777717080,322
2304.25,2304.25,2303.85,2303.9,1777717020,2617
2304.05,2304.1,2304.05,2304.1,1777716960,69
2303.65,2303.7,2303.65,2303.7,1777716900,349
2304.2,2304.2,2304.15,2304.2,1777716840,77
2304.2,2304.2,2303.75,2303.75,1777716780,888
2303.75,2303.75,2303.7,2303.75,1777716720,612
2303.75,2303.75,2303.7,2303.75,1777716660,739
2303.1,2303.2,2303.1,2303.2,1777716600,1543
2303.25,2303.25,2302.9,2303.05,1777716540,5641
2303.0,2303.15,2303.0,2303.15,1777716480,6152
2303.0,2303.35,2302.5,2303.35,1777716420,2137
2303.45,2303.5,2303.45,2303.5,1777716360,30
2303.1,2303.55,2303.1,2303.55,1777716300,259
2303.6,2303.65,2302.45,2303.65,1777716240,1249
2303.6,2303.75,2303.5,2303.5,1777716180,37
2303.45,2303.85,2303.15,2303.35,1777716120,844
2303.45,2303.45,2303.45,2303.45,1777716060,590
2303.3,2304.1,2303.3,2304.1,1777716000,3375
2304.15,2304.15,2303.7,2304.15,1777715940,557
2304.0,2304.05,2304.0,2304.05,1777715880,413
2303.95,2304.15,2303.95,2304.15,1777715820,707
2304.15,2304.35,2304.15,2304.35,1777715760,213
2304.35,2304.4,2304.15,2304.15,1777715700,1178
2304.1,2304.1,2303.55,2303.8,1777715640,232
2304.05,2304.25,2303.85,2304.0,1777715580,2453
2303.95,2304.2,2303.85,2304.2,1777715520,701
2304.2,2304.3,2303.9,2304.0,1777715460,1383
2303.75,2304.3,2303.75,2304.25,1777715400,1795
2304.3,2304.85,2304.3,2304.75,1777715340,462
2304.75,2304.85,2304.6,2304.7,1777715280,2377
2304.75,2305.0,2304.75,2304.95,1777715220,300
2305.0,2305.0,2304.65,2305.0,1777715160,2485
2304.95,2304.95,2304.5,2304.5,1777715100,206
2304.9,2304.9,2304.75,2304.85,1777715040,505
2305.1,2305.1,2304.95,2304.95,1777714980,367
2305.25,2305.4,2304.65,2304.65,1777714920,1220
2304.6,2304.9,2304.6,2304.9,1777714860,35
2304.9,2304.9,2304.55,2304.8,1777714800,5559
2305.15,2306.6,2305.15,2306.6,1777714740,863
2305.6,2306.05,2305.35,2306.05,1777714680,1459
2306.3,2306.85,2306.3,2306.35,1777714620,3917
2306.25,2306.4,2305.1,2305.1,1777714560,6619
2304.8,2304.8,2304.7,2304.7,1777714500,100
2304.5,2304.5,2303.05,2303.05,1777714440,2118
2302.95,2303.0,2302.95,2303.0,1777714380,370
2302.65,2303.2,2302.6,2303.2,1777714320,498
2303.05,2303.15,2302.85,2302.85,1777714260,1586
2302.85,2303.7,2302.45,2303.7,1777714200,2262
2304.2,2304.2,2304.15,2304.15,1777714140,133
2304.25,2304.35,2304.25,2304.3,1777714080,876
2304.2,2304.3,2304.2,2304.2,1777714020,715
2304.25,2304.7,2304.2,2304.7,1777713960,2826
2305.05,2305.1,2304.85,2305.05,1777713900,2334
2305.0,2305.0,2304.75,2304.75,1777713840,3008
2304.75,2304.75,2304.65,2304.65,1777713780,211
2304.7,2304.95,2304.55,2304.9,1777713720,4947
2304.65,2305.15,2304.65,2305.0,1777713660,2037
2304.95,2305.0,2304.9,2304.95,1777713600,1436
2304.9,2304.9,2304.7,2304.7,1777713540,308
2304.8,2304.8,2304.4,2304.4,1777713480,5044
2304.35,2304.45,2304.35,2304.45,1777713420,32
2304.2,2304.35,2304.0,2304.25,1777713360,2289
2304.25,2304.35,2304.2,2304.2,1777713300,645
2303.8,2303.85,2303.65,2303.75,1777713240,1058
2303.45,2303.8,2303.4,2303.7,1777713180,2539
2303.8,2303.8,2303.75,2303.75,1777713120,665
2303.7,2303.95,2303.7,2303.95,1777713060,355
2304.0,2304.0,2304.0,2304.0,1777713000,140
2303.9,2303.9,2303.65,2303.7,1777712940,278
2303.6,2303.6,2303.55,2303.6,1777712880,2820
2303.45,2303.65,2303.45,2303.6,1777712820,972
2303.45,2304.0,2303.4,2303.5,1777712760,3398
2303.55,2303.55,2302.7,2302.7,1777712700,715
2302.6,2303.0,2302.6,2303.0,1777712640,1634
2302.95,2302.95,2302.75,2302.95,1777712580,8938
2302.95,2303.05,2302.4,2302.4,1777712520,2161
2302.35,2302.35,2302.3,2302.35,1777712460,2159
2302.2,2302.45,2302.15,2302.45,1777712400,213
2302.2,2302.2,2302.1,2302.1,1777712340,812
2302.0,2302.0,2302.0,2302.0,1777712280,1
2301.5,2302.15,2301.5,2302.15,1777712220,1364
2302.3,2302.65,2302.3,2302.65,1777712160,502
2302.5,2302.55,2301.95,2302.55,1777712100,1640
2302.45,2303.05,2302.45,2302.95,1777712040,219
2302.85,2302.95,2302.85,2302.85,1777711980,397
2303.0,2303.3,2303.0,2303.2,1777711920,750
2303.3,2303.4,2302.75,2302.75,1777711860,888
2302.75,2302.85,2302.7,2302.7,1777711800,1414
2302.7,2302.75,2302.65,2302.65,1777711740,946
2302.6,2302.65,2302.4,2302.4,1777711680,1860
2302.45,2302.65,2302.45,2302.6,1777711620,42
2302.65,2302.7,2302.3,2302.3,1777711560,2008
2302.4,2302.4,2302.15,2302.15,1777711500,65
2302.6,2303.0,2302.6,2303.0,1777711440,10
2302.95,2303.2,2302.95,2303.2,1777711380,299
2303.05,2303.05,2302.95,2303.0,1777711320,243
2302.9,2302.9,2302.8,2302.9,1777711260,93
2302.8,2302.85,2302.65,2302.8,1777711200,1015
2302.8,2303.0,2302.65,2303.0,1777711140,857
2303.0,2303.45,2302.95,2302.95,1777711080,927
2302.9,2303.3,2302.9,2303.2,1777711020,3961
2303.1,2303.3,2303.05,2303.1,1777710960,383
2303.1,2303.55,2303.1,2303.55,1777710900,306
2302.5,2302.65,2302.25,2302.6,1777710840,2232
2302.8,2303.05,2302.75,2303.0,1777710780,277
2303.25,2303.3,2302.9,2302.95,1777710720,1927
2302.8,2302.8,2302.0,2302.0,1777710660,6071
2302.15,2302.15,2301.6,2301.6,1777710600,1963
2301.6,2301.6,2301.25,2301.6,1777710540,997
2301.9,2302.25,2301.75,2302.25,1777710480,1299
2302.15,2302.3,2301.25,2301.25,1777710420,1805
2301.3,2301.3,2301.25,2301.25,1777710360,180
2301.5,2301.5,2301.25,2301.3,1777710300,2574
2301.35,2301.4,2300.85,2300.85,1777710240,6108
2300.85,2300.9,2300.8,2300.9,1777710180,285
2300.65,2301.3,2300.6,2301.3,1777710120,1774
2301.15,2301.15,2300.35,2300.35,1777710060,5073
2300.15,2300.15,2299.6,2299.6,1777710000,84
2300.0,2300.2,2300.0,2300.2,1777709940,290
2299.9,2300.0,2299.45,2299.45,1777709880,76
2299.55,2299.95,2299.4,2299.95,1777709820,914
2300.05,2300.05,2300.0,2300.0,1777709760,2704
2300.4,2300.5,2300.35,2300.35,1777709700,1163
2300.3,2300.3,2299.7,2300.25,1777709640,6167
2300.2,2300.45,2300.2,2300.35,1777709580,5550
2300.4,2300.45,2299.85,2299.95,1777709520,4042
2300.3,2300.35,2300.25,2300.25,1777709460,1904
2299.45,2299.65,2299.45,2299.65,1777709400,215
2299.6,2299.65,2299.5,2299.5,1777709340,2239
2299.4,2299.5,2299.4,2299.45,1777709280,407
2299.2,2299.2,2299.0,2299.0,1777709220,619
2298.9,2299.5,2298.9,2299.5,1777709160,2093
2299.05,2299.35,2299.05,2299.3,1777709100,513
2299.7,2299.8,2299.7,2299.8,1777709040,324
2299.8,2299.85,2299.25,2299.25,1777708980,604
2299.25,2299.45,2298.95,2298.95,1777708920,663
2298.5,2298.5,2297.6,2298.45,1777708860,4824
2298.45,2299.5,2297.45,2299.5,1777708800,9038
2299.8,2299.8,2299.6,2299.8,1777708740,1812
2300.1,2300.1,2299.85,2299.85,1777708680,1105
2296.1,2300.05,2296.1,2299.95,1777708620,5951
2300.05,2300.05,2300.0,2300.0,1777708560,353
2300.25,2300.25,2300.1,2300.1,1777708500,1120
2300.2,2300.25,2299.85,2300.05,1777708440,1297
2300.1,2300.15,2299.8,2299.8,1777708380,424
2299.9,2300.25,2299.9,2300.25,1777708320,1772
2300.2,2300.4,2300.2,2300.4,1777708260,352
2300.3,2300.65,2300.3,2300.5,1777708200,571
2300.75,2301.1,2300.75,2301.1,1777708140,927
2301.1,2301.1,2301.0,2301.0,1777708080,348
2301.05,2301.25,2301.05,2301.25,1777708020,5024
2301.25,2301.3,2301.2,2301.3,1777707960,847
2301.5,2301.8,2301.25,2301.25,1777707900,2601
2301.25,2301.25,2300.7,2300.7,1777707840,2397
2300.75,2300.8,2300.75,2300.75,1777707780,771
2300.8,2301.15,2300.65,2301.15,1777707720,103
2301.0,2301.35,2301.0,2301.3,1777707660,1237
2301.3,2301.3,2301.3,2301.3,1777707600,101
2301.4,2301.45,2301.4,2301.45,1777707540,1592
2301.55,2301.55,2301.5,2301.5,1777707480,101
2301.5,2302.0,2301.4,2302.0,1777707420,2913
2302.45,2302.7,2302.2,2302.7,1777707360,1001
2302.9,2303.0,2302.85,2302.85,1777707300,360
2302.7,2302.9,2302.7,2302.9,1777707240,1257
2302.9,2303.4,2302.85,2303.25,1777707180,622
2303.15,2303.45,2302.85,2303.25,1777707120,2051
2303.45,2304.05,2303.45,2304.0,1777707060,288
2304.4,2304.4,2303.9,2304.05,1777707000,538
2304.0,2304.0,2303.95,2303.95,1777706940,199
2304.35,2304.45,2304.3,2304.45,1777706880,96
2304.5,2304.5,2304.05,2304.5,1777706820,1121
2304.75,2304.75,2304.55,2304.55,1777706760,669
2304.55,2304.85,2304.55,2304.85,1777706700,1146
2304.8,2304.8,2304.65,2304.65,1777706640,1259
2304.6,2304.95,2304.6,2304.95,1777706580,9358
2304.65,2304.65,2304.3,2304.3,1777706520,80
2304.1,2304.1,2303.75,2303.75,1777706460,578
2303.8,2303.85,2303.65,2303.75,1777706400,2433
2303.8,2303.95,2303.7,2303.95,1777706340,1162
2304.1,2304.1,2303.8,2303.85,1777706280,55
2303.85,2303.85,2302.9,2303.4,1777706220,5925
2303.45,2303.75,2303.45,2303.75,1777706160,1264
2303.75,2304.0,2303.75,2303.95,1777706100,308
2303.55,2303.55,2303.55,2303.55,1777706040,827
2303.6,2303.65,2303.25,2303.25,1777705980,615
2303.2,2303.25,2303.2,2303.25,1777705920,80
2303.8,2303.8,2303.45,2303.45,1777705860,169
2303.45,2303.65,2303.15,2303.65,1777705800,251
2303.9,2303.9,2303.9,2303.9,1777705740,287
2303.9,2303.9,2303.7,2303.75,1777705680,1192
2303.9,2303.95,2303.75,2303.95,1777705620,1357
2304.1,2304.1,2303.8,2303.8,1777705560,1088
2303.8,2303.95,2303.35,2303.35,1777705500,1423
2303.45,2306.15,2303.25,2303.25,1777705440,5285
2303.5,2303.7,2303.5,2303.65,1777705380,727
2303.7,2304.15,2303.4,2304.1,1777705320,3907
2304.1,2304.6,2304.1,2304.6,1777705260,2548
2305.0,2305.15,2304.25,2304.25,1777705200,502
2304.2,2305.25,2303.55,2303.65,1777705140,6490
2303.8,2303.8,2303.3,2303.3,1777705080,1707
2303.3,2303.5,2303.15,2303.15,1777705020,2901
2303.1,2303.15,2302.5,2302.75,1777704960,1036
2302.65,2303.5,2302.5,2303.5,1777704900,1982
2303.55,2303.8,2303.5,2303.75,1777704840,1648
2304.0,2304.0,2303.25,2303.25,1777704780,827
2302.2,2302.2,2302.0,2302.15,1777704720,1082
2302.95,2302.95,2302.6,2302.9,1777704660,3241
2302.95,2302.95,2302.45,2302.5,1777704600,1480
2302.4,2302.95,2302.0,2302.0,1777704540,1234
2302.1,2302.1,2301.8,2301.85,1777704480,1370
2301.3,2301.3,2300.5,2300.5,1777704420,1801
2300.55,2300.75,2300.55,2300.75,1777704360,663
2300.7,2300.75,2300.65,2300.65,1777704300,1320
2300.6,2300.8,2300.45,2300.45,1777704240,1522
2300.0,2300.0,2299.7,2299.7,1777704180,195
2299.7,2299.7,2299.7,2299.7,1777704120,10
2299.6,2299.65,2299.6,2299.65,1777704060,719
2299.7,2299.9,2299.25,2299.25,1777704000,564
2299.35,2299.4,2299.2,2299.2,1777703940,1082
2299.25,2299.8,2298.9,2298.9,1777703880,2182
2299.2,2299.55,2298.85,2299.0,1777703820,2371
2298.9,2298.9,2298.1,2298.1,1777703760,544
2298.15,2298.15,2297.15,2297.25,1777703700,1157
2296.6,2296.75,2296.6,2296.75,1777703640,270
2296.95,2296.95,2296.95,2296.95,1777703580,41
2297.15,2297.15,2297.1,2297.1,1777703520,117
2297.0,2297.0,2296.85,2296.85,1777703460,2394
2296.95,2296.95,2296.15,2296.15,1777703400,761
2296.3,2296.4,2296.3,2296.35,1777703340,1283
2296.15,2297.35,2295.95,2297.3,1777703280,786
2297.2,2297.25,2297.1,2297.2,1777703220,1133
2297.2,2297.5,2297.2,2297.4,1777703160,1191
2297.65,2297.7,2297.25,2297.25,1777703100,1516
2296.5,2296.9,2296.4,2296.8,1777703040,1465
2296.85,2297.65,2296.7,2296.95,1777702980,4311
2296.75,2298.4,2296.05,2298.35,1777702920,6479
2298.8,2299.05,2298.8,2298.95,1777702860,1447
2299.0,2299.1,2298.45,2298.6,1777702800,2527
2298.8,2299.05,2298.8,2299.05,1777702740,202
2299.3,2299.3,2299.3,2299.3,1777702680,256
2298.85,2298.85,2298.85,2298.85,1777702620,446
2298.85,2298.85,2298.8,2298.8,1777702560,498
2298.45,2298.55,2298.45,2298.5,1777702500,581
2298.35,2299.25,2298.35,2299.25,1777702440,2710
2299.45,2299.9,2299.45,2299.85,1777702380,1659
2300.25,2300.5,2300.15,2300.3,1777702320,3014
2300.35,2300.55,2300.25,2300.25,1777702260,1184
2300.25,2300.65,2300.25,2300.55,1777702200,461
2300.65,2300.9,2300.65,2300.7,1777702140,1693
2300.85,2300.85,2300.5,2300.85,1777702080,1063
2300.85,2301.65,2300.85,2301.65,1777702020,2082
2301.5,2301.75,2301.5,2301.65,1777701960,626
2301.55,2301.55,2300.6,2300.6,1777701900,4877
2300.55,2300.55,2300.2,2300.3,1777701840,1287
2300.3,2300.3,2299.8,2299.8,1777701780,1507
2299.8,2299.8,2299.55,2299.7,1777701720,1417
2299.55,2299.55,2299.0,2299.0,1777701660,688
2298.55,2298.55,2298.2,2298.35,1777701600,2253
2298.2,2298.8,2298.2,2298.6,1777701540,959
2298.75,2298.75,2298.55,2298.7,1777701480,572
2298.8,2298.9,2298.8,2298.85,1777701420,590
2298.85,2299.15,2298.85,2299.15,1777701360,929
2299.0,2299.0,2299.0,2299.0,1777701300,55
2299.05,2299.05,2298.4,2298.95,1777701240,399
2298.85,2299.2,2298.85,2299.15,1777701180,831
2299.25,2299.25,2298.45,2298.45,1777701120,1321
2298.25,2298.4,2298.25,2298.4,1777701060,447
2298.45,2299.05,2298.45,2299.05,1777701000,759
2299.0,2299.05,2297.7,2299.05,1777700940,2414
2299.3,2299.9,2299.3,2299.9,1777700880,1230
2299.25,2299.25,2299.2,2299.25,1777700820,9289
2299.3,2299.55,2297.8,2298.4,1777700760,1878
2298.3,2298.85,2298.3,2298.85,1777700700,8724
2298.85,2298.9,2298.8,2298.9,1777700640,358
2299.0,2299.0,2298.4,2298.9,1777700580,3860
2298.9,2298.95,2298.9,2298.9,1777700520,3374
2299.3,2299.4,2299.25,2299.4,1777700460,962
2299.3,2299.3,2299.1,2299.2,1777700400,1010
2299.25,2299.6,2299.1,2299.55,1777700340,3168
2299.25,2299.25,2298.8,2298.8,1777700280,3140
2298.9,2298.9,2298.6,2298.6,1777700220,124
2298.5,2298.6,2298.3,2298.6,1777700160,257
2298.65,2298.85,2298.4,2298.85,1777700100,1179
2299.0,2299.05,2298.9,2298.9,1777700040,430
2299.8,2299.9,2299.8,2299.9,1777699980,1085
2299.9,2300.2,2299.8,2299.85,1777699920,2294
2299.7,2299.7,2298.7,2298.7,1777699860,986
2298.75,2298.75,2298.45,2298.7,1777699800,6100
2298.75,2298.95,2298.25,2298.25,1777699740,1836
2297.7,2297.85,2297.45,2297.75,1777699680,2010
2297.5,2297.5,2297.5,2297.5,1777699620,270
2298.15,2298.2,2297.65,2297.7,1777699560,965
2297.75,2297.75,2297.4,2297.4,1777699500,1219
2297.5,2297.5,2297.1,2297.3,1777699440,1451
2297.15,2297.15,2296.9,2296.9,1777699380,11
2296.65,2296.65,2296.45,2296.5,1777699320,229
2296.4,2296.8,2295.95,2296.0,1777699260,3971
2296.45,2296.45,2296.0,2296.05,1777699200,343
2295.0,2297.4,2295.0,2297.35,1777699140,982
2297.45,2297.8,2297.2,2297.45,1777699080,581
2297.55,2297.55,2296.25,2297.0,1777699020,6558
2297.55,2297.55,2295.65,2296.9,1777698960,3417
2296.9,2296.9,2296.9,2296.9,1777698900,2
2297.45,2297.45,2297.1,2297.3,1777698840,219
2297.25,2297.25,2296.4,2297.2,1777698780,651
2297.75,2298.1,2297.75,2298.1,1777698720,1135
2297.45,2298.0,2296.0,2298.0,1777698660,2107
2298.15,2299.25,2298.1,2299.25,1777698600,1229
2298.95,2300.05,2298.95,2300.05,1777698540,1880
2300.1,2300.4,2300.0,2300.0,1777698480,343
2299.9,2299.9,2299.9,2299.9,1777698420,100
2299.95,2299.95,2299.4,2299.4,1777698360,448
2299.55,2299.85,2298.8,2298.8,1777698300,234
2298.95,2298.95,2298.9,2298.9,1777698240,681
2298.85,2299.7,2298.85,2298.95,1777698180,405
2298.65,2298.85,2298.15,2298.3,1777698120,5171
2298.85,2299.05,2298.85,2299.0,1777698060,1155
2299.0,2300.6,2299.0,2300.6,1777698000,1101
2300.1,2300.25,2299.85,2299.85,1777697940,1146
2299.6,2299.65,2299.25,2299.35,1777697880,1055
2299.5,2299.95,2299.45,2299.95,1777697820,704
2300.35,2300.35,2300.05,2300.05,1777697760,110
2300.6,2300.6,2299.65,2299.65,1777697700,786
2299.7,2299.9,2299.65,2299.9,1777697640,378
2299.9,2299.9,2299.25,2299.25,1777697580,763
2299.15,2299.3,2299.15,2299.3,1777697520,989
2299.1,2299.2,2298.55,2298.75,1777697460,3318
2299.6,2300.3,2299.6,2300.2,1777697400,5395
2300.25,2300.3,2299.7,2299.75,1777697340,188
2299.6,2299.7,2299.0,2299.0,1777697280,1173
2298.8,2299.1,2298.25,2299.05,1777697220,5312
2299.7,2300.05,2299.4,2299.5,1777697160,6327
2300.35,2300.45,2299.0,2300.45,1777697100,2926
2300.2,2300.3,2300.2,2300.3,1777697040,2387
2300.35,2300.7,2300.35,2300.7,1777696980,563
2301.1,2301.1,2300.25,2300.3,1777696920,341
2300.35,2300.35,2300.05,2300.05,1777696860,61
2300.0,2301.05,2300.0,2301.05,1777696800,806
2301.5,2301.75,2301.35,2301.75,1777696740,298
2301.75,2301.75,2301.4,2301.4,1777696680,515
2301.75,2301.8,2301.75,2301.8,1777696620,11
2302.9,2302.9,2302.9,2302.9,1777696560,17
2302.95,2302.95,2302.1,2302.1,1777696500,2344
2302.05,2302.15,2302.0,2302.15,1777696440,1741
2302.15,2302.25,2301.7,2301.85,1777696380,410
2301.7,2301.7,2300.35,2300.75,1777696320,1968
2301.0,2301.7,2301.0,2301.65,1777696260,270
2301.5,2301.55,2301.5,2301.55,1777696200,135
2301.6,2301.7,2301.6,2301.7,1777696140,109
2301.7,2301.7,2301.0,2301.0,1777696080,144
2301.0,2301.45,2301.0,2301.45,1777696020,1194
2301.5,2302.1,2301.5,2302.1,1777695960,596
2302.45,2302.45,2302.2,2302.25,1777695900,873
2301.95,2301.95,2301.75,2301.75,1777695840,1356
2301.7,2302.3,2301.7,2302.25,1777695780,767
2302.3,2302.45,2302.3,2302.45,1777695720,1148
2302.4,2302.4,2302.0,2302.0,1777695660,2530
2302.3,2302.3,2301.7,2301.7,1777695600,6247
2301.95,2301.95,2301.3,2301.3,1777695540,1073
2301.3,2301.35,2299.9,2301.1,1777695480,2351
2301.0,2301.2,2301.0,2301.1,1777695420,1605
2301.1,2301.1,2300.8,2300.8,1777695360,308
2300.8,2300.8,2300.65,2300.65,1777695300,250
2301.3,2301.3,2301.15,2301.15,1777695240,130
2301.25,2301.55,2301.05,2301.05,1777695180,103
2301.0,2301.5,2300.75,2300.75,1777695120,2491
2300.9,2300.9,2300.1,2300.1,1777695060,1717
2300.2,2300.45,2300.2,2300.45,1777695000,111
2300.5,2300.5,2300.2,2300.2,1777694940,45
2299.95,2300.5,2299.85,2300.1,1777694880,920
2300.5,2301.45,2300.5,2301.45,1777694820,1347
2301.1,2301.85,2300.85,2301.85,1777694760,1467
2302.8,2302.9,2302.8,2302.9,1777694700,410
2303.0,2303.0,2303.0,2303.0,1777694640,0
2303.0,2303.05,2303.0,2303.05,1777694580,234
2303.25,2303.25,2303.25,2303.25,1777694520,30
2303.35,2303.7,2303.35,2303.7,1777694460,83
2303.95,2303.95,2303.25,2303.25,1777694400,796
2303.4,2303.4,2303.4,2303.4,1777694340,10
2303.85,2304.75,2303.85,2304.75,1777694280,75
2304.85,2304.85,2303.5,2303.5,1777694220,4105
2303.45,2303.5,2301.8,2303.1,1777694160,2672
2303.15,2303.45,2303.15,2303.45,1777694100,2002
2303.55,2303.7,2303.55,2303.7,1777694040,1048
2303.7,2303.7,2303.1,2303.1,1777693980,890
2302.9,2303.05,2302.9,2303.05,1777693920,455
2303.05,2303.1,2302.45,2302.45,1777693860,1578
2302.75,2305.15,2302.35,2302.35,1777693800,10205
2302.4,2302.4,2302.35,2302.4,1777693740,247
2302.3,2302.3,2302.3,2302.3,1777693680,36
2302.3,2302.3,2302.15,2302.15,1777693620,404
2302.0,2302.15,2301.95,2302.1,1777693560,1976
2302.5,2302.5,2301.55,2302.25,1777693500,624
2302.4,2302.4,2302.4,2302.4,1777693440,60
2302.65,2302.7,2302.65,2302.7,1777693380,110
2302.65,2302.95,2302.65,2302.75,1777693320,513
2303.05,2303.75,2302.1,2303.75,1777693260,4169
2303.8,2304.15,2303.25,2304.1,1777693200,293
2304.2,2304.45,2304.15,2304.45,1777693140,1849
2304.55,2305.6,2304.45,2305.6,1777693080,412
2305.35,2305.35,2305.2,2305.25,1777693020,2446
2305.05,2305.65,2305.0,2305.65,1777692960,1326
2306.3,2307.1,2305.55,2305.55,1777692900,5653
2305.55,2305.9,2305.05,2305.15,1777692840,976
2304.65,2304.65,2304.3,2304.3,1777692780,750
2303.65,2304.1,2303.65,2304.1,1777692720,3300
2303.15,2303.15,2303.15,2303.15,1777692660,50
2302.8,2304.15,2302.8,2304.15,1777692600,2024
2304.5,2304.55,2304.05,2304.05,1777692540,1082
2304.15,2304.5,2304.05,2304.05,1777692480,889
2304.0,2304.95,2303.9,2303.95,1777692420,519
2304.05,2305.9,2304.05,2305.9,1777692360,219
2305.9,2306.25,2304.9,2304.9,1777692300,2398
2304.4,2304.85,2303.5,2303.5,1777692240,972
2303.45,2303.6,2303.25,2303.25,1777692180,984
2302.85,2302.85,2302.85,2302.85,1777692120,2
2303.05,2303.05,2302.75,2302.8,1777692060,280
2302.8,2302.8,2302.15,2302.15,1777692000,434
2302.95,2302.95,2301.45,2301.45,1777691940,928
2301.5,2301.6,2301.45,2301.45,1777691880,510
2301.25,2301.25,2300.0,2300.0,1777691820,300
2300.0,2300.05,2299.9,2300.05,1777691760,977
2300.8,2300.8,2300.8,2300.8,1777691700,0
2300.8,2301.05,2300.8,2301.05,1777691640,12
2300.45,2300.55,2300.15,2300.5,1777691580,881
2300.5,2300.7,2300.45,2300.65,1777691520,78
2300.8,2300.8,2300.8,2300.8,1777691460,200
2300.2,2300.75,2299.95,2300.75,1777691400,432
2300.65,2300.85,2300.5,2300.85,1777691340,931
2300.6,2301.3,2300.6,2301.3,1777691280,376
2301.55,2302.5,2301.55,2302.5,1777691220,666
2302.65,2302.95,2301.65,2302.9,1777691160,2692
2302.75,2303.3,2302.75,2303.3,1777691100,2608
2304.0,2304.0,2302.55,2302.55,1777691040,1386
2302.75,2302.75,2302.5,2302.6,1777690980,1098
2302.8,2302.8,2302.25,2302.3,1777690920,497
2303.05,2303.05,2303.05,2303.05,1777690860,336
2302.55,2302.55,2302.5,2302.5,1777690800,93
2302.1,2302.25,2302.1,2302.25,1777690740,943
2302.65,2302.65,2302.65,2302.65,1777690680,0
2302.65,2303.1,2302.65,2303.1,1777690620,46
2303.5,2303.7,2303.05,2303.7,1777690560,300
2303.7,2303.85,2303.3,2303.3,1777690500,272
2302.15,2303.8,2302.15,2303.75,1777690440,642
2304.2,2304.55,2304.2,2304.55,1777690380,806
2304.7,2306.45,2301.4,2303.45,1777690320,9614
2303.55,2303.55,2302.15,2302.15,1777690260,3738
2302.05,2302.1,2299.8,2299.8,1777690200,4875
2298.3,2298.3,2298.3,2298.3,1777690140,200
2298.05,2298.05,2298.0,2298.05,1777690080,560
2298.4,2298.4,2298.2,2298.2,1777690020,440
2298.4,2298.6,2298.4,2298.45,1777689960,1131
2298.65,2298.65,2298.05,2298.05,1777689900,872
2298.05,2298.3,2298.05,2298.3,1777689840,623
2298.05,2298.65,2298.05,2298.65,1777689780,51
2298.55,2298.55,2298.55,2298.55,1777689720,100
2298.5,2300.35,2298.5,2299.2,1777689660,4358
2298.45,2298.45,2297.95,2297.95,1777689600,392
2297.75,2297.75,2297.65,2297.7,1777689540,4153
2297.3,2297.3,2296.95,2296.95,1777689480,230
2296.95,2296.95,2296.95,2296.95,1777689420,2
2297.2,2297.2,2296.75,2296.75,1777689360,1542
2296.3,2296.3,2295.15,2295.15,1777689300,260
2295.15,2295.4,2294.7,2295.4,1777689240,770
2295.05,2295.05,2294.85,2295.05,1777689180,1144
2294.9,2295.55,2294.15,2294.15,1777689120,2269
2294.2,2294.3,2294.1,2294.15,1777689060,2477
2294.1,2294.6,2294.05,2294.6,1777689000,896
2294.05,2294.15,2294.0,2294.1,1777688940,6092
2294.2,2294.5,2294.2,2294.5,1777688880,227
2294.2,2294.75,2294.2,2294.75,1777688820,871
2294.25,2295.95,2293.8,2295.9,1777688760,3119
2295.9,2296.0,2295.45,2295.95,1777688700,1097
2295.95,2296.15,2295.95,2296.15,1777688640,764
2296.45,2296.75,2296.45,2296.75,1777688580,2
2296.5,2296.5,2296.5,2296.5,1777688520,10
2296.75,2296.95,2296.15,2296.95,1777688460,1207
2296.35,2296.8,2296.35,2296.8,1777688400,330
2296.0,2296.0,2295.75,2295.75,1777688340,167
2295.75,2295.9,2295.75,2295.9,1777688280,350
2295.85,2295.95,2295.3,2295.3,1777688220,3661
2295.75,2295.75,2295.6,2295.6,1777688160,110
2295.7,2295.7,2295.7,2295.7,1777688100,69
2296.05,2296.05,2296.05,2296.05,1777688040,333
2296.2,2296.2,2296.2,2296.2,1777687980,5
2295.9,2295.9,2295.9,2295.9,1777687920,767
2296.25,2296.25,2295.95,2296.1,1777687860,734
2296.0,2296.0,2295.65,2295.9,1777687800,354
2297.95,2297.95,2297.95,2297.95,1777687740,0
2297.95,2297.95,2297.8,2297.8,1777687680,502
2297.85,2297.85,2297.8,2297.85,1777687620,157
2297.8,2297.95,2297.8,2297.95,1777687560,703
2296.8,2296.8,2296.8,2296.8,1777687500,0
2296.8,2297.95,2296.8,2297.9,1777687440,73
2297.2,2297.2,2297.2,2297.2,1777687380,767
2297.7,2297.7,2296.55,2296.55,1777687320,172
2296.75,2296.85,2296.7,2296.8,1777687260,119
2297.05,2297.1,2297.0,2297.0,1777687200,1201
2297.55,2297.55,2296.6,2296.8,1777687140,312
2296.6,2296.6,2296.6,2296.6,1777687080,0
2296.6,2296.6,2296.6,2296.6,1777687020,3
2296.85,2296.85,2296.85,2296.85,1777686960,0
2296.85,2296.85,2296.85,2296.85,1777686900,0
2296.85,2297.0,2296.85,2297.0,1777686840,126
2297.0,2297.3,2297.0,2297.3,1777686780,253
2297.3,2297.7,2297.3,2297.65,1777686720,162
2297.65,2297.75,2297.45,2297.45,1777686660,454
2297.6,2297.65,2297.6,2297.6,1777686600,206
2297.95,2298.0,2297.85,2298.0,1777686540,544
2297.45,2297.45,2297.35,2297.35,1777686480,580
2297.05,2297.05,2296.65,2296.65,1777686420,1566
2296.1,2296.65,2296.1,2296.6,1777686360,1108
2297.3,2297.3,2297.3,2297.3,1777686300,1248
2297.6,2297.6,2296.6,2296.6,1777686240,797
2296.9,2297.0,2296.9,2297.0,1777686180,182
2296.8,2296.8,2296.8,2296.8,1777686120,837
2297.05,2297.05,2296.65,2297.0,1777686060,1316
2297.0,2297.0,2297.0,2297.0,1777686000,39
2297.5,2297.6,2297.5,2297.6,1777685940,317
2297.3,2297.5,2297.3,2297.5,1777685880,449
2297.4,2297.4,2297.4,2297.4,1777685820,11
2297.6,2297.8,2297.6,2297.8,1777685760,142
2298.65,2298.75,2298.65,2298.75,1777685700,81
2299.0,2299.3,2298.3,2298.3,1777685640,968
2298.35,2298.9,2297.95,2297.95,1777685580,164
2296.7,2296.7,2296.45,2296.45,1777685520,108
2296.5,2297.2,2296.5,2296.95,1777685460,260
2297.0,2297.0,2297.0,2297.0,1777685400,100
2296.2,2296.2,2296.15,2296.15,1777685340,246
2295.9,2295.9,2295.9,2295.9,1777685280,0
2295.9,2295.9,2295.9,2295.9,1777685220,751
2296.3,2296.3,2296.3,2296.3,1777685160,10
2296.0,2296.0,2296.0,2296.0,1777685100,0
2296.0,2296.2,2296.0,2296.2,1777685040,454
2296.35,2296.55,2295.65,2295.65,1777684980,1158
2295.6,2295.6,2295.45,2295.45,1777684920,119
2295.4,2295.4,2295.35,2295.35,1777684860,302
2294.9,2295.6,2294.9,2295.6,1777684800,484
2295.55,2295.55,2295.05,2295.05,1777684740,424
2295.0,2295.35,2295.0,2295.35,1777684680,1039
2295.65,2295.65,2295.65,2295.65,1777684620,345
2295.8,2295.8,2295.8,2295.8,1777684560,400
2296.65,2296.85,2296.65,2296.85,1777684500,647
2296.85,2296.85,2296.85,2296.85,1777684440,500
2297.15,2297.15,2296.05,2296.05,1777684380,713
2296.8,2296.8,2296.8,2296.8,1777684320,371
2298.75,2299.9,2297.85,2297.85,1777684260,5794
2297.9,2297.9,2297.7,2297.7,1777684200,592
2297.65,2297.65,2296.1,2296.35,1777684140,1603
2296.3,2296.35,2295.65,2295.7,1777684080,1030
2295.85,2295.95,2295.25,2295.25,1777684020,1133
2295.3,2295.6,2294.9,2294.9,1777683960,1232
2294.85,2295.1,2294.85,2295.05,1777683900,420
2294.7,2294.7,2294.7,2294.7,1777683840,19
2295.4,2295.4,2295.4,2295.4,1777683780,0
2295.4,2295.4,2295.4,2295.4,1777683720,950
2295.55,2295.55,2295.55,2295.55,1777683660,102
2294.95,2295.45,2294.95,2295.45,1777683600,67
2295.45,2295.5,2295.45,2295.45,1777683540,1029
2295.85,2296.0,2295.85,2296.0,1777683480,9
2296.1,2296.1,2296.1,2296.1,1777683420,1171
2296.5,2296.5,2296.5,2296.5,1777683360,296
2297.25,2297.3,2296.8,2296.8,1777683300,657
2296.7,2296.7,2296.6,2296.6,1777683240,944
2298.4,2298.4,2298.4,2298.4,1777683180,0
2298.4,2298.4,2297.9,2297.9,1777683120,1148
2297.15,2297.15,2297.15,2297.15,1777683060,1000
2295.6,2295.6,2295.6,2295.6,1777683000,0
2295.6,2295.6,2295.25,2295.4,1777682940,748
2296.6,2296.6,2296.6,2296.6,1777682880,0
2296.6,2296.6,2296.6,2296.6,1777682820,0
2296.6,2296.6,2296.6,2296.6,1777682760,42
2296.65,2297.35,2296.65,2296.65,1777682700,648
2297.55,2297.55,2295.8,2295.8,1777682640,2355
2295.35,2295.35,2295.35,2295.35,1777682580,0
2295.35,2295.35,2295.35,2295.35,1777682520,1
2293.55,2293.55,2293.55,2293.55,1777682460,0
2293.55,2293.55,2293.55,2293.55,1777682400,600
2293.35,2294.0,2293.35,2293.95,1777682340,1178
2293.2,2293.2,2293.2,2293.2,1777682280,0
2293.2,2293.2,2293.2,2293.2,1777682220,225
2294.35,2294.35,2294.35,2294.35,1777682160,0
2294.35,2294.35,2294.3,2294.3,1777682100,141
2294.25,2294.25,2294.25,2294.25,1777682040,0
2294.25,2294.25,2294.25,2294.25,1777681980,0
2294.25,2294.25,2294.25,2294.25,1777681920,0
2294.25,2294.25,2294.25,2294.25,1777681860,0
2294.25,2294.25,2294.25,2294.25,1777681800,0
2294.25,2294.25,2294.25,2294.25,1777681740,0
2294.25,2294.4,2294.25,2294.4,1777681680,588
2295.25,2295.6,2294.85,2295.6,1777681620,984
2296.85,2296.85,2296.35,2296.35,1777681560,1044
2295.65,2295.7,2295.65,2295.65,1777681500,46
2295.7,2295.7,2295.7,2295.7,1777681440,5
2294.05,2294.05,2294.05,2294.05,1777681380,0
2294.05,2294.05,2294.05,2294.05,1777681320,200
2292.5,2292.5,2292.5,2292.5,1777681260,4
2292.75,2292.75,2292.75,2292.75,1777681200,13
2292.6,2292.6,2292.6,2292.6,1777681140,340
2292.55,2292.55,2292.55,2292.55,1777680960,4
2292.8,2292.8,2292.8,2292.8,1777680900,1950
2292.8,2292.95,2292.8,2292.95,1777680840,52
2293.0,2293.0,2293.0,2293.0,1777680780,0
2293.0,2293.0,2293.0,2293.0,1777680720,200
2293.6,2294.15,2293.5,2294.15,1777680660,317
2294.1,2294.1,2294.1,2294.1,1777680600,500
2293.7,2293.7,2293.7,2293.7,1777680540,0
2293.7,2293.7,2293.7,2293.7,1777680480,400
2293.95,2293.95,2293.95,2293.95,1777680420,0
2293.95,2293.95,2293.95,2293.95,1777680360,354
2294.0,2294.2,2294.0,2294.15,1777680300,65
2294.3,2294.95,2294.3,2294.95,1777680240,540
2295.35,2295.35,2295.35,2295.35,1777680180,31
2294.9,2294.9,2294.9,2294.9,1777680120,0
2294.9,2294.9,2294.6,2294.6,1777680060,1696
2294.35,2294.35,2294.35,2294.35,1777680000,0
2294.35,2295.0,2294.35,2295.0,1777679940,494
2294.15,2294.15,2294.15,2294.15,1777679880,100
2294.3,2294.3,2294.3,2294.3,1777679820,0
2294.3,2294.3,2294.3,2294.3,1777679760,200
2292.85,2292.85,2292.85,2292.85,1777679700,0
2292.85,2292.85,2292.85,2292.85,1777679640,600
2292.05,2292.05,2292.05,2292.05,1777679580,0
2292.05,2292.05,2292.05,2292.05,1777679520,1284
2292.05,2292.05,2292.05,2292.05,1777679460,600
2292.6,2292.6,2292.6,2292.6,1777679400,0
2292.6,2292.85,2292.6,2292.85,1777679340,1600
2292.05,2292.05,2292.05,2292.05,1777679280,0
2292.05,2292.05,2292.05,2292.05,1777679220,0
2292.05,2292.05,2292.05,2292.05,1777679160,0
2292.05,2292.05,2292.05,2292.05,1777679100,0
2292.05,2292.05,2292.05,2292.05,1777679040,0
2292.05,2292.05,2292.05,2292.05,1777678980,561
2291.15,2291.15,2291.15,2291.15,1777678920,0
2291.15,2291.15,2291.15,2291.15,1777678860,0
2291.15,2291.15,2291.15,2291.15,1777678800,0
2291.15,2291.15,2291.15,2291.15,1777678740,106
2291.25,2291.25,2291.2,2291.25,1777678680,753
2290.2,2290.2,2290.2,2290.2,1777678620,700
2289.3,2289.3,2289.3,2289.3,1777678560,0
2289.3,2289.45,2289.3,2289.45,1777678500,700
2289.4,2289.55,2289.4,2289.55,1777678440,101
2289.15,2289.15,2289.15,2289.15,1777678380,0
2289.15,2289.15,2289.15,2289.15,1777678320,86
2289.35,2289.35,2289.35,2289.35,1777678260,756
2288.05,2288.05,2288.05,2288.05,1777678200,20
2288.95,2288.95,2288.95,2288.95,1777678140,0
2288.95,2289.25,2288.95,2289.25,1777678080,44
2289.8,2289.8,2289.8,2289.8,1777678020,0
2289.8,2289.8,2289.8,2289.8,1777677960,0
2289.8,2289.8,2289.8,2289.8,1777677900,100
2285.8,2289.85,2285.8,2289.85,1777677840,10000
2290.8,2290.8,2290.8,2290.8,1777677780,0
2290.8,2290.8,2290.8,2290.8,1777677720,276
2290.35,2290.35,2290.35,2290.35,1777677660,20
2289.85,2289.85,2289.85,2289.85,1777677600,20
2290.55,2291.05,2290.55,2291.05,1777677540,1557
2291.1,2291.1,2291.1,2291.1,1777677300,303
2291.2,2291.2,2291.2,2291.2,1777677240,0
2291.2,2291.2,2291.2,2291.2,1777677180,0
2291.2,2291.85,2291.2,2291.85,1777677120,1339
2291.85,2291.85,2291.75,2291.75,1777677060,40
2291.05,2291.05,2291.05,2291.05,1777677000,0
2291.05,2291.05,2290.7,2291.05,1777676940,50
2291.75,2291.75,2291.75,2291.75,1777676880,0
2291.75,2291.75,2291.75,2291.75,1777676820,2
2291.25,2291.25,2291.25,2291.25,1777676760,2
2291.85,2291.85,2291.85,2291.85,1777676700,0
2291.85,2291.85,2291.85,2291.85,1777676640,511
2290.9,2290.9,2290.9,2290.9,1777676580,0
2290.9,2290.9,2290.9,2290.9,1777676520,0
2290.9,2290.9,2290.9,2290.9,1777676460,0
2290.9,2290.95,2290.9,2290.95,1777676400,86
2291.95,2292.05,2291.75,2291.75,1777676340,354
2292.5,2292.5,2292.5,2292.5,1777676280,10
2292.95,2292.95,2292.95,2292.95,1777676220,270
2292.25,2292.25,2292.25,2292.25,1777676160,0
2292.25,2292.25,2292.25,2292.25,1777676100,10
2292.2,2292.2,2292.2,2292.2,1777676040,408
2291.55,2291.55,2291.55,2291.55,1777675980,546
2291.3,2291.3,2291.1,2291.1,1777675920,1131
2290.6,2290.6,2290.6,2290.6,1777675860,0
2290.6,2290.6,2290.6,2290.6,1777675800,0
2290.6,2290.6,2290.6,2290.6,1777675740,10
2291.65,2291.65,2291.65,2291.65,1777675680,20
2292.35,2292.4,2292.35,2292.4,1777675620,1092
2292.75,2292.75,2292.75,2292.75,1777675560,0
2292.75,2292.75,2292.75,2292.75,1777675500,0
2292.75,2292.75,2292.75,2292.75,1777675440,0
2292.75,2292.75,2292.75,2292.75,1777675380,0
2292.75,2292.75,2292.25,2292.25,1777675320,200
2292.3,2293.2,2292.3,2293.2,1777675260,110
2293.65,2293.65,2293.65,2293.65,1777675200,0
2293.65,2293.65,2293.65,2293.65,1777675140,0
2293.65,2293.65,2293.65,2293.65,1777675080,0
2293.65,2293.65,2293.65,2293.65,1777675020,0
2293.65,2293.65,2293.55,2293.55,1777674960,201
2293.55,2293.55,2293.05,2293.2,1777674900,231
2295.0,2295.0,2294.65,2294.65,1777674840,2
2295.55,2295.55,2295.55,2295.55,1777674780,0
2295.55,2295.55,2295.45,2295.45,1777674720,564
2295.5,2296.65,2295.5,2296.65,1777674660,1031
2296.0,2296.0,2296.0,2296.0,1777674600,1
2295.45,2295.8,2295.45,2295.8,1777674540,305
2297.9,2297.9,2297.9,2297.9,1777674480,0
2297.9,2297.9,2297.9,2297.9,1777674420,0
2297.9,2297.9,2297.9,2297.9,1777674360,250
2298.0,2298.0,2298.0,2298.0,1777674300,531
2298.3,2298.3,2298.3,2298.3,1777674240,7
2297.2,2297.2,2297.2,2297.2,1777674180,0
2297.2,2297.2,2297.2,2297.2,1777674120,0
2297.2,2297.2,2297.2,2297.2,1777674060,0
2297.2,2297.2,2297.0,2297.0,1777674000,1058
2296.2,2296.2,2296.2,2296.2,1777673940,1014
2295.3,2295.5,2295.15,2295.5,1777673820,20
2295.65,2295.65,2295.65,2295.65,1777673760,700
2295.45,2295.45,2294.95,2294.95,1777673700,482
2295.15,2295.2,2295.15,2295.2,1777673640,510
2295.4,2295.4,2295.4,2295.4,1777673580,0
2295.4,2295.4,2295.2,2295.3,1777673520,489
2294.8,2294.8,2294.8,2294.8,1777673460,350
2294.7,2294.7,2294.7,2294.7,1777673400,0
2294.7,2294.7,2294.7,2294.7,1777673340,3
2294.0,2294.0,2294.0,2294.0,1777673280,0
2294.0,2294.0,2294.0,2294.0,1777673220,43
2292.85,2292.85,2292.85,2292.85,1777673160,0
2292.85,2292.85,2292.35,2292.35,1777673100,115
2292.7,2292.7,2292.7,2292.7,1777673040,0
2292.7,2293.8,2292.7,2293.8,1777672980,5224
2292.55,2292.55,2292.55,2292.55,1777672920,0
2292.55,2292.55,2292.55,2292.55,1777672860,40
2291.9,2291.9,2291.9,2291.9,1777672800,0
2291.9,2291.9,2291.45,2291.45,1777672740,5063
2290.6,2290.6,2290.6,2290.6,1777672680,0
2290.6,2290.6,2290.6,2290.6,1777672620,125
2289.2,2289.2,2289.2,2289.2,1777672560,0
2289.2,2289.2,2289.2,2289.2,1777672500,0
2289.2,2289.2,2289.2,2289.2,1777672440,0
2289.2,2289.2,2289.2,2289.2,1777672380,0
2289.2,2289.2,2289.2,2289.2,1777672320,0
2289.2,2289.2,2289.2,2289.2,1777672260,0
2289.2,2289.2,2289.2,2289.2,1777672200,0
2289.2,2289.2,2289.1,2289.1,1777672140,101
2289.15,2289.15,2289.15,2289.15,1777672080,0
2289.15,2289.15,2289.15,2289.15,1777672020,0
2289.15,2289.15,2289.15,2289.15,1777671960,0
2289.15,2289.15,2289.15,2289.15,1777671900,1
2286.7,2286.7,2286.6,2286.6,1777671840,66
2286.2,2286.2,2286.2,2286.2,1777671780,40
2290.6,2290.6,2290.6,2290.6,1777671720,1
2290.1,2290.1,2290.1,2290.1,1777671660,0
2290.1,2290.1,2290.1,2290.1,1777671600,0
2290.1,2290.1,2290.1,2290.1,1777671540,0
2290.1,2290.35,2290.0,2290.35,1777671480,460
2290.0,2290.0,2290.0,2290.0,1777671420,47
2290.2,2290.2,2290.2,2290.2,1777671360,600
2290.0,2292.05,2290.0,2291.65,1777671300,903
2293.05,2293.05,2293.05,2293.05,1777671240,0
2293.05,2293.05,2293.05,2293.05,1777671180,0
2293.05,2293.05,2291.4,2291.4,1777671120,206
2291.35,2291.35,2291.35,2291.35,1777671060,22
2289.05,2289.05,2289.05,2289.05,1777671000,0
2289.05,2289.05,2289.05,2289.05,1777670940,0
2289.05,2289.05,2289.05,2289.05,1777670880,600
2289.3,2289.3,2288.75,2288.75,1777670820,552
2287.1,2287.1,2287.1,2287.1,1777670760,200
2287.8,2287.8,2287.8,2287.8,1777670700,0
2287.8,2287.8,2287.8,2287.8,1777670640,0
2287.8,2287.8,2287.8,2287.8,1777670580,120
2287.4,2287.4,2287.4,2287.4,1777670520,100
2287.9,2287.9,2287.9,2287.9,1777670460,5
2288.45,2288.45,2288.45,2288.45,1777670400,0
2288.45,2288.45,2288.45,2288.45,1777670340,1
2285.55,2285.55,2285.45,2285.45,1777670160,208
2285.35,2285.35,2285.35,2285.35,1777670100,21
2285.1,2285.1,2285.1,2285.1,1777670040,0
2285.1,2285.1,2285.1,2285.1,1777669980,838
2286.5,2286.75,2286.45,2286.55,1777669920,714
2287.2,2288.25,2287.05,2288.25,1777669860,212
2287.3,2287.3,2287.3,2287.3,1777669800,117
2287.1,2287.1,2286.1,2286.1,1777669740,738
2285.75,2285.75,2285.75,2285.75,1777669680,122
2286.25,2286.25,2286.25,2286.25,1777669620,0
2286.25,2286.25,2286.25,2286.25,1777669560,0
2286.25,2286.25,2286.25,2286.25,1777669500,0
2286.25,2286.25,2286.25,2286.25,1777669440,312
2286.1,2286.1,2286.1,2286.1,1777669380,542
2286.0,2286.0,2286.0,2286.0,1777669320,124
2284.65,2284.65,2284.65,2284.65,1777669260,381
2283.85,2283.85,2283.1,2283.1,1777669200,135
2284.05,2284.05,2283.9,2283.9,1777669140,1014
2282.85,2282.85,2282.85,2282.85,1777669080,0
2282.85,2282.85,2282.85,2282.85,1777669020,382
2279.95,2284.05,2279.95,2284.05,1777668960,5000
2284.95,2284.95,2282.9,2282.9,1777668900,1140
2280.05,2280.05,2280.05,2280.05,1777668840,0
2280.05,2282.85,2278.05,2282.85,1777668780,12091
2282.8,2289.7,2282.35,2289.4,1777668720,22214
2291.95,2291.95,2291.95,2291.95,1777668660,50
2293.25,2293.25,2292.5,2292.5,1777668600,45
2291.85,2292.45,2291.85,2292.45,1777668540,250
2293.25,2293.25,2293.25,2293.25,1777668480,0
2293.25,2293.25,2293.25,2293.25,1777668420,0
2293.25,2293.25,2293.25,2293.25,1777668360,0
2293.25,2293.25,2293.0,2293.0,1777668300,55
2294.0,2294.0,2294.0,2294.0,1777668240,0
2294.0,2294.55,2294.0,2294.55,1777668180,1024
2290.9,2291.55,2290.3,2291.55,1777668120,6328
2292.15,2292.2,2291.35,2292.2,1777668060,1510
2292.0,2295.1,2288.35,2295.1,1777668000,19721
2294.55,2295.4,2294.55,2295.4,1777667940,6233
2295.95,2296.1,2295.95,2296.1,1777667880,100
2297.6,2297.6,2297.6,2297.6,1777667820,100
2297.3,2297.45,2297.3,2297.45,1777667760,400
2298.05,2298.05,2298.05,2298.05,1777667700,14
2298.25,2298.25,2298.25,2298.25,1777667640,0
2298.25,2299.05,2298.25,2298.7,1777667580,78
2297.85,2297.85,2297.85,2297.85,1777667520,0
2297.85,2297.85,2297.85,2297.85,1777667460,0
2297.85,2297.85,2297.6,2297.6,1777667400,1011
2298.9,2298.9,2298.9,2298.9,1777667340,1000
2299.45,2299.45,2299.3,2299.3,1777667280,274
2296.75,2296.75,2296.75,2296.75,1777667220,0
2296.75,2298.25,2296.75,2298.25,1777667160,2565
2298.25,2298.25,2298.25,2298.25,1777667100,5
2297.3,2297.3,2297.3,2297.3,1777667040,0
2297.3,2297.9,2297.3,2297.8,1777666980,1162
2296.65,2296.65,2295.65,2295.65,1777666920,1164
2295.65,2298.7,2295.35,2298.7,1777666860,10613
2298.4,2299.7,2297.9,2299.7,1777666800,8280
2299.7,2299.7,2299.7,2299.7,1777666740,0
2299.7,2300.75,2299.05,2300.75,1777666680,4436
2301.45,2302.7,2301.45,2302.7,1777666620,915
2302.6,2302.6,2302.6,2302.6,1777666560,75
2302.15,2302.65,2302.15,2302.6,1777666500,53
2302.75,2302.8,2302.65,2302.75,1777666440,23
2302.8,2302.8,2302.75,2302.75,1777666380,115
2302.85,2302.85,2302.8,2302.8,1777666320,39
2302.65,2302.75,2302.65,2302.75,1777666260,173
2302.95,2302.95,2302.95,2302.95,1777666200,0
2302.95,2302.95,2302.95,2302.95,1777666140,0
2302.95,2302.95,2302.95,2302.95,1777666080,0
2302.95,2302.95,2302.95,2302.95,1777666020,0
2302.95,2302.95,2302.55,2302.55,1777665960,160
2302.25,2302.3,2302.25,2302.3,1777665900,299
2303.45,2303.45,2303.45,2303.45,1777665840,22
2303.35,2303.35,2303.35,2303.35,1777665780,1
2303.7,2303.7,2303.7,2303.7,1777665720,0
2303.7,2303.8,2303.55,2303.55,1777665660,530
2303.55,2304.55,2303.55,2304.35,1777665600,543
2304.8,2304.8,2304.8,2304.8,1777665540,500
2304.95,2305.9,2304.95,2305.9,1777665480,444
2305.75,2305.75,2304.75,2304.75,1777665420,592
2304.6,2304.6,2304.0,2304.05,1777665360,786
2303.9,2303.9,2303.15,2303.15,1777665300,441
2304.6,2304.6,2304.6,2304.6,1777665240,0
2304.6,2304.6,2304.1,2304.1,1777665180,106
2304.05,2304.9,2304.05,2304.9,1777665120,120
2304.85,2304.9,2304.35,2304.35,1777665060,297
2304.35,2304.75,2304.35,2304.75,1777665000,121
2304.35,2305.35,2304.35,2305.35,1777664940,50
2305.25,2305.25,2303.75,2303.75,1777664880,186
2303.25,2303.25,2303.25,2303.25,1777664820,10
2303.2,2303.2,2303.2,2303.2,1777664760,19
2303.25,2303.95,2303.25,2303.95,1777664700,29
2303.0,2304.25,2303.0,2304.25,1777664640,159
2303.6,2303.6,2303.35,2303.6,1777664580,1047
2303.65,2303.65,2303.65,2303.65,1777664520,121
2304.0,2304.0,2304.0,2304.0,1777664460,0
2304.0,2304.05,2304.0,2304.05,1777664400,700
2304.25,2304.7,2304.05,2304.7,1777664340,511
2303.7,2303.95,2303.7,2303.95,1777664280,300
2303.35,2303.35,2303.35,2303.35,1777664220,25
2303.45,2304.2,2303.45,2304.1,1777664160,709
2304.2,2304.2,2304.15,2304.15,1777664100,520
2304.2,2304.5,2304.15,2304.3,1777664040,1539
2303.5,2303.6,2303.5,2303.6,1777663980,98
2304.4,2304.4,2304.4,2304.4,1777663920,0
2304.4,2304.4,2303.2,2303.2,1777663860,210
2304.2,2305.25,2304.2,2305.05,1777663800,54
2305.4,2305.4,2305.4,2305.4,1777663740,39
2305.4,2305.4,2305.4,2305.4,1777663680,39
2306.0,2306.05,2305.8,2306.05,1777663620,201
2306.4,2306.4,2306.4,2306.4,1777663560,0
2306.4,2306.4,2305.0,2305.0,1777663500,1054
2304.0,2304.2,2304.0,2304.2,1777663440,284
2304.1,2304.1,2303.45,2303.45,1777663380,8
2302.85,2302.85,2302.85,2302.85,1777663320,0
2302.85,2302.95,2302.75,2302.75,1777663260,403
2302.05,2302.25,2302.05,2302.15,1777663200,1033
2302.15,2302.2,2301.0,2301.65,1777663140,1136
2302.25,2302.25,2302.25,2302.25,1777663080,452
2303.65,2303.65,2303.1,2303.1,1777663020,139
2303.35,2304.0,2303.35,2304.0,1777662960,1134
2305.05,2305.55,2305.05,2305.2,1777662900,902
2305.6,2305.65,2305.4,2305.65,1777662840,1279
2305.75,2305.75,2305.75,2305.75,1777662780,0
2305.75,2305.75,2305.75,2305.75,1777662720,0
2305.75,2305.75,2305.75,2305.75,1777662660,490
2305.8,2305.85,2305.55,2305.55,1777662600,167
2306.1,2306.35,2306.05,2306.35,1777662540,327
2306.35,2306.35,2306.15,2306.15,1777662480,591
2306.45,2306.45,2306.45,2306.45,1777662420,101
2306.6,2306.6,2306.15,2306.15,1777662360,558
2306.0,2306.0,2304.65,2304.65,1777662300,788
2303.75,2303.75,2303.75,2303.75,1777662240,4
2303.4,2303.4,2303.25,2303.3,1777662180,675
2304.75,2304.75,2303.1,2303.1,1777662120,917
2302.55,2303.0,2302.55,2303.0,1777662060,596
2302.9,2303.75,2302.9,2303.75,1777662000,433
2303.8,2303.8,2303.25,2303.25,1777661940,402
2303.35,2303.35,2303.0,2303.0,1777661880,125
2303.25,2303.25,2302.75,2302.75,1777661820,432
2302.8,2303.9,2302.25,2303.9,1777661760,6352
2304.1,2304.1,2304.05,2304.1,1777661700,499
2304.0,2304.0,2303.95,2303.95,1777661640,548
2303.7,2304.45,2303.7,2304.45,1777661580,1257
2304.95,2304.95,2304.95,2304.95,1777661520,0
2304.95,2305.55,2304.95,2305.55,1777661460,442
2305.35,2306.3,2305.35,2306.3,1777661400,1218
2306.2,2306.2,2304.7,2304.75,1777661340,1697
2304.4,2305.0,2304.3,2305.0,1777661280,328
2305.0,2305.0,2304.7,2304.7,1777661220,930
2304.45,2304.45,2303.55,2303.7,1777661160,1054
2304.3,2304.3,2304.0,2304.0,1777661100,2024
2304.4,2304.4,2304.0,2304.0,1777661040,432
2304.0,2304.0,2303.8,2303.8,1777660980,1755
2304.2,2304.85,2303.8,2303.95,1777660920,1632
2305.4,2305.4,2304.1,2304.35,1777660860,1141
2305.0,2305.8,2305.0,2305.8,1777660800,5
2305.3,2305.9,2305.3,2305.9,1777660740,103
2306.05,2306.25,2306.05,2306.25,1777660680,811
2306.05,2306.05,2305.95,2305.95,1777660620,1419
2305.7,2305.75,2304.0,2304.05,1777660560,756
2304.35,2305.25,2303.5,2305.25,1777660500,4068
2306.7,2306.7,2305.45,2306.0,1777660440,1239
2306.5,2306.7,2305.6,2305.7,1777660380,2265
2305.8,2305.8,2305.25,2305.5,1777660320,1563
2306.0,2307.95,2306.0,2307.95,1777660260,449
2307.8,2308.85,2307.8,2308.85,1777660200,2021
2308.8,2308.8,2308.8,2308.8,1777660140,0
2308.8,2309.35,2307.95,2307.95,1777660080,2479
2307.9,2307.9,2307.9,2307.9,1777660020,0
2307.9,2308.05,2307.9,2308.05,1777659960,853
2307.8,2308.1,2307.6,2308.1,1777659900,532
2307.95,2307.95,2307.95,2307.95,1777659840,240
2309.7,2309.8,2309.7,2309.8,1777659780,437
2310.05,2310.55,2309.0,2309.2,1777659720,2410
2308.6,2309.55,2308.6,2309.4,1777659660,5063
2309.55,2309.55,2309.55,2309.55,1777659600,1
2308.35,2308.35,2308.3,2308.35,1777659540,1708
2307.0,2307.0,2306.9,2306.9,1777659480,200
2306.9,2306.9,2305.35,2305.45,1777659420,2633
2306.0,2308.35,2306.0,2308.35,1777659360,3124
2308.4,2308.7,2308.15,2308.15,1777659300,905
2307.6,2308.8,2307.6,2308.75,1777659240,803
2308.3,2308.6,2308.3,2308.6,1777659180,55
2308.75,2308.75,2308.0,2308.3,1777659120,5369
2308.1,2308.1,2307.55,2308.05,1777659060,5939
2308.25,2308.25,2308.25,2308.25,1777659000,0
2308.25,2308.45,2308.2,2308.2,1777658940,1221
2308.05,2308.1,2307.95,2307.95,1777658880,495
2307.3,2308.0,2307.3,2307.65,1777658820,1113
2309.05,2310.75,2309.0,2310.75,1777658760,202
2310.75,2310.75,2309.1,2309.7,1777658700,1132
2309.85,2309.85,2309.05,2309.15,1777658640,2019
2309.4,2309.4,2308.0,2308.0,1777658580,3683
2307.95,2307.95,2306.8,2307.6,1777658520,1283
2307.5,2308.45,2307.5,2308.45,1777658460,3335
2309.3,2311.15,2309.3,2311.15,1777658400,2304
2310.7,2311.0,2310.45,2310.8,1777658340,3528
2310.25,2311.85,2310.25,2311.85,1777658280,670
2311.3,2311.3,2310.75,2311.25,1777658220,1277
2310.35,2310.35,2309.95,2309.95,1777658160,5050
2309.55,2309.55,2309.55,2309.55,1777658100,240
2309.95,2309.95,2309.5,2309.5,1777658040,65
2311.85,2312.35,2309.15,2309.15,1777657980,11058
2309.85,2310.9,2309.25,2309.25,1777657920,4849
2306.65,2306.65,2305.6,2306.05,1777657860,539
2306.2,2307.0,2306.1,2307.0,1777657800,741
2307.1,2307.1,2305.45,2305.45,1777657740,676
2305.55,2305.6,2305.5,2305.55,1777657680,328
2305.85,2306.5,2305.85,2306.5,1777657620,143
2306.4,2306.4,2306.4,2306.4,1777657560,36
2305.9,2306.85,2305.9,2306.85,1777657500,1027
2306.45,2306.6,2306.45,2306.55,1777657440,1142
2307.2,2307.55,2307.15,2307.55,1777657380,360
2307.7,2307.7,2307.7,2307.7,1777657320,260
2308.1,2309.7,2308.0,2309.55,1777657260,6283
2309.9,2309.9,2304.7,2309.35,1777657200,4614
2308.95,2308.95,2307.95,2307.95,1777657140,1133
2307.65,2309.9,2307.6,2307.75,1777657080,8271
2307.2,2307.45,2305.05,2305.6,1777657020,2237
2305.5,2305.5,2303.4,2303.65,1777656960,2035
2302.4,2302.55,2302.4,2302.55,1777656900,770
2302.65,2303.5,2302.4,2302.4,1777656840,1389
2301.6,2301.6,2301.6,2301.6,1777656780,0
2301.6,2301.8,2301.05,2301.05,1777656720,410
2301.15,2301.15,2301.15,2301.15,1777656660,42
2301.65,2302.8,2301.65,2302.75,1777656600,152
2301.2,2302.4,2301.0,2302.3,1777656540,1187
2302.35,2302.4,2302.05,2302.05,1777656480,662
2301.8,2302.0,2301.25,2301.25,1777656420,1102
2301.6,2301.6,2301.55,2301.55,1777656360,2
2301.35,2302.3,2301.3,2302.3,1777656300,2227
2302.3,2302.9,2302.05,2302.75,1777656240,989
2303.0,2303.0,2302.3,2302.3,1777656180,1718
2302.45,2304.2,2302.45,2303.85,1777656120,1148
2303.65,2303.7,2302.75,2303.1,1777656060,724
2303.3,2304.1,2303.3,2304.1,1777656000,192
2303.75,2304.0,2303.7,2304.0,1777655940,296
2304.25,2304.25,2304.0,2304.1,1777655880,734
2304.1,2305.3,2304.1,2305.15,1777655820,676
2304.75,2305.15,2304.7,2305.15,1777655760,646
2306.05,2306.85,2305.05,2306.6,1777655700,2180
2306.2,2306.3,2303.3,2303.3,1777655640,4455
2303.2,2303.55,2303.05,2303.05,1777655580,2082
2303.3,2303.3,2301.9,2302.0,1777655520,2560
2302.4,2302.45,2300.45,2300.45,1777655460,1260
2300.5,2300.5,2299.6,2299.75,1777655400,3198
2299.8,2299.8,2299.05,2299.05,1777655340,590
2298.9,2299.65,2298.3,2299.65,1777655280,1224
2299.15,2299.45,2298.95,2298.95,1777655220,620
2298.4,2299.4,2298.4,2299.4,1777655160,776
2299.25,2299.25,2298.25,2298.55,1777655100,722
2298.4,2302.1,2298.4,2302.1,1777655040,2008
2302.3,2303.05,2302.3,2302.8,1777654980,1176
2303.05,2303.05,2301.9,2302.05,1777654920,45
2302.35,2302.7,2301.85,2302.15,1777654860,2356
2302.2,2302.2,2300.65,2300.65,1777654800,2159
2300.85,2301.25,2300.85,2301.25,1777654740,1390
2302.05,2302.05,2301.4,2301.95,1777654680,2111
2301.45,2302.95,2301.45,2302.5,1777654620,722
2303.25,2305.0,2303.15,2304.05,1777654560,2633
2303.85,2304.5,2303.85,2304.3,1777654500,1872
2302.65,2302.65,2298.85,2300.1,1777654440,1494
2300.35,2300.35,2299.9,2299.9,1777654380,686
2300.3,2300.85,2299.65,2300.85,1777654320,1789
2300.7,2301.45,2298.75,2298.75,1777654260,3148
2298.4,2298.4,2297.9,2298.25,1777654200,1026
2298.3,2298.3,2298.15,2298.15,1777654140,321
2297.0,2298.75,2297.0,2298.75,1777654080,2777
2298.85,2299.0,2297.15,2298.15,1777654020,6999
2298.2,2298.95,2298.15,2298.65,1777653960,1010
2298.55,2300.25,2298.55,2300.1,1777653900,4984
2300.4,2301.15,2300.4,2301.15,1777653840,344
2301.35,2301.45,2300.2,2301.2,1777653780,2396
2301.05,2302.4,2301.05,2302.4,1777653720,436
2302.05,2303.05,2301.4,2301.4,1777653660,1462
2301.65,2303.85,2301.65,2303.0,1777653600,2165
2302.3,2302.3,2299.6,2299.65,1777653540,2735
2299.2,2299.4,2298.55,2298.55,1777653480,297
2298.55,2300.0,2297.8,2299.8,1777653420,6058
2299.65,2300.45,2298.7,2300.45,1777653360,785
2301.0,2301.95,2301.0,2301.65,1777653300,222
2300.55,2300.6,2298.45,2298.7,1777653240,825
2299.8,2301.5,2299.8,2301.0,1777653180,1247
2302.05,2302.4,2301.6,2302.3,1777653120,558
2302.35,2302.35,2299.65,2302.35,1777653060,2284
2302.55,2303.35,2302.5,2302.5,1777653000,1882
2302.35,2304.75,2302.1,2304.0,1777652940,3235
2303.5,2303.5,2300.45,2301.5,1777652880,2389
2301.25,2301.25,2300.4,2300.4,1777652820,936
2300.4,2301.4,2300.25,2300.7,1777652760,7314
2300.5,2301.65,2298.25,2301.65,1777652700,5167
2301.75,2303.3,2300.25,2300.25,1777652640,2559
2301.75,2307.9,2298.95,2307.65,1777652580,3252
2306.7,2306.7,2305.2,2305.3,1777652520,1012
2305.3,2305.3,2303.9,2303.95,1777652460,356
2304.0,2304.0,2302.2,2303.95,1777652400,2985
2303.25,2304.1,2302.85,2303.95,1777652340,5202
2304.35,2305.4,2304.2,2305.4,1777652280,436
2305.5,2305.5,2304.9,2304.9,1777652220,428
2304.5,2304.7,2304.15,2304.7,1777652160,1266
2304.5,2304.85,2303.5,2304.15,1777652100,2043
2304.85,2305.55,2304.85,2305.55,1777652040,3479
2305.8,2306.9,2301.35,2306.9,1777651980,5618
2307.0,2307.0,2306.75,2307.0,1777651920,1281
2306.65,2307.8,2306.65,2306.95,1777651860,1855
2307.95,2308.2,2307.15,2307.25,1777651800,3175
2307.35,2308.6,2307.35,2307.75,1777651740,1002
2307.8,2309.25,2307.8,2309.25,1777651680,394
2308.85,2310.65,2308.85,2310.65,1777651620,1372
2311.9,2311.9,2311.15,2311.15,1777651560,601
2312.25,2312.25,2311.65,2312.05,1777651500,697
2312.0,2312.0,2310.55,2310.55,1777651440,373
2310.25,2311.75,2309.9,2311.75,1777651380,2108
2310.55,2313.2,2310.55,2312.1,1777651320,1747
2312.2,2312.65,2311.4,2311.4,1777651260,9772
2308.9,2310.7,2307.9,2308.0,1777651200,2331
2307.1,2307.1,2306.45,2306.55,1777651140,1725
2306.6,2307.1,2306.6,2306.6,1777651080,716
2306.0,2306.65,2305.55,2305.55,1777651020,1602
2305.35,2305.35,2304.75,2304.8,1777650960,641
2304.55,2304.75,2303.7,2304.75,1777650900,6012
2304.25,2307.1,2302.6,2302.6,1777650840,9525
2302.65,2302.65,2301.05,2301.6,1777650780,770
2302.65,2304.7,2298.2,2302.0,1777650720,19779
2302.6,2304.65,2300.5,2304.65,1777650660,17528
2304.5,2312.2,2302.4,2312.2,1777650600,14875
2312.55,2312.55,2311.8,2312.35,1777650540,1575
2312.25,2312.4,2311.85,2312.35,1777650480,1311
2312.4,2312.4,2312.2,2312.4,1777650420,2471
2312.45,2312.5,2311.75,2311.9,1777650360,1795
2311.65,2313.25,2311.65,2313.25,1777650300,3159
2312.75,2313.15,2312.75,2313.15,1777650240,940
2312.3,2312.3,2311.65,2312.0,1777650180,4592
2312.4,2313.25,2312.4,2312.95,1777650120,5897
2312.25,2313.95,2312.25,2313.95,1777650060,2581
2313.85,2314.35,2312.9,2313.9,1777650000,8558
2313.6,2313.8,2312.95,2313.0,1777649940,4969
2313.15,2315.2,2313.15,2315.2,1777649880,880
2315.25,2315.95,2311.15,2311.15,1777649820,14561
2311.0,2311.3,2310.05,2310.1,1777649760,7103
2310.3,2310.55,2310.3,2310.55,1777649700,120
2310.4,2310.6,2309.3,2309.3,1777649640,221
2309.05,2309.25,2308.95,2309.05,1777649580,5188
2307.85,2309.15,2307.85,2309.15,1777649520,624
2309.3,2309.55,2309.05,2309.05,1777649460,438
2308.3,2308.3,2308.3,2308.3,1777649400,8
2308.15,2308.25,2307.85,2307.85,1777649340,516
2307.8,2307.85,2307.8,2307.85,1777649280,30
2309.0,2309.6,2308.85,2309.6,1777649220,884
2309.8,2309.9,2308.4,2308.45,1777649160,283
2308.45,2308.45,2307.3,2307.3,1777649100,7249
2307.05,2310.35,2307.05,2310.35,1777649040,594
2310.75,2310.75,2308.2,2308.2,1777648980,2287
2308.2,2308.2,2308.1,2308.1,1777648920,844
2308.1,2308.15,2307.95,2308.0,1777648860,864
2308.0,2308.0,2307.45,2308.0,1777648800,273
2308.25,2308.5,2306.4,2306.4,1777648740,1905
2306.5,2306.65,2306.25,2306.65,1777648680,6240
2307.6,2308.65,2307.0,2308.25,1777648620,2553
2308.15,2310.05,2308.15,2309.7,1777648560,856
2310.1,2310.15,2309.3,2309.3,1777648500,8536
2308.9,2309.0,2308.0,2309.0,1777648440,3660
2309.3,2309.6,2308.7,2309.2,1777648380,2554
2308.2,2308.2,2307.25,2307.25,1777648320,1229
2305.65,2305.65,2304.95,2304.95,1777648260,21
2305.5,2307.0,2305.5,2306.5,1777648200,968
2306.05,2306.05,2304.75,2304.95,1777648140,1134
2304.8,2304.8,2304.8,2304.8,1777648080,31
2303.65,2304.95,2303.65,2304.05,1777648020,664
2304.5,2305.0,2303.6,2305.0,1777647960,436
2304.3,2305.4,2304.3,2305.2,1777647900,2315
2306.15,2306.15,2304.65,2305.25,1777647840,978
2304.75,2305.15,2303.55,2304.15,1777647780,1655
2302.45,2302.65,2301.35,2302.65,1777647720,196
2305.05,2305.95,2304.45,2305.95,1777647660,370
2306.25,2306.6,2304.65,2306.6,1777647600,3069
2306.4,2306.7,2306.4,2306.7,1777647540,211
2306.1,2306.6,2306.0,2306.6,1777647480,955
2307.3,2307.55,2307.3,2307.55,1777647420,271
2307.35,2307.9,2306.85,2307.6,1777647360,3829
2307.25,2307.25,2305.75,2305.75,1777647300,2372
2305.95,2308.2,2305.9,2308.2,1777647240,2282
2307.65,2310.05,2307.65,2310.05,1777647180,1119
2310.6,2310.85,2310.2,2310.7,1777647120,5839
2310.0,2310.0,2308.15,2308.15,1777647060,1436
2307.65,2307.95,2306.85,2307.95,1777647000,947
2309.15,2310.0,2308.9,2308.9,1777646940,5526
2308.3,2308.35,2307.7,2307.8,1777646880,387
2307.6,2309.15,2307.6,2308.2,1777646820,4053
2306.95,2307.4,2305.45,2305.45,1777646760,2916
2304.3,2304.5,2304.0,2304.05,1777646700,558
2305.0,2307.0,2305.0,2307.0,1777646640,3225
2306.8,2306.8,2304.7,2304.8,1777646580,2396
2304.1,2304.9,2303.45,2303.6,1777646520,5576
2304.9,2304.95,2303.8,2304.55,1777646460,3629
2305.45,2305.9,2304.3,2305.85,1777646400,4931
2305.7,2306.75,2303.45,2303.6,1777646340,5695
2303.75,2303.75,2300.95,2301.3,1777646280,3138
2300.15,2304.15,2300.15,2304.15,1777646220,9666
2303.8,2306.85,2303.8,2306.85,1777646160,5226
2307.95,2308.95,2307.7,2308.15,1777646100,4865
2306.85,2307.25,2306.5,2306.8,1777646040,999
2308.45,2308.6,2307.15,2308.3,1777645980,2022
2308.0,2308.7,2307.25,2308.6,1777645920,1418
2307.35,2307.35,2304.95,2304.95,1777645860,2643
2305.0,2307.35,2304.25,2307.35,1777645800,12177
2308.15,2309.1,2307.95,2309.0,1777645740,495
2309.4,2309.75,2309.35,2309.5,1777645680,1263
2309.4,2309.4,2308.3,2308.55,1777645620,2003
2308.9,2308.9,2306.45,2308.9,1777645560,4540
2308.25,2310.3,2306.7,2310.3,1777645500,4463
2310.65,2311.75,2310.2,2311.75,1777645440,1970
2312.05,2312.05,2308.3,2311.6,1777645380,7602
2311.55,2314.35,2311.55,2314.25,1777645320,1295
2314.75,2314.75,2313.5,2313.5,1777645260,1734
2313.25,2314.0,2310.0,2312.85,1777645200,3646
2312.9,2314.2,2312.65,2314.1,1777645140,5577
2314.0,2317.15,2313.9,2316.8,1777645080,6306
2317.0,2319.0,2316.75,2317.85,1777645020,2111
2318.15,2318.2,2316.45,2316.45,1777644960,2728
2316.15,2319.5,2316.15,2318.7,1777644900,12121
2318.25,2320.8,2318.25,2320.8,1777644840,7258
2322.0,2324.55,2321.4,2321.4,1777644780,7209
2321.6,2321.6,2319.7,2319.85,1777644720,6363
2318.85,2318.85,2317.75,2318.2,1777644660,8123
2318.6,2318.6,2317.2,2317.3,1777644600,6937
2318.55,2318.95,2318.55,2318.7,1777644540,9981
2318.45,2318.5,2317.2,2317.4,1777644480,1808
2318.15,2318.7,2318.05,2318.15,1777644420,3319
2318.0,2318.0,2316.4,2316.4,1777644360,4262
2316.35,2318.0,2315.45,2318.0,1777644300,9734
2318.25,2319.35,2318.05,2319.35,1777644240,7030
2319.25,2319.25,2317.05,2318.1,1777644180,13389
2318.75,2318.75,2318.6,2318.6,1777644120,243
2319.05,2319.45,2318.05,2318.05,1777644060,1398
2318.45,2320.95,2316.75,2316.75,1777644000,3481
2317.1,2317.1,2315.9,2315.9,1777643940,6145
2315.6,2315.65,2315.25,2315.25,1777643880,5969
2316.65,2317.5,2315.8,2317.5,1777643820,2206
2317.5,2319.3,2313.15,2319.3,1777643760,9059
2320.7,2323.0,2317.95,2317.95,1777643700,23888
2317.55,2319.65,2316.45,2316.75,1777643640,14825
2316.4,2318.25,2312.05,2312.05,1777643580,10989
2311.95,2312.95,2311.3,2312.25,1777643520,5413
2312.6,2313.15,2311.9,2313.15,1777643460,13610
2312.05,2313.15,2309.5,2310.45,1777643400,2576
2310.0,2310.75,2310.0,2310.0,1777643340,1819
2310.05,2310.75,2308.35,2308.55,1777643280,1425
2308.1,2308.25,2308.05,2308.15,1777643220,791
2309.25,2309.25,2305.6,2305.6,1777643160,428
2305.45,2306.65,2305.3,2306.3,1777643100,2216
2306.55,2306.95,2305.2,2305.2,1777643040,1695
2305.15,2307.85,2305.15,2307.2,1777642980,1589
2306.9,2308.6,2306.9,2307.85,1777642920,2241
2306.8,2306.8,2305.85,2306.25,1777642860,1980
2306.45,2308.75,2305.15,2306.95,1777642800,8064
2306.7,2309.45,2306.5,2309.45,1777642740,2190
2309.05,2314.0,2308.55,2314.0,1777642680,5747
2314.5,2317.85,2313.3,2314.5,1777642620,8618
2313.0,2313.0,2311.65,2311.8,1777642560,847
2312.0,2313.25,2311.1,2311.1,1777642500,4818
2310.45,2314.7,2310.45,2312.9,1777642440,9297
2312.15,2312.15,2308.5,2308.5,1777642380,9945
2308.15,2308.15,2306.7,2307.05,1777642320,2258
2307.25,2307.45,2306.25,2307.1,1777642260,1705
2306.75,2306.75,2303.95,2305.65,1777642200,2345
2306.35,2306.65,2305.45,2306.45,1777642140,2226
2306.6,2307.6,2306.6,2307.6,1777642080,1347
2307.65,2307.65,2306.95,2307.15,1777642020,1189
2306.4,2307.0,2306.4,2307.0,1777641960,1186
2307.35,2308.5,2307.35,2308.5,1777641900,874
2309.05,2309.55,2308.7,2308.7,1777641840,1090
2308.65,2309.95,2308.65,2309.95,1777641780,1767
2308.7,2309.0,2308.1,2309.0,1777641720,1179
2308.7,2310.25,2308.7,2309.35,1777641660,356
2304.4,2308.65,2304.4,2308.4,1777641600,10000
2307.75,2307.85,2307.65,2307.85,1777641540,244
2307.65,2308.8,2307.65,2308.8,1777641480,192
2309.65,2310.8,2307.75,2310.8,1777641420,2150
2311.5,2311.8,2311.45,2311.7,1777641360,1070
2313.0,2313.0,2310.7,2311.1,1777641300,6708
2310.45,2310.45,2305.25,2310.25,1777641240,6653
2310.25,2310.3,2309.4,2309.95,1777641180,895
2309.7,2313.85,2309.05,2312.35,1777641120,13237
2310.9,2310.9,2307.85,2310.0,1777641060,6691
2309.6,2309.6,2306.8,2307.7,1777641000,5302
2307.25,2308.0,2307.25,2307.45,1777640940,979
2307.75,2308.85,2307.75,2308.35,1777640880,5212
2308.5,2308.85,2308.15,2308.85,1777640820,1825
2308.6,2308.9,2307.8,2307.8,1777640760,1314
2307.85,2309.4,2306.9,2307.3,1777640700,10885
2307.8,2307.8,2305.25,2305.3,1777640640,372
2305.75,2306.35,2305.75,2306.15,1777640580,1318
2305.9,2306.25,2305.0,2305.25,1777640520,3145
2305.0,2305.0,2302.55,2302.55,1777640460,6865
2302.45,2302.45,2301.45,2301.45,1777640400,1528
2300.05,2301.4,2299.65,2301.3,1777640340,5283
2302.15,2302.15,2301.9,2302.0,1777640280,1201
2302.45,2302.45,2300.85,2300.85,1777640220,1041
2301.0,2301.0,2300.05,2301.0,1777640160,2321
2301.5,2302.6,2301.5,2302.6,1777640100,1475
2301.75,2303.7,2301.55,2303.7,1777640040,1909
2303.55,2304.15,2303.3,2303.8,1777639980,860
2304.55,2304.55,2303.7,2303.8,1777639920,2192
2303.7,2304.0,2303.15,2303.15,1777639860,461
2303.5,2303.95,2303.5,2303.95,1777639800,2254
2303.4,2304.35,2303.4,2304.35,1777639740,720
2304.5,2304.9,2304.3,2304.3,1777639680,858
2304.35,2304.85,2304.35,2304.85,1777639620,776
2304.0,2304.6,2303.0,2304.15,1777639560,906
2303.7,2303.7,2302.45,2302.45,1777639500,609
2303.6,2303.9,2303.1,2303.1,1777639440,1774
2303.2,2303.5,2302.2,2303.5,1777639380,856
2303.5,2304.2,2303.0,2303.8,1777639320,4064
2303.9,2307.05,2303.65,2307.0,1777639260,3239
2307.25,2308.55,2305.65,2305.65,1777639200,450
2305.1,2305.95,2305.1,2305.7,1777639140,972
2306.4,2307.85,2306.4,2307.45,1777639080,3110
2307.4,2309.9,2307.1,2308.9,1777639020,2372
2308.25,2308.6,2304.4,2304.4,1777638960,409
2304.0,2307.4,2304.0,2305.75,1777638900,2082
2306.3,2311.3,2305.5,2306.0,1777638840,8157
2306.1,2306.35,2303.5,2304.9,1777638780,2865
2304.95,2306.3,2304.8,2306.3,1777638720,2393
2306.25,2306.25,2304.0,2304.2,1777638660,5478
2304.35,2307.15,2304.0,2304.4,1777638600,13946
2304.1,2304.35,2302.65,2304.2,1777638540,2562
2304.25,2304.4,2302.25,2303.3,1777638480,716
2303.8,2303.8,2303.3,2303.3,1777638420,1633
2304.05,2304.05,2301.2,2301.7,1777638360,4812
2301.9,2304.55,2301.65,2301.65,1777638300,11135
2301.95,2303.35,2300.4,2300.4,1777638240,13902
2300.8,2300.8,2298.7,2299.5,1777638180,5187
2299.6,2301.3,2296.6,2299.3,1777638120,13070
2298.6,2299.15,2294.55,2294.75,1777638060,23863
2294.6,2295.95,2294.6,2295.7,1777638000,2663
2295.15,2296.1,2292.55,2294.1,1777637940,3637
2294.2,2295.4,2294.2,2294.4,1777637880,2379
2294.25,2296.15,2292.0,2292.0,1777637820,30365
2291.85,2292.05,2289.7,2290.15,1777637760,3020
2289.05,2289.25,2287.4,2287.4,1777637700,1094
2288.15,2292.7,2287.85,2288.0,1777637640,8829
2287.75,2288.0,2286.05,2286.65,1777637580,1815
2285.75,2285.95,2282.55,2282.8,1777637520,1193
2283.2,2284.05,2283.1,2284.0,1777637460,5662
2284.25,2284.6,2284.2,2284.6,1777637400,1292
2284.7,2285.4,2284.65,2285.4,1777637340,330
2285.35,2285.7,2284.95,2284.95,1777637280,516
2286.3,2286.3,2285.35,2285.35,1777637220,1087
2285.25,2286.2,2285.25,2286.2,1777637160,1159
2286.1,2286.45,2285.7,2286.45,1777637100,1572
2287.05,2287.05,2285.9,2286.15,1777637040,617
2286.85,2287.65,2286.7,2286.7,1777636980,5017
2286.65,2287.55,2285.2,2285.2,1777636920,2234
2284.35,2285.2,2284.35,2284.7,1777636860,162
2284.75,2285.9,2284.6,2285.35,1777636800,259
2285.25,2285.35,2285.25,2285.3,1777636740,1400
2285.5,2285.5,2284.75,2284.95,1777636680,2482
2285.0,2285.0,2283.75,2283.75,1777636620,814
2283.75,2283.85,2283.6,2283.65,1777636560,5304
2283.4,2283.55,2283.05,2283.05,1777636500,5923
2283.05,2283.25,2283.05,2283.1,1777636440,439
2283.1,2283.55,2283.1,2283.15,1777636380,1270
2283.25,2283.95,2283.25,2283.9,1777636320,687
2283.15,2283.15,2282.65,2282.65,1777636260,51
2282.75,2283.25,2282.75,2283.25,1777636200,6
2283.25,2283.7,2282.1,2283.7,1777636140,701
2284.25,2284.6,2284.15,2284.6,1777636080,403
2284.8,2284.95,2284.8,2284.85,1777636020,791
2284.8,2285.6,2284.25,2285.55,1777635960,1928
2285.95,2286.4,2285.65,2286.25,1777635900,2083
2285.65,2285.65,2285.3,2285.3,1777635840,1174
2286.3,2286.3,2284.95,2285.0,1777635780,1882
2284.5,2285.05,2284.5,2285.05,1777635720,222
2285.0,2285.0,2284.95,2284.95,1777635660,699
2284.65,2284.65,2284.0,2284.0,1777635600,951
2284.05,2284.1,2283.85,2283.85,1777635540,606
2283.85,2284.45,2283.85,2284.45,1777635480,326
2283.2,2283.2,2283.2,2283.2,1777635420,1
2283.1,2283.2,2282.65,2283.15,1777635360,2176
2283.15,2283.95,2283.15,2283.95,1777635300,723
2284.05,2284.15,2283.45,2284.15,1777635240,666
2284.45,2284.5,2284.4,2284.45,1777635180,247
2284.4,2285.0,2284.4,2284.4,1777635120,2838
2284.35,2285.25,2284.35,2284.85,1777635060,939
2284.55,2284.6,2283.6,2283.6,1777635000,162
2283.65,2284.15,2283.05,2283.05,1777634940,1178
2283.05,2283.25,2282.75,2283.25,1777634880,920
2283.45,2284.5,2283.45,2284.5,1777634820,1777
2284.5,2284.85,2283.85,2284.85,1777634760,2773
2284.2,2285.2,2281.45,2285.2,1777634700,5356
2284.55,2285.6,2284.25,2285.55,1777634640,1128
2285.45,2286.2,2285.4,2286.15,1777634580,3669
2286.4,2287.75,2285.1,2287.2,1777634520,2978
2287.65,2292.25,2286.55,2286.55,1777634460,34746
2286.4,2286.6,2285.35,2285.55,1777634400,3453
2285.65,2285.8,2284.25,2284.25,1777634340,1024
2284.45,2285.75,2284.45,2285.3,1777634280,6179
2285.25,2285.25,2283.35,2283.45,1777634220,6617
2283.8,2283.8,2282.1,2282.1,1777634160,2963
2282.1,2282.9,2281.95,2282.9,1777634100,1947
2282.75,2282.8,2282.3,2282.3,1777634040,3189
2282.45,2282.45,2282.0,2282.0,1777633980,824
2281.65,2281.8,2281.65,2281.8,1777633920,476
2281.75,2281.8,2281.75,2281.8,1777633860,669
2280.85,2281.05,2280.85,2281.0,1777633800,549
2280.8,2280.8,2280.75,2280.75,1777633740,9
2280.7,2281.0,2280.7,2281.0,1777633680,510
2280.55,2281.0,2280.5,2281.0,1777633620,2093
2281.05,2281.7,2281.05,2281.6,1777633560,532
2281.45,2281.9,2281.45,2281.9,1777633500,610
2281.45,2281.7,2281.45,2281.7,1777633440,2294
2281.9,2282.05,2281.9,2282.0,1777633380,354
2282.1,2282.15,2281.9,2281.95,1777633320,6440
2281.7,2282.05,2281.25,2281.8,1777633260,2342
2282.1,2282.1,2281.7,2281.7,1777633200,793
2281.35,2281.5,2280.35,2280.35,1777633140,134
2280.35,2280.4,2280.2,2280.2,1777633080,275
2280.3,2280.3,2280.3,2280.3,1777633020,335
2280.3,2280.3,2280.3,2280.3,1777632960,5
2280.35,2280.35,2280.15,2280.15,1777632900,2564
2280.7,2280.7,2280.2,2280.25,1777632840,2322
2280.15,2280.15,2280.05,2280.05,1777632780,454
2280.1,2280.1,2279.55,2279.55,1777632720,32
2280.1,2280.25,2279.8,2279.95,1777632660,1216
2279.9,2280.35,2279.9,2280.0,1777632600,627
2279.95,2279.95,2279.5,2279.55,1777632540,1107
2279.9,2279.9,2279.85,2279.85,1777632480,677
2279.25,2279.6,2279.25,2279.6,1777632420,161
2279.45,2280.1,2279.45,2279.8,1777632360,1244
2279.75,2279.85,2279.35,2279.35,1777632300,367
2279.35,2279.65,2279.0,2279.0,1777632240,1797
2279.05,2279.6,2278.65,2278.8,1777632180,6163
2278.8,2279.0,2278.65,2278.95,1777632120,1090
2278.9,2279.1,2278.85,2278.95,1777632060,3933
2278.95,2278.95,2278.95,2278.95,1777632000,1
2278.7,2279.6,2278.7,2279.6,1777631940,724
2279.45,2279.6,2278.85,2279.6,1777631880,1793
2279.9,2280.45,2279.55,2280.45,1777631820,1708
2281.65,2281.65,2281.4,2281.45,1777631760,2294
2281.25,2281.85,2281.25,2281.85,1777631700,1085
2281.65,2281.65,2280.9,2280.9,1777631640,259
2281.3,2282.15,2281.15,2281.8,1777631580,4428
2282.0,2283.2,2282.0,2283.2,1777631520,1412
2283.25,2283.35,2283.25,2283.35,1777631460,521
2283.0,2283.0,2282.8,2282.8,1777631400,245
2282.25,2282.25,2282.1,2282.2,1777631340,2708
2282.3,2282.65,2282.3,2282.55,1777631280,1357
2282.85,2282.95,2282.85,2282.95,1777631220,957
2283.55,2283.75,2282.7,2283.75,1777631160,3342
2283.55,2284.2,2283.15,2283.55,1777631100,1515
2284.0,2284.8,2283.85,2284.8,1777631040,1168
2284.65,2284.65,2282.7,2282.7,1777630980,2503
2283.15,2284.7,2282.7,2282.7,1777630920,5973
2282.95,2283.25,2281.7,2281.7,1777630860,5416
2281.4,2281.65,2280.2,2280.2,1777630800,2705
2280.15,2280.2,2279.85,2279.85,1777630740,1034
2280.0,2280.0,2279.65,2279.65,1777630680,718
2280.05,2280.05,2279.85,2279.85,1777630620,377
2279.25,2279.45,2277.95,2277.95,1777630560,1420
2278.1,2278.1,2277.35,2277.35,1777630500,617
2277.5,2277.55,2277.25,2277.25,1777630440,959
2277.25,2277.25,2276.45,2276.45,1777630380,304
2276.8,2276.8,2276.1,2276.35,1777630320,3136
2276.3,2276.75,2275.2,2276.75,1777630260,10275
2276.75,2278.7,2276.75,2278.65,1777630200,3331
2279.55,2279.95,2279.55,2279.95,1777630140,2703
2279.7,2279.9,2278.35,2279.9,1777630080,3999
2280.05,2280.85,2280.05,2280.85,1777630020,913
2280.35,2280.35,2280.15,2280.25,1777629960,1199
2280.15,2280.35,2279.8,2279.8,1777629900,2929
2279.85,2279.85,2279.75,2279.8,1777629840,411
2279.95,2280.15,2279.9,2280.15,1777629780,515
2280.05,2280.55,2280.05,2280.4,1777629720,1180
2280.35,2280.55,2280.35,2280.4,1777629660,1061
2280.2,2280.4,2280.1,2280.25,1777629600,1550
2280.7,2281.1,2280.05,2280.05,1777629540,1024
2280.1,2280.6,2280.05,2280.55,1777629480,372
2279.75,2279.75,2279.75,2279.75,1777629420,502
2280.0,2280.0,2279.95,2279.95,1777629360,522
2279.65,2279.9,2279.25,2279.25,1777629300,1884
2279.3,2279.3,2279.3,2279.3,1777629240,20
2279.7,2279.7,2279.25,2279.25,1777629180,152
2279.85,2279.95,2279.85,2279.95,1777629120,5000
2280.0,2280.0,2279.45,2279.55,1777629060,1423
2279.6,2279.6,2278.6,2278.6,1777629000,479
2278.8,2279.05,2278.75,2278.95,1777628940,2100
2279.05,2279.9,2279.05,2279.5,1777628880,829
2278.85,2279.5,2278.25,2279.5,1777628820,6312
2279.7,2281.0,2279.4,2281.0,1777628760,8015
2281.05,2282.5,2281.0,2282.5,1777628700,1390
2282.6,2282.6,2282.55,2282.6,1777628640,400
2282.55,2282.6,2282.55,2282.6,1777628580,633
2282.6,2282.6,2281.45,2281.45,1777628520,1358
2281.7,2281.7,2281.5,2281.5,1777628460,1230
2281.55,2281.75,2281.5,2281.65,1777628400,1516
2281.6,2282.2,2281.6,2282.05,1777628340,1906
2281.85,2282.3,2281.85,2282.3,1777628280,1150
2282.4,2282.45,2280.3,2281.95,1777628220,2516
2281.8,2281.85,2281.55,2281.85,1777628160,2050
2281.6,2281.6,2281.6,2281.6,1777628100,8
2282.65,2282.65,2282.55,2282.55,1777628040,176
2282.85,2282.9,2282.5,2282.5,1777627980,999
2282.55,2283.05,2282.5,2283.05,1777627920,544
2282.75,2282.9,2282.75,2282.9,1777627860,177
2282.25,2283.05,2282.1,2283.05,1777627800,726
2283.4,2283.45,2283.4,2283.45,1777627740,1083
2283.5,2283.5,2283.35,2283.35,1777627680,604
2283.45,2283.45,2283.15,2283.15,1777627620,1322
2283.4,2283.4,2283.05,2283.2,1777627560,452
2282.9,2282.9,2282.8,2282.8,1777627500,165
2283.15,2283.45,2281.85,2281.85,1777627440,1351
2282.3,2282.4,2282.3,2282.4,1777627380,94
2282.65,2282.65,2281.35,2281.5,1777627320,3225
2281.6,2283.85,2281.6,2283.85,1777627260,2078
2284.0,2284.05,2283.95,2283.95,1777627200,1989
2283.55,2283.55,2282.95,2283.25,1777627140,2128
2283.25,2283.45,2282.6,2282.6,1777627080,348
2282.6,2282.65,2282.1,2282.6,1777627020,1820
2282.6,2284.3,2282.6,2284.3,1777626960,305
2284.3,2284.4,2284.25,2284.4,1777626900,1258
2284.3,2284.3,2284.25,2284.3,1777626840,304
2283.95,2283.95,2283.75,2283.75,1777626780,357
2284.35,2284.35,2284.1,2284.1,1777626720,22
2284.0,2284.1,2284.0,2284.1,1777626660,433
2283.8,2284.05,2283.8,2284.0,1777626600,878
2283.95,2284.0,2283.4,2283.4,1777626540,350
2283.5,2283.65,2283.25,2283.25,1777626480,359
2283.25,2283.9,2283.0,2283.9,1777626420,1611
2283.65,2283.95,2283.65,2283.95,1777626360,588
2283.05,2283.1,2283.05,2283.1,1777626300,210
2283.0,2283.0,2282.05,2282.05,1777626240,920
2283.0,2283.0,2282.45,2282.7,1777626180,712
2282.7,2283.8,2282.7,2283.8,1777626120,735
2284.25,2284.65,2284.25,2284.45,1777626060,1288
2285.65,2285.65,2285.65,2285.65,1777626000,100
2285.7,2286.0,2285.7,2285.95,1777625940,703
2285.35,2285.5,2285.0,2285.0,1777625880,2413
2284.75,2284.8,2284.3,2284.3,1777625820,521
2284.15,2284.15,2283.75,2283.75,1777625760,1100
2283.9,2283.9,2283.65,2283.65,1777625700,326
2283.75,2284.15,2283.75,2284.15,1777625640,111
2283.95,2284.05,2283.85,2284.05,1777625580,124
2283.9,2284.15,2283.9,2284.1,1777625520,834
2284.35,2284.35,2284.15,2284.2,1777625460,1874
2284.85,2284.9,2283.75,2283.75,1777625400,507
2283.65,2283.65,2283.2,2283.2,1777625340,357
2283.3,2283.5,2283.2,2283.5,1777625280,150
2283.15,2283.3,2283.15,2283.3,1777625220,53
2282.15,2283.2,2282.15,2283.05,1777625160,834
2283.2,2283.5,2283.0,2283.5,1777625100,245
2283.65,2283.8,2283.6,2283.8,1777625040,1182
2283.8,2284.25,2283.8,2284.25,1777624980,7122
2284.35,2285.1,2284.35,2285.1,1777624920,86
2284.5,2284.8,2284.45,2284.7,1777624860,4480
2284.9,2284.9,2284.5,2284.75,1777624800,2095
2284.9,2285.05,2284.85,2285.0,1777624740,2156
2284.65,2285.75,2284.65,2284.95,1777624680,1683
2285.05,2285.05,2283.35,2283.35,1777624620,2039
2283.5,2283.9,2283.2,2283.9,1777624560,2023
2284.15,2284.75,2284.15,2284.45,1777624500,5443
2284.85,2284.85,2284.85,2284.85,1777624440,100
2284.8,2284.8,2284.6,2284.6,1777624380,652
2285.0,2285.1,2284.65,2285.05,1777624320,2167
2284.75,2284.75,2284.1,2284.45,1777624260,2127
2284.6,2285.85,2284.55,2285.05,1777624200,1191
2285.2,2286.45,2285.2,2286.35,1777624140,2589
2286.5,2286.5,2286.0,2286.0,1777624080,2061
2286.25,2286.95,2286.25,2286.65,1777624020,1020
2286.6,2286.6,2286.1,2286.35,1777623960,1528
2286.85,2286.95,2285.4,2286.45,1777623900,2457
2286.7,2287.5,2285.55,2285.65,1777623840,7956
2285.4,2285.5,2284.35,2285.4,1777623780,2094
2285.2,2285.2,2284.5,2285.0,1777623720,1511
2284.6,2284.9,2283.8,2284.1,1777623660,2870
2284.8,2285.8,2283.15,2283.15,1777623600,637
2283.25,2283.95,2283.1,2283.95,1777623540,2340
2284.1,2284.1,2283.5,2283.9,1777623480,846
2283.85,2284.25,2283.3,2284.2,1777623420,4856
2284.2,2287.0,2283.9,2285.0,1777623360,12055
2284.7,2285.15,2281.8,2282.6,1777623300,6353
2283.0,2283.0,2280.7,2281.2,1777623240,3269
2280.75,2280.75,2280.75,2280.75,1777623180,205
2280.65,2281.35,2280.65,2281.35,1777623120,1138
2281.85,2281.85,2280.45,2280.45,1777623060,811
2280.1,2280.45,2279.5,2279.5,1777623000,4709
2279.25,2280.75,2279.25,2279.55,1777622940,4476
2279.55,2279.55,2279.1,2279.35,1777622880,2369
2278.15,2278.65,2278.15,2278.55,1777622820,1861
2278.7,2279.0,2278.7,2279.0,1777622760,1463
2278.8,2278.8,2277.9,2277.9,1777622700,1451
2277.3,2277.3,2276.9,2276.9,1777622640,150
2276.3,2277.85,2276.3,2277.85,1777622580,1596
2277.85,2278.45,2277.8,2278.45,1777622520,215
2278.95,2279.1,2277.85,2277.85,1777622460,2205
2278.65,2278.7,2278.5,2278.5,1777622400,1410
2278.5,2278.5,2278.45,2278.45,1777622340,347
2278.2,2278.45,2278.0,2278.4,1777622280,1253
2278.25,2278.3,2278.25,2278.3,1777622220,784
2278.15,2278.85,2278.15,2278.85,1777622160,936
2278.8,2279.0,2278.8,2279.0,1777622100,648
2279.65,2279.65,2279.4,2279.5,1777622040,247
2279.8,2279.85,2279.15,2279.15,1777621980,53
2279.35,2280.0,2279.0,2279.35,1777621920,5479
2279.6,2279.65,2279.45,2279.5,1777621860,1062
2280.1,2280.1,2278.8,2278.85,1777621800,5979
2278.95,2279.4,2277.35,2277.35,1777621740,1995
2277.2,2277.2,2275.8,2275.8,1777621680,674
2276.25,2276.25,2276.1,2276.1,1777621620,733
2275.95,2275.95,2275.2,2275.2,1777621560,362
2275.45,2275.45,2275.45,2275.45,1777621500,20
2274.6,2275.75,2274.6,2275.75,1777621440,20
2275.65,2275.65,2275.65,2275.65,1777621380,200
2275.9,2276.05,2275.5,2275.5,1777621320,1292
2275.3,2275.3,2275.3,2275.3,1777621260,100
2274.3,2274.3,2274.2,2274.3,1777621200,787
2274.1,2274.1,2274.1,2274.1,1777621140,10
2274.7,2274.7,2274.45,2274.45,1777621080,2953
2275.0,2275.05,2275.0,2275.05,1777621020,1018
2275.55,2275.55,2274.8,2274.8,1777620960,662
2274.6,2274.6,2274.55,2274.6,1777620900,2517
2274.9,2275.0,2274.8,2274.95,1777620840,215
2274.6,2274.7,2274.6,2274.6,1777620780,1121
2275.05,2275.05,2272.9,2273.0,1777620720,2267
2270.9,2273.15,2270.9,2273.15,1777620660,1898
2273.2,2273.5,2273.2,2273.35,1777620600,510
2273.15,2273.15,2273.0,2273.1,1777620540,1173
2273.65,2274.0,2273.0,2273.0,1777620480,2763
2273.0,2273.45,2272.35,2272.85,1777620420,1817
2273.8,2274.0,2273.8,2273.9,1777620360,92
2273.9,2274.55,2272.85,2274.55,1777620300,532
2274.65,2275.7,2274.65,2275.5,1777620240,1208
2275.65,2275.7,2275.05,2275.05,1777620180,970
2275.85,2277.5,2275.85,2277.45,1777620120,260
2277.55,2277.8,2277.5,2277.8,1777620060,2650
2277.8,2277.8,2276.3,2276.3,1777620000,367
2276.7,2277.75,2276.7,2277.3,1777619940,887
2277.45,2277.45,2277.0,2277.0,1777619880,184
2277.0,2277.0,2272.1,2276.15,1777619820,4251
2276.0,2276.0,2274.9,2274.9,1777619760,705
2275.0,2276.55,2275.0,2276.55,1777619700,698
2276.5,2276.9,2276.5,2276.9,1777619640,1314
2277.5,2277.9,2277.5,2277.9,1777619580,379
2277.9,2278.2,2277.9,2278.2,1777619520,420
2278.45,2278.45,2277.85,2278.15,1777619460,480
2278.15,2278.8,2278.0,2278.8,1777619400,4089
2278.7,2278.7,2276.65,2276.65,1777619340,7200
2277.15,2277.15,2276.75,2276.75,1777619280,1305
2277.1,2277.1,2275.35,2275.35,1777619220,1520
2274.8,2274.8,2274.45,2274.55,1777619160,514
2275.5,2275.5,2274.85,2274.85,1777619100,975
2275.05,2275.1,2274.75,2275.05,1777619040,903
2275.0,2275.9,2274.95,2275.8,1777618980,273
2275.7,2276.0,2275.7,2276.0,1777618920,197
2275.5,2277.2,2275.25,2277.2,1777618860,2246
2277.25,2277.35,2276.3,2276.3,1777618800,986
2276.7,2277.6,2276.7,2277.2,1777618740,767
2276.5,2278.4,2276.5,2278.4,1777618680,6174
2278.55,2279.1,2277.55,2279.1,1777618620,3922
2279.05,2279.45,2277.0,2277.05,1777618560,6142
2277.0,2277.0,2275.45,2275.45,1777618500,1563
2275.4,2275.4,2274.6,2274.75,1777618440,1567
2275.25,2275.3,2274.15,2274.7,1777618380,4370
2274.45,2274.45,2272.8,2273.05,1777618320,2171
2273.0,2273.0,2271.05,2272.6,1777618260,3896
2271.8,2275.25,2271.3,2275.0,1777618200,14042
2275.15,2275.9,2275.1,2275.6,1777618140,4239
2275.7,2276.4,2274.25,2276.4,1777618080,13266
2276.8,2276.85,2276.6,2276.85,1777618020,1763
2277.35,2278.75,2277.35,2278.75,1777617960,2710
2279.0,2279.55,2279.0,2279.35,1777617900,1412
2279.2,2279.2,2277.0,2277.15,1777617840,1799
2277.25,2278.6,2276.85,2278.6,1777617780,379
2278.6,2278.6,2276.7,2278.35,1777617720,11941
2278.45,2278.95,2278.4,2278.95,1777617660,2401
2279.45,2279.6,2278.65,2279.0,1777617600,4592
2279.65,2280.7,2276.7,2280.7,1777617540,8919
2281.15,2283.15,2281.15,2283.1,1777617480,2693
2283.6,2284.25,2283.6,2284.2,1777617420,931
2284.3,2284.8,2284.3,2284.4,1777617360,1839
2284.3,2284.35,2284.25,2284.25,1777617300,452
2283.15,2283.2,2282.95,2282.95,1777617240,4103
2282.95,2282.95,2282.5,2282.75,1777617180,708
2282.65,2283.5,2282.65,2283.0,1777617120,5463
2283.0,2283.05,2282.85,2283.05,1777617060,5693
2283.25,2283.45,2283.2,2283.45,1777617000,126
2283.25,2283.95,2283.25,2283.95,1777616940,94
2284.1,2284.1,2284.1,2284.1,1777616880,180
2284.0,2284.0,2283.65,2283.7,1777616820,3607
2283.8,2284.0,2283.8,2284.0,1777616760,824
2284.15,2284.35,2283.95,2283.95,1777616700,1277
2283.5,2283.5,2282.85,2283.2,1777616640,860
2283.25,2283.55,2283.25,2283.5,1777616580,345
2283.6,2283.9,2283.6,2283.9,1777616520,680
2283.75,2284.2,2283.55,2283.55,1777616460,611
2283.7,2284.6,2283.7,2284.6,1777616400,1953
2284.55,2285.0,2284.55,2285.0,1777616340,1463
2285.35,2285.35,2285.0,2285.0,1777616280,2399
2284.7,2284.75,2284.7,2284.75,1777616220,331
2284.55,2285.15,2284.45,2284.45,1777616160,3594
2284.35,2284.35,2284.0,2284.0,1777616100,1093
2283.65,2284.1,2283.5,2283.5,1777616040,645
2283.55,2283.65,2283.2,2283.65,1777615980,230
2283.25,2283.25,2282.95,2282.95,1777615920,462
2282.55,2282.55,2281.7,2281.7,1777615860,2316
2282.3,2282.8,2281.9,2282.8,1777615800,486
2283.2,2283.35,2283.2,2283.3,1777615740,46
2283.45,2283.45,2282.85,2283.0,1777615680,1208
2283.5,2285.05,2283.35,2285.05,1777615620,4024
2285.25,2285.3,2283.95,2284.15,1777615560,2493
2284.15,2284.15,2279.4,2283.55,1777615500,4176
2283.85,2284.95,2283.6,2283.6,1777615440,4875
2283.35,2283.75,2283.25,2283.7,1777615380,1169
2283.5,2283.65,2283.1,2283.5,1777615320,1786
2282.65,2282.65,2282.1,2282.15,1777615260,852
2282.4,2282.4,2282.35,2282.35,1777615200,396
2282.15,2282.15,2281.55,2281.9,1777615140,2004
2282.1,2283.35,2282.1,2283.15,1777615080,747
2283.4,2283.4,2282.9,2282.9,1777615020,647
2283.0,2283.05,2282.8,2283.0,1777614960,281
2283.15,2283.65,2283.15,2283.65,1777614900,245
2283.4,2283.4,2283.4,2283.4,1777614840,1006
2283.7,2283.9,2283.55,2283.75,1777614780,910
2283.75,2283.9,2283.7,2283.9,1777614720,2376
2283.85,2284.15,2283.85,2284.15,1777614660,1454
2284.5,2284.5,2284.0,2284.2,1777614600,668
2284.2,2285.1,2284.0,2285.1,1777614540,2807
2284.85,2284.85,2284.25,2284.35,1777614480,3119
2284.35,2284.9,2283.7,2283.7,1777614420,2941
2282.95,2282.95,2282.8,2282.8,1777614360,1206
2282.15,2282.9,2282.15,2282.9,1777614300,1304
2282.9,2283.0,2282.45,2282.5,1777614240,1204
2282.35,2282.35,2282.15,2282.25,1777614180,1393
2282.65,2282.65,2281.7,2282.15,1777614120,1303
2282.05,2282.3,2282.05,2282.3,1777614060,255
2281.7,2282.1,2281.55,2282.1,1777614000,2231
2281.85,2281.9,2281.05,2281.05,1777613940,354
2281.1,2282.4,2281.1,2282.4,1777613880,950
2282.4,2282.4,2281.2,2281.3,1777613820,1297
2280.95,2281.15,2280.95,2281.15,1777613760,43
2281.85,2282.15,2281.85,2282.1,1777613700,216
2281.9,2281.9,2281.85,2281.85,1777613640,246
2282.0,2282.0,2281.0,2281.0,1777613580,443
2281.2,2281.2,2280.9,2281.1,1777613520,269
2281.2,2281.2,2280.8,2280.8,1777613460,1248
2280.75,2280.95,2280.75,2280.85,1777613400,123
2280.95,2281.55,2280.95,2281.55,1777613340,243
2281.65,2281.65,2281.65,2281.65,1777613280,10
2281.7,2281.95,2281.7,2281.95,1777613220,79
2282.1,2282.1,2282.1,2282.1,1777613160,5
2281.85,2282.2,2281.8,2282.2,1777613100,2124
2282.4,2282.95,2282.4,2282.8,1777613040,2039
2282.4,2282.55,2282.3,2282.4,1777612980,3830
2282.5,2283.25,2282.35,2283.25,1777612920,2072
2283.15,2283.7,2282.65,2282.8,1777612860,2031
2282.7,2283.25,2281.8,2281.8,1777612800,3894
2280.95,2281.65,2280.85,2281.65,1777612740,922
2281.95,2281.95,2281.1,2281.85,1777612680,886
2282.05,2282.85,2282.05,2282.8,1777612620,2302
2282.8,2283.1,2282.7,2283.1,1777612560,250
2279.4,2279.4,2279.4,2279.4,1777612500,0
2279.4,2279.4,2279.4,2279.4,1777612440,0
2279.4,2279.4,2279.4,2279.4,1777612380,0
2279.4,2279.4,2279.4,2279.4,1777612320,0
2279.4,2279.4,2279.4,2279.4,1777612260,0
2279.4,2279.4,2279.4,2279.4,1777612200,0
2279.4,2279.4,2279.4,2279.4,1777612140,0
2279.4,2279.4,2279.4,2279.4,1777612080,0
2279.4,2279.4,2279.4,2279.4,1777612020,0
2279.4,2279.4,2279.4,2279.4,1777611960,0
2279.4,2279.4,2279.4,2279.4,1777611900,0
2279.4,2279.4,2279.4,2279.4,1777611840,0
2279.4,2279.4,2279.4,2279.4,1777611780,0
2279.4,2279.4,2278.2,2278.25,1777611720,564
2277.7,2278.25,2277.65,2277.65,1777611660,803
2278.25,2278.65,2278.2,2278.65,1777611600,1829
2278.8,2279.05,2278.8,2278.9,1777611540,708
2278.75,2279.25,2278.7,2279.25,1777611480,957
2279.35,2279.55,2278.7,2278.75,1777611420,1176
2279.1,2279.1,2278.45,2278.45,1777611360,1396
2278.5,2279.4,2278.45,2279.4,1777611300,1289
2278.9,2280.15,2278.9,2279.95,1777611240,778
2280.1,2280.15,2279.95,2279.95,1777611180,529
2280.0,2280.0,2279.5,2279.5,1777611120,139
2279.4,2279.8,2279.4,2279.5,1777611060,317
2279.0,2279.0,2278.8,2278.8,1777611000,11
2279.15,2279.5,2279.15,2279.5,1777610940,71
2278.9,2279.6,2278.9,2279.6,1777610880,739
2278.65,2278.7,2278.5,2278.5,1777610820,79
2278.5,2278.6,2278.5,2278.6,1777610760,1381
2278.7,2278.7,2278.7,2278.7,1777610700,35
2279.45,2279.45,2279.0,2279.25,1777610640,710
2279.0,2279.0,2278.25,2278.3,1777610580,758
2278.1,2278.1,2277.95,2277.95,1777610520,835
2277.8,2278.2,2277.8,2278.2,1777610460,1309
2277.7,2278.75,2277.65,2278.75,1777610400,473
2279.15,2279.25,2278.95,2278.95,1777610340,898
2277.95,2277.95,2277.7,2277.85,1777610280,1505
2278.2,2278.45,2277.2,2278.45,1777610220,1068
2279.0,2279.0,2278.45,2278.5,1777610160,1303
2278.55,2278.8,2278.55,2278.7,1777610100,363
2278.25,2278.75,2277.35,2278.75,1777610040,726
2278.8,2278.8,2278.2,2278.35,1777609980,623
2279.45,2279.6,2279.4,2279.55,1777609920,250
2279.0,2279.0,2277.7,2277.7,1777609860,1042
2277.7,2277.85,2276.35,2277.85,1777609800,382
2278.4,2278.55,2276.45,2278.2,1777609740,7035
2278.6,2280.5,2278.15,2280.5,1777609680,3809
2280.8,2283.4,2280.8,2283.4,1777609620,576
2283.75,2283.75,2283.6,2283.6,1777609560,69
2283.15,2283.5,2283.0,2283.0,1777609500,141
2282.65,2282.65,2282.05,2282.35,1777609440,336
2282.7,2283.0,2282.55,2283.0,1777609380,531
2283.0,2283.05,2281.95,2281.95,1777609320,770
2282.0,2282.0,2281.3,2281.4,1777609260,2187
2281.75,2283.95,2281.75,2283.95,1777609200,16
2284.45,2284.45,2283.9,2284.2,1777609140,3168
2284.0,2284.7,2283.2,2283.2,1777609080,3232
2283.25,2283.5,2283.05,2283.2,1777609020,404
2282.9,2282.9,2282.75,2282.75,1777608960,368
2282.65,2282.8,2282.15,2282.2,1777608900,454
2282.8,2283.05,2282.8,2283.05,1777608840,2194
2283.0,2283.0,2281.65,2281.95,1777608780,1895
2282.4,2282.8,2282.3,2282.8,1777608720,229
2282.8,2282.8,2282.8,2282.8,1777608660,20
2282.25,2282.4,2281.8,2282.4,1777608600,1857
2282.15,2282.8,2282.15,2282.6,1777608540,1885
2283.45,2283.65,2283.05,2283.1,1777608480,2155
2283.3,2283.3,2282.6,2282.95,1777608420,4295
2281.9,2281.9,2281.45,2281.45,1777608360,255
2281.05,2281.05,2278.3,2281.0,1777608300,5360
2281.2,2281.4,2281.2,2281.3,1777608240,362
2280.7,2281.15,2280.0,2281.15,1777608180,740
2281.4,2282.95,2281.4,2282.95,1777608120,201
2282.75,2282.75,2281.95,2281.95,1777608060,901
2281.7,2282.15,2281.7,2282.0,1777608000,1914
2281.6,2282.2,2281.25,2281.85,1777607940,851
2281.65,2282.0,2281.65,2281.85,1777607880,937
2281.2,2281.55,2280.8,2280.8,1777607820,1273
2280.6,2281.0,2280.4,2281.0,1777607760,527
2281.2,2282.3,2281.2,2282.15,1777607700,1565
2281.75,2283.05,2281.75,2283.05,1777607640,516
2283.75,2283.75,2282.95,2282.95,1777607580,2110
2282.85,2284.45,2282.85,2284.45,1777607520,789
2283.7,2284.4,2283.7,2283.95,1777607460,1768
2284.05,2284.15,2283.35,2283.35,1777607400,1712
2282.55,2282.9,2282.55,2282.9,1777607340,2887
2283.95,2284.35,2283.35,2283.7,1777607280,90
2283.75,2284.2,2283.35,2283.65,1777607220,2071
2283.55,2283.85,2281.9,2282.05,1777607160,1558
2282.1,2283.25,2282.1,2282.95,1777607100,1615
2282.85,2282.85,2282.65,2282.65,1777607040,234
2283.15,2283.15,2281.95,2281.95,1777606980,624
2281.2,2281.5,2281.2,2281.5,1777606920,62
2282.0,2282.0,2280.6,2280.6,1777606860,1479
2280.2,2280.2,2278.45,2280.05,1777606800,2810
2281.1,2283.15,2280.5,2283.15,1777606740,2020
2283.35,2284.8,2283.35,2284.6,1777606680,1072
2285.0,2287.0,2285.0,2286.7,1777606620,1544
2286.0,2286.0,2286.0,2286.0,1777606560,226
2286.0,2286.1,2285.6,2285.7,1777606500,624
2285.8,2286.5,2285.75,2286.05,1777606440,1402
2284.8,2284.85,2284.0,2284.8,1777606380,461
2286.1,2286.45,2285.45,2285.45,1777606320,88
2284.65,2286.0,2283.9,2285.45,1777606260,1606
2285.45,2285.5,2284.45,2285.4,1777606200,808
2283.3,2286.75,2283.3,2286.75,1777606140,653
2287.25,2288.25,2287.25,2288.25,1777606080,794
2287.1,2288.7,2286.75,2287.3,1777606020,691
2286.6,2286.95,2284.8,2285.0,1777605960,954
2285.05,2287.6,2285.05,2287.15,1777605900,1727
2288.9,2291.0,2288.9,2291.0,1777605840,1798
2289.45,2294.25,2288.6,2293.5,1777605780,1717
2291.25,2291.25,2285.55,2285.55,1777605720,3452
2285.65,2289.95,2285.65,2285.8,1777605660,3209
2285.25,2292.9,2284.15,2285.5,1777605600,16793
2283.65,2284.05,2273.7,2273.7,1777605540,39628
2272.45,2272.55,2272.2,2272.55,1777605480,375
2273.3,2275.85,2270.0,2270.0,1777605420,22887
2269.05,2269.05,2268.45,2268.55,1777605360,2844
2269.0,2269.0,2268.8,2268.8,1777605300,699
2268.05,2268.4,2268.05,2268.4,1777605240,347
2268.45,2268.65,2268.3,2268.6,1777605180,2443
2268.75,2269.2,2268.5,2268.5,1777605120,1227
2268.5,2268.95,2268.5,2268.95,1777605060,988
2268.95,2269.55,2267.95,2267.95,1777605000,8390
2267.5,2267.95,2267.5,2267.95,1777604940,928
2268.0,2268.0,2266.8,2266.8,1777604880,1604
2266.6,2266.6,2265.85,2265.85,1777604820,9
2265.7,2265.7,2265.3,2265.35,1777604760,722
2265.35,2265.35,2265.35,2265.35,1777604700,1
2264.95,2264.95,2264.9,2264.9,1777604640,601
2265.15,2265.3,2265.15,2265.3,1777604580,344
2266.0,2266.15,2264.8,2264.8,1777604520,406
2264.75,2264.95,2264.75,2264.95,1777604460,16
2265.2,2265.2,2265.2,2265.2,1777604400,4
2265.65,2265.75,2265.65,2265.75,1777604340,1245
2264.4,2264.4,2263.8,2263.8,1777604280,1074
2264.0,2264.4,2263.95,2263.95,1777604220,2194
2264.15,2264.35,2264.0,2264.35,1777604160,1447
2264.5,2264.9,2264.5,2264.8,1777604100,162
2265.7,2265.7,2265.7,2265.7,1777604040,0
2265.7,2265.7,2265.7,2265.7,1777603980,10
2266.05,2266.05,2266.05,2266.05,1777603920,10
2266.5,2266.5,2266.2,2266.2,1777603860,769
2261.7,2261.7,2261.7,2261.7,1777603800,0
2261.7,2265.9,2261.7,2265.9,1777603740,2667
2265.85,2265.85,2265.85,2265.85,1777603680,453
2265.85,2265.85,2265.8,2265.8,1777603620,164
2265.3,2265.3,2265.3,2265.3,1777603560,50
2264.9,2265.15,2264.6,2265.05,1777603500,1173
2265.2,2265.2,2265.2,2265.2,1777603440,0
2265.2,2265.25,2265.2,2265.25,1777603380,637
2265.25,2266.0,2265.25,2265.9,1777603320,630
2265.75,2265.75,2265.75,2265.75,1777603260,214
2265.75,2265.8,2265.75,2265.8,1777603200,530
2266.35,2266.35,2266.35,2266.35,1777603140,311
2266.75,2266.8,2266.75,2266.8,1777603080,513
2266.45,2266.95,2266.45,2266.6,1777603020,222
2266.0,2266.0,2265.55,2265.55,1777602960,191
2264.95,2264.95,2264.95,2264.95,1777602900,80
2265.0,2265.0,2263.05,2264.3,1777602840,1988
2264.0,2264.2,2264.0,2264.2,1777602780,48
2264.15,2264.15,2263.55,2264.1,1777602720,1443
2264.05,2264.1,2264.05,2264.1,1777602660,310
2265.3,2265.3,2265.3,2265.3,1777602600,0
2265.3,2265.3,2265.05,2265.05,1777602540,121
2265.05,2265.75,2265.05,2265.75,1777602480,909
2265.75,2265.8,2265.4,2265.4,1777602420,2279
2264.75,2264.75,2264.75,2264.75,1777602360,0
2264.75,2264.75,2264.75,2264.75,1777602300,406
2264.8,2264.8,2264.8,2264.8,1777602240,588
2264.05,2264.05,2264.05,2264.05,1777602180,0
2264.05,2264.15,2264.05,2264.15,1777602120,21
2264.05,2264.05,2264.05,2264.05,1777602060,100
2264.1,2264.45,2262.9,2264.35,1777602000,1560
2264.95,2264.95,2264.95,2264.95,1777601940,320
2264.85,2265.55,2264.85,2265.55,1777601880,255
2265.7,2265.75,2265.7,2265.75,1777601820,925
2267.15,2267.45,2267.15,2267.35,1777601760,1148
2266.1,2266.1,2266.0,2266.0,1777601700,116
2266.0,2266.4,2265.75,2266.4,1777601640,151
2266.9,2266.9,2266.9,2266.9,1777601580,0
2266.9,2266.95,2266.85,2266.85,1777601520,1598
2267.05,2267.05,2267.05,2267.05,1777601460,0
2267.05,2267.05,2267.0,2267.05,1777601400,17
2268.45,2268.9,2268.2,2268.2,1777601340,904
2267.95,2267.95,2267.95,2267.95,1777601280,1
2265.85,2265.85,2265.85,2265.85,1777601220,0
2265.85,2265.85,2265.85,2265.85,1777601160,10
2265.4,2265.4,2265.4,2265.4,1777601100,90
2266.0,2266.0,2265.6,2265.6,1777601040,110
2265.6,2265.6,2264.8,2264.8,1777600980,1020
2264.35,2265.2,2264.35,2265.2,1777600920,371
2265.45,2266.0,2265.45,2266.0,1777600860,260
2267.25,2267.25,2266.45,2267.0,1777600800,1244
2266.55,2266.55,2266.15,2266.3,1777600740,1208
2266.35,2268.05,2266.35,2268.05,1777600680,1148
2268.3,2270.2,2268.3,2269.45,1777600620,4394
2268.05,2268.8,2268.05,2268.8,1777600560,269
2268.0,2268.0,2267.55,2267.7,1777600500,925
2267.65,2268.6,2267.35,2267.35,1777600440,4289
2268.4,2268.4,2267.3,2267.3,1777600380,2827
2267.1,2267.1,2267.1,2267.1,1777600320,0
2267.1,2267.1,2266.45,2266.45,1777600260,1450
2266.3,2266.3,2266.3,2266.3,1777600200,20
2266.9,2266.9,2266.9,2266.9,1777600140,10
2266.55,2268.0,2266.0,2266.0,1777600080,4208
2264.7,2264.7,2264.7,2264.7,1777600020,150
2264.45,2264.45,2264.45,2264.45,1777599960,0
2264.45,2264.45,2264.45,2264.45,1777599900,344
2264.7,2264.7,2264.7,2264.7,1777599840,100
2264.35,2264.5,2263.95,2264.5,1777599780,436
2263.45,2263.55,2263.45,2263.55,1777599720,400
2263.3,2263.3,2263.1,2263.1,1777599660,968
2262.9,2263.0,2262.9,2263.0,1777599600,737
2262.85,2262.85,2262.7,2262.7,1777599540,1511
2262.65,2262.65,2262.65,2262.65,1777599480,0
2262.65,2262.65,2262.65,2262.65,1777599420,429
2262.25,2262.25,2262.25,2262.25,1777599360,10
2262.2,2262.2,2262.2,2262.2,1777599300,5
2261.65,2261.65,2261.65,2261.65,1777599240,0
2261.65,2261.85,2261.05,2261.05,1777599180,269
2261.05,2261.5,2261.05,2261.45,1777599120,399
2260.9,2261.4,2260.8,2261.1,1777599060,1091
2261.3,2261.3,2261.3,2261.3,1777599000,0
2261.3,2261.3,2261.2,2261.2,1777598940,600
2261.0,2261.0,2260.85,2260.85,1777598880,579
2260.95,2260.95,2260.7,2260.7,1777598820,230
2261.15,2261.15,2261.15,2261.15,1777598760,143
2260.8,2262.05,2260.8,2262.05,1777598700,561
2262.3,2262.3,2262.3,2262.3,1777598640,1
2263.1,2263.35,2263.1,2263.35,1777598580,85
2263.75,2263.75,2263.75,2263.75,1777598520,0
2263.75,2263.75,2263.65,2263.65,1777598460,605
2263.55,2263.55,2263.55,2263.55,1777598400,0
2263.55,2263.95,2263.55,2263.95,1777598340,1000
2263.9,2263.95,2263.8,2263.8,1777598280,122
2263.1,2263.95,2263.1,2263.9,1777598220,1657
2263.65,2263.85,2263.5,2263.85,1777598160,2101
2264.45,2264.45,2263.05,2263.05,1777598100,229
2263.1,2263.1,2262.95,2262.95,1777598040,15
2263.2,2263.2,2263.2,2263.2,1777597980,44
2262.4,2262.4,2262.4,2262.4,1777597920,0
2262.4,2262.4,2262.05,2262.05,1777597860,329
2263.3,2263.3,2263.3,2263.3,1777597800,1000
2262.95,2262.95,2262.95,2262.95,1777597740,2
2264.0,2264.0,2263.5,2263.5,1777597680,898
2262.7,2262.7,2262.05,2262.05,1777597620,1492
2261.95,2261.95,2261.7,2261.7,1777597560,601
2260.95,2260.95,2260.95,2260.95,1777597500,44
2259.45,2259.45,2259.45,2259.45,1777597440,0
2259.45,2259.45,2259.45,2259.45,1777597380,0
2259.45,2259.45,2259.45,2259.45,1777597320,40
2259.45,2259.95,2259.45,2259.85,1777597260,1279
2258.9,2258.9,2258.9,2258.9,1777597200,44
2257.15,2257.15,2257.15,2257.15,1777597140,5
2258.6,2258.6,2258.6,2258.6,1777597080,10
2258.95,2258.95,2258.95,2258.95,1777597020,0
2258.95,2258.95,2258.95,2258.95,1777596960,379
2259.35,2259.35,2259.35,2259.35,1777596900,6
2260.0,2260.0,2260.0,2260.0,1777596840,0
2260.0,2260.0,2260.0,2260.0,1777596780,201
2259.7,2259.7,2259.7,2259.7,1777596720,1
2259.2,2260.3,2259.2,2260.2,1777596660,2205
2260.15,2260.15,2260.15,2260.15,1777596600,264
2261.1,2261.1,2261.1,2261.1,1777596540,0
2261.1,2261.1,2260.85,2260.85,1777596480,101
2262.0,2262.0,2262.0,2262.0,1777596420,5
2262.45,2262.6,2262.45,2262.6,1777596360,200
2262.6,2262.6,2262.6,2262.6,1777596300,4
2261.9,2261.9,2261.9,2261.9,1777596240,0
2261.9,2261.9,2261.9,2261.9,1777596180,0
2261.9,2262.2,2261.9,2262.2,1777596120,949
2260.8,2260.8,2260.8,2260.8,1777596060,0
2260.8,2260.85,2260.8,2260.85,1777596000,56
2260.75,2260.75,2260.75,2260.75,1777595940,10
2261.15,2261.15,2261.15,2261.15,1777595880,0
2261.15,2261.15,2261.15,2261.15,1777595820,0
2261.15,2261.3,2261.15,2261.3,1777595760,204
2260.55,2260.55,2260.55,2260.55,1777595700,0
2260.55,2260.55,2260.55,2260.55,1777595640,6
2262.15,2262.15,2261.95,2261.95,1777595580,20
2261.8,2261.8,2261.8,2261.8,1777595520,10
2261.65,2261.65,2261.6,2261.6,1777595460,101
2262.0,2262.2,2262.0,2262.2,1777595400,497
2260.4,2260.4,2260.4,2260.4,1777595340,0
2260.4,2260.4,2260.4,2260.4,1777595280,0
2260.4,2260.4,2260.4,2260.4,1777595220,0
2260.4,2260.4,2260.4,2260.4,1777595160,208
2260.4,2260.65,2260.4,2260.65,1777595100,624
2260.05,2260.05,2260.05,2260.05,1777595040,487
2260.45,2260.45,2260.45,2260.45,1777594980,0
2260.45,2260.45,2260.0,2260.0,1777594920,321
2261.95,2261.95,2261.95,2261.95,1777594860,10
2263.5,2263.5,2263.5,2263.5,1777594800,0
2263.5,2263.5,2263.5,2263.5,1777594740,10
2264.0,2264.0,2263.55,2263.55,1777594680,362
2263.6,2263.6,2263.6,2263.6,1777594560,1
2263.65,2263.7,2263.65,2263.7,1777594500,1096
2260.65,2260.65,2260.65,2260.65,1777594440,322
2260.95,2261.5,2260.95,2261.5,1777594380,1100
2260.75,2260.75,2260.75,2260.75,1777594320,0
2260.75,2261.25,2260.75,2261.25,1777594260,500
2261.95,2262.15,2261.95,2262.15,1777594200,600
2261.25,2261.25,2261.25,2261.25,1777594140,0
2261.25,2261.25,2261.25,2261.25,1777594080,0
2261.25,2261.25,2261.25,2261.25,1777594020,0
2261.25,2262.45,2261.25,2262.45,1777593960,1092
2262.25,2262.25,2262.25,2262.25,1777593900,269
2262.55,2262.55,2262.55,2262.55,1777593840,1000
2260.15,2260.3,2260.15,2260.3,1777593780,700
2258.25,2258.25,2258.25,2258.25,1777593720,0
2258.25,2258.25,2258.25,2258.25,1777593660,50
2256.45,2256.45,2256.45,2256.45,1777593600,0
2256.45,2256.45,2256.45,2256.45,1777593540,0
2256.45,2256.45,2256.45,2256.45,1777593480,0
2256.45,2256.45,2256.45,2256.45,1777593420,1
2256.6,2256.6,2256.6,2256.6,1777593360,1
2256.85,2256.85,2256.85,2256.85,1777593300,10
2257.8,2257.8,2257.8,2257.8,1777593240,0
2257.8,2257.8,2257.8,2257.8,1777593180,0
2257.8,2257.8,2257.8,2257.8,1777593120,0
2257.8,2257.8,2257.3,2257.3,1777593060,18
2257.45,2257.45,2257.45,2257.45,1777593000,0
2257.45,2257.45,2257.2,2257.2,1777592940,158
2256.1,2256.1,2256.1,2256.1,1777592880,0
2256.1,2256.1,2256.1,2256.1,1777592820,2
2255.85,2255.85,2255.85,2255.85,1777592760,9
2256.8,2256.8,2256.8,2256.8,1777592700,0
2256.8,2256.8,2256.8,2256.8,1777592640,0
2256.8,2256.8,2256.8,2256.8,1777592580,0
2256.8,2256.8,2256.8,2256.8,1777592520,0
2256.8,2256.8,2256.8,2256.8,1777592460,0
2256.8,2256.8,2256.8,2256.8,1777592400,0
2256.8,2256.8,2256.8,2256.8,1777592340,0
2256.8,2256.8,2256.8,2256.8,1777592280,0
2256.8,2256.8,2256.8,2256.8,1777592220,1
2256.75,2256.75,2256.75,2256.75,1777592160,602
2256.7,2256.7,2256.7,2256.7,1777592100,501
2256.35,2256.35,2256.35,2256.35,1777592040,0
2256.35,2256.35,2256.35,2256.35,1777591980,1
2255.85,2255.85,2255.85,2255.85,1777591920,0
2255.85,2256.1,2255.85,2256.0,1777591860,52
2255.55,2255.55,2255.25,2255.25,1777591800,2359
2254.45,2254.45,2254.45,2254.45,1777591740,0
2254.45,2254.45,2254.45,2254.45,1777591680,1
2254.4,2254.4,2254.3,2254.4,1777591620,2705
2254.6,2254.6,2254.6,2254.6,1777591560,2
2255.3,2255.3,2255.3,2255.3,1777591500,0
2255.3,2255.3,2255.3,2255.3,1777591440,0
2255.3,2255.3,2255.3,2255.3,1777591380,0
2255.3,2255.3,2255.3,2255.3,1777591320,44
2254.3,2254.3,2254.3,2254.3,1777591260,0
2254.3,2254.85,2254.3,2254.85,1777591200,444
2256.05,2256.05,2256.05,2256.05,1777590960,44
2255.8,2255.8,2255.8,2255.8,1777590900,1
2254.7,2254.7,2254.7,2254.7,1777590840,1
2253.95,2253.95,2253.95,2253.95,1777590780,200
2253.4,2253.4,2253.4,2253.4,1777590720,0
2253.4,2253.4,2253.4,2253.4,1777590660,0
2253.4,2253.4,2253.4,2253.4,1777590600,444
2254.35,2255.05,2254.35,2255.05,1777590540,324
2254.9,2255.25,2254.9,2255.25,1777590480,830
2254.85,2255.2,2254.75,2255.15,1777590420,2990
2254.55,2255.6,2254.55,2255.25,1777590360,3018
2254.7,2254.7,2254.0,2254.0,1777590300,1172
2254.0,2254.0,2254.0,2254.0,1777590240,0
2254.0,2254.0,2254.0,2254.0,1777590180,396
2254.3,2254.3,2254.3,2254.3,1777590120,150
2253.75,2253.75,2253.75,2253.75,1777590060,500
2251.7,2251.7,2251.7,2251.7,1777590000,0
2251.7,2251.7,2251.7,2251.7,1777589940,0
2251.7,2252.3,2250.4,2252.3,1777589880,5357
2252.3,2252.3,2252.3,2252.3,1777589820,954
2253.25,2253.25,2253.25,2253.25,1777589760,0
2253.25,2253.25,2253.25,2253.25,1777589700,10
2253.25,2253.25,2253.25,2253.25,1777589640,40
2253.0,2253.0,2253.0,2253.0,1777589580,177
2255.6,2255.6,2255.6,2255.6,1777589520,1
2255.15,2255.15,2255.15,2255.15,1777589460,0
2255.15,2255.15,2255.15,2255.15,1777589400,0
2255.15,2255.15,2255.15,2255.15,1777589340,0
2255.15,2255.15,2255.15,2255.15,1777589280,0
2255.15,2255.15,2255.15,2255.15,1777589220,0
2255.15,2255.15,2255.15,2255.15,1777589160,0
2255.15,2255.15,2255.15,2255.15,1777589100,0
2255.15,2255.15,2255.15,2255.15,1777589040,0
2255.15,2255.15,2255.15,2255.15,1777588980,100
2255.5,2255.5,2255.5,2255.5,1777588920,0
2255.5,2255.5,2255.5,2255.5,1777588860,150
2254.75,2254.75,2254.75,2254.75,1777588800,0
2254.75,2254.75,2254.75,2254.75,1777588740,0
2254.75,2254.75,2254.75,2254.75,1777588680,0
2254.75,2254.75,2254.75,2254.75,1777588620,300
2255.4,2255.4,2255.4,2255.4,1777588560,212
2256.35,2256.35,2256.35,2256.35,1777588500,0
2256.35,2256.35,2256.35,2256.35,1777588440,200
2258.85,2258.85,2258.85,2258.85,1777588380,0
2258.85,2258.85,2258.85,2258.85,1777588320,2
2258.7,2258.7,2258.7,2258.7,1777588260,0
2258.7,2258.7,2258.7,2258.7,1777588200,0
2258.7,2258.7,2258.7,2258.7,1777588140,0
2258.7,2258.7,2258.7,2258.7,1777588080,0
2258.7,2258.7,2258.7,2258.7,1777588020,0
2258.7,2258.7,2258.7,2258.7,1777587960,0
2258.7,2258.7,2258.7,2258.7,1777587900,1279
2259.0,2259.0,2259.0,2259.0,1777587840,305
2259.0,2259.0,2258.7,2258.7,1777587360,186
2257.25,2257.25,2257.25,2257.25,1777587300,0
2257.25,2257.25,2257.25,2257.25,1777587240,212
2256.9,2256.9,2256.9,2256.9,1777587180,0
2256.9,2256.9,2256.9,2256.9,1777587120,0
2256.9,2256.9,2256.9,2256.9,1777587060,258
2257.5,2257.5,2257.5,2257.5,1777587000,0
2257.5,2257.5,2257.5,2257.5,1777586940,0
2257.5,2257.5,2257.5,2257.5,1777586880,100
2256.9,2256.9,2256.9,2256.9,1777586820,0
2256.9,2256.9,2256.9,2256.9,1777586760,258
2256.0,2256.0,2256.0,2256.0,1777586700,0
2256.0,2256.0,2256.0,2256.0,1777586640,0
2256.0,2256.0,2256.0,2256.0,1777586580,1
2256.55,2256.55,2256.55,2256.55,1777586520,0
2256.55,2256.55,2256.55,2256.55,1777586460,305
2255.65,2255.65,2255.65,2255.65,1777586400,4
2256.0,2256.0,2256.0,2256.0,1777586340,792
2254.85,2254.85,2254.85,2254.85,1777586280,0
2254.85,2254.85,2254.85,2254.85,1777586220,0
2254.85,2254.85,2254.85,2254.85,1777586160,33
2253.7,2253.7,2253.7,2253.7,1777586100,33
2252.85,2252.85,2252.85,2252.85,1777586040,5
2254.5,2254.5,2254.5,2254.5,1777585980,0
2254.5,2254.5,2253.9,2254.45,1777585920,776
2256.9,2256.9,2256.7,2256.7,1777585860,66
2256.6,2256.6,2256.6,2256.6,1777585800,1000
2256.0,2256.0,2256.0,2256.0,1777585740,120
2256.85,2256.85,2256.85,2256.85,1777585680,9
2256.5,2256.5,2256.5,2256.5,1777585620,0
2256.5,2256.5,2256.5,2256.5,1777585560,9
2259.5,2259.5,2259.5,2259.5,1777585500,0
2259.5,2259.5,2259.5,2259.5,1777585440,219
2259.45,2259.45,2259.15,2259.15,1777585380,2
2258.85,2258.85,2258.85,2258.85,1777585320,1
2258.0,2258.0,2258.0,2258.0,1777585260,0
2258.0,2258.0,2258.0,2258.0,1777585200,110
2259.3,2259.3,2259.3,2259.3,1777585140,0
2259.3,2259.3,2258.75,2258.75,1777585080,320
2258.25,2258.7,2258.25,2258.7,1777585020,395
2259.0,2259.0,2259.0,2259.0,1777584960,711
2258.95,2258.95,2258.75,2258.8,1777584900,135
2258.7,2258.7,2258.6,2258.6,1777584840,8
2258.2,2258.2,2258.2,2258.2,1777584780,131
2257.9,2257.9,2257.9,2257.9,1777584720,38
2256.55,2256.55,2256.55,2256.55,1777584660,0
2256.55,2256.85,2256.55,2256.85,1777584600,800
2256.05,2256.8,2256.05,2256.8,1777584540,481
2256.9,2257.8,2256.9,2257.8,1777584480,4817
2258.6,2258.6,2258.6,2258.6,1777584420,44
2258.7,2258.7,2258.55,2258.55,1777584360,900
2257.8,2257.8,2257.8,2257.8,1777584300,0
2257.8,2257.8,2257.8,2257.8,1777584240,0
2257.8,2257.8,2257.65,2257.65,1777584180,976
2257.85,2259.0,2257.85,2259.0,1777584120,1091
2259.35,2261.25,2259.35,2261.25,1777584060,1328
2261.25,2261.25,2260.65,2260.65,1777584000,1149
2260.3,2260.3,2260.3,2260.3,1777583940,199
2261.5,2261.5,2261.5,2261.5,1777583760,1
2262.4,2262.4,2262.4,2262.4,1777583700,25
2260.5,2260.5,2260.5,2260.5,1777583640,0
2260.5,2260.5,2260.5,2260.5,1777583580,0
2260.5,2260.5,2260.5,2260.5,1777583520,0
2260.5,2260.55,2260.5,2260.5,1777583460,499
2259.25,2259.25,2259.25,2259.25,1777583400,0
2259.25,2261.1,2259.25,2261.1,1777583340,1784
2261.7,2261.7,2261.7,2261.7,1777583280,0
2261.7,2261.85,2261.65,2261.85,1777583220,146
2261.75,2262.25,2261.75,2262.25,1777583160,441
2263.0,2263.0,2263.0,2263.0,1777583100,0
2263.0,2263.0,2263.0,2263.0,1777583040,0
2263.0,2263.0,2263.0,2263.0,1777582980,0
2263.0,2263.0,2263.0,2263.0,1777582920,0
2263.0,2263.0,2263.0,2263.0,1777582860,0
2263.0,2263.0,2263.0,2263.0,1777582800,0
2263.0,2263.0,2263.0,2263.0,1777582740,36
2263.35,2263.35,2263.35,2263.35,1777582680,37
2261.45,2264.05,2261.45,2264.05,1777582620,5134
2264.25,2264.25,2264.0,2264.0,1777582560,625
2263.8,2263.8,2263.8,2263.8,1777582500,1
2263.7,2263.7,2263.7,2263.7,1777582440,37
2263.65,2263.65,2263.65,2263.65,1777582380,0
2263.65,2263.65,2263.65,2263.65,1777582320,0
2263.65,2263.65,2263.2,2263.2,1777582260,225
2263.2,2263.25,2263.15,2263.25,1777582200,2365
2263.05,2263.05,2263.05,2263.05,1777582140,0
2263.05,2263.05,2262.75,2262.95,1777582080,5003
2262.1,2262.1,2262.1,2262.1,1777582020,267
2262.45,2262.7,2262.45,2262.7,1777581960,268
2263.0,2263.0,2263.0,2263.0,1777581900,1611
2263.7,2263.75,2263.7,2263.75,1777581840,1233
2263.45,2264.8,2263.45,2264.8,1777581780,832
2264.35,2264.35,2264.35,2264.35,1777581720,146
2264.45,2264.45,2264.35,2264.35,1777581660,400
2263.9,2263.9,2263.75,2263.75,1777581600,633
2263.75,2263.75,2263.75,2263.75,1777581540,397
2264.1,2264.1,2264.1,2264.1,1777581480,397
2264.0,2264.0,2263.55,2263.65,1777581420,1236
2263.95,2264.05,2263.95,2264.05,1777581360,764
2264.45,2264.45,2264.45,2264.45,1777581300,0
2264.45,2264.45,2264.45,2264.45,1777581240,0
2264.45,2264.45,2264.45,2264.45,1777581180,0
2264.45,2264.45,2264.45,2264.45,1777581120,100
2263.75,2263.75,2263.7,2263.75,1777581060,650
2264.45,2264.45,2263.55,2263.75,1777581000,572
2264.25,2264.35,2264.25,2264.35,1777580940,600
2264.4,2264.5,2264.4,2264.45,1777580880,875
2264.45,2264.45,2264.2,2264.2,1777580820,38
2264.15,2264.15,2264.0,2264.15,1777580760,9
2263.6,2263.6,2263.6,2263.6,1777580700,206
2263.45,2263.45,2263.45,2263.45,1777580640,0
2263.45,2264.75,2263.45,2264.75,1777580580,700
2264.7,2264.7,2264.7,2264.7,1777580520,400
2266.0,2266.0,2264.0,2264.0,1777580460,370
2262.65,2262.65,2262.65,2262.65,1777580400,410
2262.85,2262.85,2262.85,2262.85,1777580340,50
2262.65,2262.65,2262.65,2262.65,1777580280,250
2262.35,2263.7,2262.35,2263.7,1777580100,78
2262.7,2262.7,2262.7,2262.7,1777580040,0
2262.7,2263.4,2262.7,2263.4,1777579980,701
2260.55,2260.55,2260.55,2260.55,1777579920,0
2260.55,2260.55,2260.55,2260.55,1777579860,1
2261.15,2261.15,2261.15,2261.15,1777579800,1
2261.1,2261.1,2261.1,2261.1,1777579740,100
2260.0,2260.0,2260.0,2260.0,1777579680,0
2260.0,2260.0,2260.0,2260.0,1777579620,700
2260.45,2260.45,2260.45,2260.45,1777579560,10
2260.75,2260.75,2260.75,2260.75,1777579500,40
2260.05,2260.85,2260.05,2260.85,1777579440,250
2260.95,2261.4,2260.95,2261.4,1777579380,240
2260.3,2260.3,2260.3,2260.3,1777579320,100
2260.5,2260.5,2260.5,2260.5,1777579260,74
2261.4,2261.4,2261.4,2261.4,1777579200,0
2261.4,2261.65,2260.9,2260.9,1777579140,702
2260.6,2260.6,2260.6,2260.6,1777579080,11
2261.15,2261.15,2260.1,2260.1,1777579020,8
2259.4,2259.4,2259.4,2259.4,1777578960,403
2259.75,2260.0,2259.75,2260.0,1777578900,236
2261.25,2261.25,2261.25,2261.25,1777578840,6
2261.25,2261.45,2261.15,2261.25,1777578780,170
2260.9,2260.9,2259.7,2260.75,1777578720,1832
2261.9,2261.9,2261.9,2261.9,1777578660,500
2261.5,2261.5,2260.95,2260.95,1777578600,443
2262.45,2262.45,2262.45,2262.45,1777578540,73
2262.8,2263.05,2261.9,2261.9,1777578480,819
2262.0,2262.5,2262.0,2262.5,1777578420,5000
2261.85,2262.3,2261.85,2262.3,1777578360,223
2264.0,2264.05,2264.0,2264.05,1777578300,1063
2264.35,2264.35,2264.35,2264.35,1777578240,120
2265.0,2265.0,2265.0,2265.0,1777578180,80
2263.85,2263.85,2263.85,2263.85,1777578120,200
2263.75,2263.75,2263.45,2263.45,1777578060,359
2264.2,2265.2,2264.2,2264.3,1777578000,849
2264.1,2264.1,2262.85,2263.4,1777577940,611
2262.6,2263.7,2262.55,2263.7,1777577880,799
2265.0,2265.0,2265.0,2265.0,1777577820,4
2264.3,2264.3,2264.3,2264.3,1777577760,1
2265.4,2265.4,2264.95,2265.05,1777577700,121
2265.3,2265.65,2265.3,2265.65,1777577640,156
2265.6,2265.6,2265.6,2265.6,1777577580,23
2265.95,2265.95,2265.95,2265.95,1777577520,0
2265.95,2265.95,2265.25,2265.25,1777577460,3637
2264.65,2264.65,2264.65,2264.65,1777577400,68
2265.2,2265.2,2264.85,2264.85,1777577340,111
2264.85,2264.9,2264.25,2264.25,1777577280,97
2263.95,2263.95,2263.95,2263.95,1777577220,0
2263.95,2263.95,2263.35,2263.35,1777577160,169
2264.6,2264.9,2264.6,2264.9,1777577100,230
2265.1,2265.1,2263.3,2263.3,1777577040,1447
2262.55,2262.55,2261.9,2261.9,1777576980,5015
2261.9,2261.9,2261.7,2261.7,1777576920,419
2262.0,2262.0,2262.0,2262.0,1777576860,35
2261.6,2261.85,2261.6,2261.85,1777576800,98
2262.5,2262.5,2262.5,2262.5,1777576740,120
2262.5,2263.05,2262.45,2263.05,1777576680,861
2262.8,2262.8,2262.45,2262.45,1777576620,730
2263.0,2263.0,2262.45,2262.5,1777576560,6505
2262.05,2262.25,2260.9,2261.5,1777576500,4652
2262.6,2263.2,2262.6,2263.15,1777576440,367
2262.8,2262.9,2262.8,2262.8,1777576380,1871
2262.65,2262.8,2262.6,2262.8,1777576320,1039
2263.05,2263.95,2262.45,2262.45,1777576260,907
2261.45,2261.7,2260.8,2260.95,1777576200,3092
2261.4,2261.45,2261.4,2261.45,1777576140,445
2259.7,2260.85,2259.7,2260.65,1777576080,1364
2260.4,2261.3,2260.3,2261.25,1777576020,1600
2259.35,2259.35,2258.35,2258.45,1777575960,1483
2258.3,2258.3,2257.9,2257.9,1777575900,633
2258.0,2258.5,2257.85,2258.5,1777575840,2131
2258.45,2258.8,2258.45,2258.8,1777575780,267
2259.15,2260.1,2259.15,2259.8,1777575720,2860
2259.1,2259.25,2259.0,2259.25,1777575660,591
2258.7,2258.7,2257.15,2258.1,1777575600,243
2258.75,2259.1,2258.75,2259.1,1777575540,867
2259.05,2259.75,2259.05,2259.75,1777575480,289
2259.85,2259.85,2259.7,2259.7,1777575420,308
2259.7,2259.8,2259.7,2259.7,1777575360,295
2260.3,2260.3,2258.6,2259.95,1777575300,785
2260.25,2260.4,2260.25,2260.4,1777575240,60
2261.05,2262.15,2261.05,2262.15,1777575180,209
2264.25,2264.25,2263.1,2263.1,1777575120,3589
2261.8,2262.3,2261.8,2262.3,1777575060,1412
2261.8,2261.85,2261.05,2261.05,1777575000,1994
2261.75,2261.75,2260.95,2260.95,1777574940,603
2260.6,2260.7,2259.85,2259.95,1777574880,160
2260.25,2260.3,2259.95,2259.95,1777574820,108
2259.95,2260.5,2259.95,2260.25,1777574760,472
2260.1,2260.1,2260.1,2260.1,1777574700,0
2260.1,2260.25,2260.0,2260.25,1777574640,108
2260.7,2260.9,2258.0,2258.0,1777574580,4138
2257.15,2257.35,2257.15,2257.35,1777574520,280
2257.15,2257.15,2256.95,2256.95,1777574460,159
2257.3,2257.3,2257.3,2257.3,1777574400,0
2257.3,2257.3,2256.95,2256.95,1777574340,740
2257.2,2257.2,2257.2,2257.2,1777574280,200
2255.85,2256.5,2255.85,2256.5,1777574220,1909
2256.8,2256.8,2256.8,2256.8,1777574160,1
2256.55,2256.55,2255.75,2255.75,1777574100,619
2255.0,2255.05,2254.8,2254.8,1777574040,431
2254.7,2254.7,2253.4,2254.4,1777573980,1677
2255.15,2255.15,2254.95,2255.0,1777573920,1185
2254.45,2254.85,2253.75,2254.85,1777573860,1169
2255.1,2255.1,2255.1,2255.1,1777573800,100
2254.8,2254.8,2254.65,2254.65,1777573740,584
2256.1,2256.25,2256.1,2256.1,1777573680,1185
2256.05,2256.05,2256.05,2256.05,1777573620,30
2256.15,2256.15,2255.95,2255.95,1777573560,308
2255.7,2256.85,2255.7,2256.85,1777573500,972
2259.0,2259.1,2259.0,2259.1,1777573440,101
2258.55,2258.55,2258.55,2258.55,1777573380,61
2257.75,2257.85,2257.75,2257.85,1777573320,51
2257.85,2258.3,2257.85,2258.3,1777573260,46
2260.05,2260.05,2259.45,2259.45,1777573200,140
2259.4,2259.85,2259.4,2259.5,1777573140,410
2260.05,2260.1,2260.05,2260.1,1777573080,120
2259.85,2260.6,2259.85,2260.6,1777573020,1100
2260.75,2260.75,2257.45,2257.45,1777572960,5813
2256.5,2256.5,2255.1,2255.1,1777572900,606
2255.15,2255.75,2255.05,2255.6,1777572840,7665
2255.3,2255.3,2255.3,2255.3,1777572780,0
2255.3,2255.3,2254.2,2254.85,1777572720,3558
2254.7,2254.8,2254.6,2254.8,1777572660,3044
2254.95,2254.95,2251.95,2254.35,1777572600,7705
2256.45,2256.7,2255.8,2256.45,1777572540,2760
2255.95,2256.8,2255.8,2256.75,1777572480,2099
2256.85,2257.05,2256.85,2257.05,1777572420,116
2258.15,2258.55,2258.0,2258.15,1777572360,1757
2258.15,2258.6,2258.05,2258.6,1777572300,318
2259.7,2260.75,2259.7,2260.75,1777572240,651
2261.6,2261.6,2261.1,2261.1,1777572180,532
2260.2,2260.65,2259.7,2259.7,1777572120,2305
2259.25,2260.65,2259.15,2260.65,1777572060,1149
2260.5,2261.05,2256.55,2256.55,1777572000,3253
2257.05,2258.6,2257.05,2257.6,1777571940,562
2257.65,2257.85,2257.65,2257.85,1777571880,242
2257.75,2257.75,2257.05,2257.05,1777571820,1343
2257.35,2257.35,2257.35,2257.35,1777571760,8
2257.9,2257.9,2256.85,2256.85,1777571700,809
2257.0,2257.05,2256.8,2256.8,1777571640,1998
2256.65,2256.95,2256.0,2256.0,1777571580,632
2255.55,2255.55,2255.5,2255.5,1777571520,1104
2255.15,2255.35,2255.15,2255.35,1777571460,65
2255.2,2255.2,2255.2,2255.2,1777571400,133
2255.8,2255.8,2255.05,2255.65,1777571340,787
2255.65,2255.65,2255.5,2255.5,1777571280,542
2255.5,2256.6,2255.5,2255.95,1777571220,592
2254.6,2254.6,2254.6,2254.6,1777571160,0
2254.6,2254.6,2254.6,2254.6,1777571100,10
2254.2,2254.2,2254.2,2254.2,1777571040,1188
2254.35,2254.35,2253.7,2253.7,1777570980,372
2254.65,2254.65,2254.65,2254.65,1777570920,5
2254.95,2254.95,2254.1,2254.35,1777570860,1614
2254.3,2254.8,2253.75,2254.8,1777570800,2188
2255.6,2255.8,2254.85,2254.85,1777570740,1331
2254.9,2254.9,2254.9,2254.9,1777570680,80
2254.9,2256.25,2254.7,2256.25,1777570620,848
2256.45,2256.45,2255.9,2255.9,1777570560,793
2255.85,2257.1,2255.85,2256.55,1777570500,312
2256.3,2256.3,2254.95,2254.95,1777570440,70
2254.85,2255.3,2254.75,2254.85,1777570380,67
2256.1,2256.7,2256.1,2256.1,1777570320,787
2256.45,2259.4,2256.3,2259.4,1777570260,908
2258.75,2259.0,2255.15,2255.45,1777570200,6378
2254.4,2254.4,2253.4,2253.4,1777570140,730
2253.65,2253.65,2253.4,2253.6,1777570080,65
2253.55,2253.65,2253.0,2253.65,1777570020,5328
2253.35,2254.0,2253.35,2254.0,1777569960,302
2253.75,2253.85,2253.2,2253.2,1777569900,194
2253.45,2253.95,2253.45,2253.95,1777569840,915
2253.95,2254.15,2253.15,2253.7,1777569780,962
2253.95,2253.95,2252.2,2253.0,1777569720,6651
2253.45,2253.5,2253.45,2253.5,1777569660,50
2254.35,2254.35,2253.2,2253.2,1777569600,2279
2253.25,2253.35,2252.2,2252.2,1777569540,198
2251.8,2251.95,2250.5,2250.5,1777569480,2674
2250.65,2253.25,2250.3,2252.95,1777569420,7170
2252.9,2253.3,2252.55,2253.0,1777569360,2231
2252.55,2253.8,2252.55,2253.8,1777569300,784
2254.55,2254.55,2253.75,2253.75,1777569240,589
2254.45,2254.45,2253.55,2253.55,1777569180,122
2251.95,2253.85,2251.75,2253.85,1777569120,5191
2253.45,2255.55,2252.75,2255.55,1777569060,4568
2255.6,2256.9,2255.4,2256.65,1777569000,740
2257.1,2257.1,2256.6,2256.6,1777568940,250
2256.95,2257.2,2256.3,2257.2,1777568880,524
2256.45,2256.45,2256.45,2256.45,1777568820,4
2255.4,2255.8,2254.65,2255.75,1777568760,1544
2256.35,2256.35,2256.05,2256.05,1777568700,422
2255.95,2256.2,2255.65,2255.85,1777568640,2076
2255.75,2256.3,2255.75,2256.3,1777568580,372
2256.6,2258.4,2256.6,2258.4,1777568520,1287
2258.2,2258.2,2257.2,2257.65,1777568460,3369
2257.0,2257.05,2255.05,2255.8,1777568400,1582
2256.15,2256.3,2256.15,2256.3,1777568340,50
2255.5,2256.0,2255.0,2256.0,1777568280,2282
2255.6,2255.65,2252.0,2255.0,1777568220,3544
2256.15,2256.15,2255.65,2255.95,1777568160,275
2256.05,2257.05,2256.05,2257.05,1777568100,2839
2258.25,2258.25,2257.35,2257.35,1777568040,335
2257.8,2257.8,2256.8,2257.45,1777567980,5747
2258.15,2258.6,2258.0,2258.6,1777567920,4893
2258.55,2259.1,2258.55,2259.05,1777567860,111
2259.5,2260.55,2259.5,2260.55,1777567800,773
2259.75,2259.8,2259.75,2259.8,1777567740,114
2259.75,2260.3,2259.35,2259.35,1777567680,1273
2259.55,2259.55,2259.55,2259.55,1777567620,10
2259.25,2259.25,2258.8,2258.8,1777567560,112
2258.85,2259.0,2258.85,2259.0,1777567500,852
2258.85,2260.3,2258.85,2259.75,1777567440,1363
2259.75,2259.85,2259.5,2259.6,1777567380,1184
2259.5,2259.5,2258.55,2258.55,1777567320,213
2259.0,2259.0,2259.0,2259.0,1777567260,27
2259.25,2260.15,2259.25,2260.05,1777567200,3360
2260.3,2260.3,2260.0,2260.0,1777567140,1612
2260.1,2260.1,2258.25,2259.45,1777567080,871
2260.9,2260.9,2260.9,2260.9,1777567020,0
2260.9,2261.1,2260.9,2261.05,1777566960,915
2261.1,2261.1,2260.8,2260.8,1777566900,633
2260.65,2260.65,2260.0,2260.1,1777566840,518
2259.5,2259.7,2259.25,2259.25,1777566780,1350
2259.25,2259.25,2258.65,2259.25,1777566720,521
2259.25,2260.6,2259.2,2260.6,1777566660,638
2262.75,2262.75,2261.1,2261.1,1777566600,7446
2260.75,2260.75,2260.0,2260.0,1777566540,1214
2258.65,2258.65,2258.15,2258.55,1777566480,2401
2258.45,2259.85,2258.45,2259.85,1777566420,1258
2259.55,2260.1,2259.55,2260.1,1777566360,250
2259.6,2259.95,2259.35,2259.55,1777566300,867
2259.35,2259.35,2259.35,2259.35,1777566240,0
2259.35,2261.0,2259.35,2261.0,1777566180,1270
2259.95,2259.95,2259.4,2259.95,1777566120,720
2259.95,2260.4,2259.9,2259.95,1777566060,2128
2261.55,2261.55,2260.35,2261.05,1777566000,1092
2260.85,2260.85,2260.7,2260.7,1777565940,120
2261.75,2261.75,2261.3,2261.3,1777565880,473
2262.2,2262.35,2262.15,2262.15,1777565820,925
2261.6,2262.8,2260.25,2262.8,1777565760,3841
2263.0,2263.3,2262.8,2263.05,1777565700,1208
2264.45,2264.45,2264.1,2264.1,1777565640,791
2264.15,2264.4,2263.8,2263.8,1777565580,2213
2263.5,2263.8,2263.5,2263.8,1777565520,414
2262.7,2263.6,2262.7,2263.6,1777565460,24
2263.4,2263.4,2262.15,2262.15,1777565400,812
2263.15,2263.3,2263.15,2263.3,1777565340,110
2264.55,2265.35,2264.55,2265.35,1777565280,1267
2264.25,2264.4,2264.05,2264.05,1777565220,1027
2264.8,2264.8,2264.8,2264.8,1777565160,545
2263.35,2263.8,2263.35,2263.8,1777565100,2500
2264.85,2265.05,2264.85,2265.05,1777565040,189
2263.05,2263.05,2262.5,2262.5,1777564980,73
2262.65,2262.65,2261.9,2261.9,1777564920,224
2261.95,2264.1,2261.95,2264.1,1777564860,2466
2264.7,2265.0,2264.25,2264.6,1777564800,1109
2264.65,2265.4,2264.65,2265.2,1777564740,1004
2265.45,2265.95,2265.45,2265.7,1777564680,201
2265.8,2266.3,2265.6,2266.3,1777564620,1535
2266.75,2267.25,2265.8,2267.15,1777564560,1399
2266.15,2266.15,2266.15,2266.15,1777564500,600
2265.95,2266.1,2264.65,2264.65,1777564440,341
2264.6,2265.3,2264.1,2265.0,1777564380,780
2264.0,2265.05,2264.0,2265.05,1777564320,1023
2265.05,2265.4,2264.3,2264.3,1777564260,1006
2264.25,2264.3,2263.3,2263.75,1777564200,1078
2264.15,2264.25,2262.55,2263.2,1777564140,3205
2261.35,2261.35,2260.3,2260.3,1777564080,552
2260.6,2260.65,2255.95,2259.75,1777564020,4013
2259.35,2261.05,2259.35,2261.05,1777563960,2471
2260.75,2262.85,2260.3,2262.85,1777563900,1007
2263.5,2263.5,2261.0,2261.0,1777563840,1440
2262.6,2263.2,2262.6,2263.0,1777563780,1150
2262.25,2262.8,2262.1,2262.8,1777563720,1847
2264.0,2264.0,2263.2,2263.4,1777563660,1254
2263.2,2264.25,2263.2,2264.25,1777563600,1871
2265.0,2265.55,2265.0,2265.55,1777563540,170
2266.05,2266.05,2264.1,2264.1,1777563480,839
2263.75,2264.55,2263.75,2264.55,1777563420,347
2263.7,2264.0,2262.4,2264.0,1777563360,3766
2264.25,2265.3,2263.4,2265.3,1777563300,2649
2265.35,2267.1,2265.1,2267.1,1777563240,795
2266.55,2269.5,2266.25,2267.2,1777563180,792
2267.25,2274.4,2267.05,2270.5,1777563120,19653
2269.4,2269.45,2266.95,2266.95,1777563060,7238
2266.75,2268.2,2266.55,2266.55,1777563000,7542
2265.9,2265.9,2264.05,2264.05,1777562940,410
2264.5,2264.6,2264.45,2264.6,1777562880,4136
2264.45,2264.45,2263.75,2263.75,1777562820,210
2264.35,2264.35,2264.35,2264.35,1777562760,100
2265.2,2265.5,2263.5,2264.0,1777562700,1591
2264.5,2264.5,2263.2,2263.2,1777562640,2356
2263.35,2263.4,2262.9,2263.25,1777562580,224
2263.3,2263.4,2262.7,2262.7,1777562520,645
2263.35,2264.0,2263.2,2263.9,1777562460,855
2264.05,2264.05,2264.05,2264.05,1777562400,224
2262.85,2262.85,2262.4,2262.4,1777562340,319
2262.7,2262.7,2262.65,2262.65,1777562280,1689
2263.25,2263.35,2262.45,2262.55,1777562220,360
2263.5,2263.5,2262.45,2263.2,1777562160,5628
2263.9,2264.95,2263.6,2264.3,1777562100,2684
2264.5,2264.95,2263.55,2263.55,1777562040,1415
2261.4,2261.5,2261.2,2261.35,1777561980,721
2262.65,2262.7,2262.3,2262.55,1777561920,53
2262.95,2264.0,2262.85,2263.0,1777561860,672
2263.65,2264.75,2263.65,2264.75,1777561800,239
2264.8,2264.8,2263.95,2263.95,1777561740,4083
2262.45,2264.2,2261.6,2264.2,1777561680,1600
2261.5,2261.75,2260.6,2261.75,1777561620,638
2260.1,2260.6,2258.8,2258.8,1777561560,417
2258.95,2260.1,2255.45,2259.75,1777561500,3052
2260.35,2260.35,2256.4,2259.25,1777561440,5916
2259.75,2260.75,2259.75,2260.75,1777561380,1005
2260.5,2263.6,2260.5,2263.6,1777561320,1833
2263.9,2264.6,2263.45,2263.45,1777561260,7061
2264.55,2264.55,2260.7,2260.7,1777561200,1964
2261.9,2261.9,2261.9,2261.9,1777561140,598
2261.15,2261.45,2259.65,2259.65,1777561080,1338
2259.5,2259.95,2256.45,2259.95,1777561020,2072
2260.85,2261.7,2259.75,2261.7,1777560960,7470
2263.45,2263.5,2262.15,2262.15,1777560900,1708
2262.85,2263.8,2262.85,2263.8,1777560840,601
2260.85,2263.65,2260.85,2263.65,1777560780,3333
2263.4,2267.0,2262.6,2265.8,1777560720,2263
2263.5,2264.3,2262.9,2264.3,1777560660,2801
2264.35,2264.45,2263.3,2263.3,1777560600,2129
2263.85,2263.85,2261.85,2261.85,1777560540,911
2259.85,2263.1,2259.85,2263.1,1777560480,2302
2262.2,2262.7,2262.2,2262.7,1777560420,1324
2263.35,2263.35,2260.75,2260.75,1777560360,4746
2259.9,2261.05,2258.75,2260.25,1777560300,1980
2260.15,2260.35,2258.2,2259.05,1777560240,1179
2259.6,2259.6,2258.85,2258.85,1777560180,1355
2258.1,2258.75,2256.95,2258.2,1777560120,1467
2258.0,2258.0,2255.0,2255.0,1777560060,1597
2254.95,2255.75,2253.75,2253.75,1777560000,2051
2253.15,2254.25,2253.15,2254.05,1777559940,2886
2255.85,2255.85,2253.95,2253.95,1777559880,2425
2254.75,2256.6,2253.85,2256.6,1777559820,2743
2256.55,2259.65,2255.4,2259.65,1777559760,2652
2259.3,2259.45,2257.15,2258.4,1777559700,3335
2257.3,2259.4,2256.9,2259.4,1777559640,2300
2260.4,2263.95,2260.4,2263.85,1777559580,3708
2263.75,2264.6,2261.1,2264.3,1777559520,1152
2264.85,2266.75,2256.4,2256.6,1777559460,14373
2256.4,2256.9,2256.1,2256.9,1777559400,1101
2257.25,2257.25,2256.05,2256.05,1777559340,202
2254.95,2254.95,2252.35,2252.35,1777559280,1526
2251.55,2251.55,2250.0,2250.0,1777559220,1383
2250.4,2252.0,2250.4,2252.0,1777559160,1519
2253.3,2254.25,2253.1,2253.9,1777559100,946
2254.75,2254.75,2253.5,2254.1,1777559040,2004
2255.1,2257.6,2255.1,2257.2,1777558980,1604
2256.3,2256.3,2252.7,2254.95,1777558920,1367
2255.0,2255.25,2253.45,2253.45,1777558860,1637
2253.25,2254.65,2252.2,2253.8,1777558800,1577
2252.7,2252.85,2250.3,2250.3,1777558740,1064
2249.75,2250.0,2247.45,2247.75,1777558680,1778
2247.9,2250.2,2241.45,2250.0,1777558620,32991
2250.1,2256.75,2250.1,2256.75,1777558560,19548
2258.2,2260.75,2257.5,2260.75,1777558500,698
2260.75,2261.3,2260.75,2261.3,1777558440,346
2260.6,2260.9,2257.7,2258.65,1777558380,1267
2258.3,2259.55,2255.0,2257.3,1777558320,9340
2256.9,2261.6,2256.75,2261.6,1777558260,4142
2261.5,2262.75,2261.25,2262.75,1777558200,188
2262.55,2262.65,2261.45,2262.55,1777558140,2309
2262.7,2265.0,2262.7,2265.0,1777558080,3119
2265.75,2266.35,2265.45,2265.6,1777558020,213
2265.0,2268.0,2265.0,2267.05,1777557960,686
2267.0,2267.2,2266.65,2266.85,1777557900,2345
2266.5,2267.7,2266.5,2267.7,1777557840,1034
2269.0,2269.0,2267.95,2267.95,1777557780,1024
2268.0,2269.5,2267.25,2267.35,1777557720,4006
2267.6,2267.6,2264.4,2264.4,1777557660,1910
2264.75,2264.75,2262.15,2262.45,1777557600,970
2262.8,2263.15,2262.8,2262.9,1777557540,120
2262.7,2262.7,2260.2,2261.0,1777557480,1881
2261.5,2263.2,2261.45,2263.2,1777557420,4504
2264.9,2266.6,2264.9,2265.6,1777557360,1949
2264.6,2264.65,2262.1,2262.45,1777557300,231
2262.85,2264.1,2262.6,2264.1,1777557240,721
2264.8,2265.2,2262.5,2262.5,1777557180,1737
2262.2,2264.8,2262.0,2263.25,1777557120,2514
2265.2,2265.2,2264.7,2265.1,1777557060,454
2265.25,2266.65,2265.1,2265.1,1777557000,1886
2265.95,2265.95,2263.75,2264.7,1777556940,2693
2264.95,2266.55,2264.95,2266.2,1777556880,486
2264.4,2265.45,2261.45,2265.4,1777556820,3147
2266.1,2271.4,2265.0,2271.4,1777556760,5873
2269.65,2270.0,2267.8,2269.75,1777556700,8595
2270.5,2270.5,2266.5,2267.85,1777556640,10588
2267.6,2268.65,2266.0,2266.0,1777556580,15037
2265.15,2265.25,2264.2,2265.25,1777556520,1934
2264.5,2266.85,2264.5,2265.7,1777556460,4688
2266.3,2266.9,2263.65,2263.95,1777556400,1131
2260.15,2263.35,2260.15,2260.7,1777556340,3146
2260.5,2260.6,2259.4,2260.05,1777556280,1810
2260.15,2263.1,2260.15,2261.5,1777556220,2726
2261.05,2261.05,2258.85,2259.15,1777556160,2385
2258.85,2260.15,2257.9,2258.5,1777556100,703
2259.35,2259.6,2257.6,2258.25,1777556040,278
2259.0,2261.75,2259.0,2260.0,1777555980,1322
2259.5,2259.5,2257.1,2257.4,1777555920,2517
2255.35,2255.7,2254.95,2254.95,1777555860,963
2255.75,2256.3,2253.3,2256.3,1777555800,8067
2257.7,2257.75,2257.7,2257.75,1777555740,1100
2256.3,2258.1,2256.3,2257.8,1777555680,3989
2258.65,2258.95,2257.85,2258.6,1777555620,3371
2259.0,2261.15,2258.9,2261.0,1777555560,4668
2261.3,2261.35,2260.7,2261.35,1777555500,3017
2262.1,2262.35,2261.95,2262.0,1777555440,2238
2262.15,2263.35,2262.1,2263.35,1777555380,382
2263.45,2263.5,2263.4,2263.5,1777555320,6
2261.6,2262.7,2261.6,2262.7,1777555260,1327
2262.9,2262.9,2262.15,2262.15,1777555200,810
2262.6,2262.9,2262.4,2262.9,1777555140,2300
2263.05,2263.65,2262.95,2262.95,1777555080,732
2262.4,2262.4,2261.95,2262.0,1777555020,992
2262.2,2262.6,2262.2,2262.35,1777554960,1450
2262.45,2262.7,2262.45,2262.7,1777554900,256
2262.3,2262.85,2262.3,2262.85,1777554840,1297
2262.3,2262.3,2262.3,2262.3,1777554780,8
2262.5,2262.5,2261.6,2262.5,1777554720,995
2262.45,2263.4,2261.6,2263.4,1777554660,950
2263.7,2265.75,2263.7,2265.75,1777554600,286
2265.95,2265.95,2265.15,2265.15,1777554540,461
2265.05,2265.3,2265.05,2265.3,1777554480,1464
2265.65,2265.65,2265.35,2265.35,1777554420,1372
2265.45,2265.9,2265.45,2265.5,1777554360,903
2265.45,2265.5,2264.35,2265.0,1777554300,1337
2265.45,2266.5,2265.45,2266.5,1777554240,1257
2266.7,2266.7,2266.0,2266.7,1777554180,3959
2266.85,2266.9,2264.0,2265.0,1777554120,3537
2264.5,2265.0,2260.2,2265.0,1777554060,3268
2266.35,2266.35,2265.5,2265.85,1777554000,8327
2264.0,2264.3,2263.85,2264.05,1777553940,1575
2264.15,2264.15,2263.55,2263.55,1777553880,2789
2264.1,2264.5,2264.1,2264.5,1777553820,2634
2264.65,2264.65,2263.75,2263.75,1777553760,2687
2264.6,2264.65,2264.3,2264.3,1777553700,3101
2264.4,2264.4,2263.95,2263.95,1777553640,2073
2264.1,2264.1,2260.75,2263.9,1777553580,3225
2264.6,2265.65,2263.4,2265.65,1777553520,666
2266.5,2267.15,2266.0,2266.0,1777553460,1715
2265.1,2265.1,2265.1,2265.1,1777553400,100
2264.95,2265.0,2264.95,2265.0,1777553340,74
2265.15,2265.5,2264.95,2265.25,1777553280,3696
2265.1,2265.3,2264.35,2264.35,1777553220,327
2264.5,2264.5,2264.35,2264.4,1777553160,288
2264.5,2264.5,2262.6,2262.6,1777553100,547
2262.9,2263.6,2262.75,2263.15,1777553040,552
2264.05,2264.95,2264.05,2264.95,1777552980,1083
2264.65,2265.0,2264.65,2264.75,1777552920,620
2264.85,2264.85,2264.4,2264.4,1777552860,1366
2264.75,2265.35,2264.5,2265.2,1777552800,1286
2265.2,2265.6,2265.15,2265.45,1777552740,1798
2265.35,2265.35,2264.85,2265.2,1777552680,189
2265.0,2265.5,2264.45,2264.45,1777552620,5380
2264.2,2264.55,2264.2,2264.5,1777552560,923
2263.35,2263.35,2262.65,2263.1,1777552500,5454
2264.55,2264.75,2264.5,2264.5,1777552440,1239
2265.45,2265.85,2264.7,2265.85,1777552380,487
2265.9,2266.0,2265.9,2266.0,1777552320,369
2266.85,2267.65,2266.5,2266.95,1777552260,7726
2266.2,2266.3,2265.25,2265.25,1777552200,255
2266.45,2266.45,2266.45,2266.45,1777552140,1
2266.2,2266.2,2265.45,2266.15,1777552080,319
2266.3,2267.75,2266.3,2267.2,1777552020,1731
2267.0,2267.15,2267.0,2267.1,1777551960,1731
2267.0,2269.1,2266.6,2269.1,1777551900,2425
2269.15,2269.75,2266.25,2266.25,1777551840,12784
2266.25,2266.75,2266.1,2266.7,1777551780,1672
2266.65,2267.15,2264.2,2264.9,1777551720,8429
2263.05,2263.45,2262.9,2262.9,1777551660,185
2262.9,2265.25,2262.5,2262.6,1777551600,4230
2262.0,2262.0,2261.45,2261.5,1777551540,457
2260.8,2261.5,2260.8,2261.3,1777551480,5318
2261.4,2261.6,2260.9,2260.95,1777551420,732
2261.0,2261.0,2259.15,2259.6,1777551360,10707
2259.3,2260.4,2259.2,2259.75,1777551300,303
2259.5,2259.5,2255.35,2257.65,1777551240,4332
2257.4,2259.05,2257.15,2259.05,1777551180,466
2259.25,2259.6,2259.1,2259.6,1777551120,513
2259.3,2259.85,2258.95,2258.95,1777551060,495
2258.9,2259.0,2258.45,2258.45,1777551000,885
2258.3,2258.45,2257.55,2258.05,1777550940,1984
2258.05,2259.1,2257.8,2258.75,1777550880,4216
2258.95,2259.8,2258.95,2259.8,1777550820,948
2259.4,2259.45,2258.75,2258.75,1777550760,949
2258.8,2259.15,2257.6,2259.15,1777550700,869
2259.4,2259.4,2258.35,2258.6,1777550640,775
2258.8,2259.0,2258.55,2258.6,1777550580,637
2258.7,2260.3,2258.7,2259.7,1777550520,725
2260.4,2261.25,2258.4,2258.4,1777550460,2116
2257.7,2257.7,2256.45,2257.1,1777550400,411
2256.9,2258.05,2256.9,2257.8,1777550340,1378
2257.5,2257.5,2257.15,2257.15,1777550280,6302
2257.15,2257.4,2256.85,2256.85,1777550220,675
2256.85,2256.85,2252.1,2256.6,1777550160,6242
2256.95,2256.95,2256.1,2256.5,1777550100,6213
2256.4,2256.4,2255.65,2255.95,1777550040,1128
2255.55,2255.85,2255.55,2255.65,1777549980,1110
2255.2,2256.05,2253.75,2256.0,1777549920,8330
2256.25,2257.35,2256.0,2257.0,1777549860,1767
2257.15,2259.45,2257.1,2259.4,1777549800,7736
2258.4,2258.7,2257.4,2257.4,1777549740,7410
2256.8,2256.8,2254.65,2255.35,1777549680,2097
2254.95,2254.95,2252.45,2252.8,1777549620,4289
2252.35,2254.95,2247.3,2254.95,1777549560,11353
2255.35,2257.4,2248.9,2257.0,1777549500,9329
2257.3,2258.1,2257.25,2258.1,1777549440,831
2257.85,2258.2,2257.0,2257.45,1777549380,1741
2258.2,2258.2,2256.15,2257.3,1777549320,2784
2257.5,2260.05,2257.5,2260.05,1777549260,5539
2260.4,2263.0,2260.0,2263.0,1777549200,6950
2263.3,2265.25,2263.3,2265.25,1777549140,1697
2264.7,2265.45,2264.7,2265.45,1777549080,700
2265.4,2265.4,2264.85,2265.0,1777549020,335
2265.0,2265.0,2264.4,2264.55,1777548960,553
2264.4,2264.4,2264.4,2264.4,1777548900,25
2264.7,2264.7,2264.7,2264.7,1777548840,500
2264.5,2264.6,2263.55,2263.65,1777548780,3549
2264.15,2264.45,2264.0,2264.3,1777548720,157
2265.15,2265.3,2264.95,2264.95,1777548660,900
2264.5,2265.85,2264.35,2265.6,1777548600,4466
2265.75,2265.8,2265.2,2265.35,1777548540,3694
2265.6,2265.6,2265.5,2265.5,1777548480,555
2265.2,2265.4,2265.2,2265.4,1777548420,539
2265.25,2265.35,2264.35,2264.35,1777548360,1098
2264.35,2264.95,2264.3,2264.3,1777548300,1588
2264.5,2265.75,2264.5,2265.75,1777548240,1091
2265.85,2266.0,2265.75,2266.0,1777548180,490
2265.8,2265.85,2263.25,2265.35,1777548120,4679
2265.35,2266.65,2265.35,2266.65,1777548060,308
2266.8,2267.1,2266.2,2266.55,1777548000,780
2266.45,2266.75,2266.15,2266.25,1777547940,3184
2266.35,2267.85,2266.35,2267.85,1777547880,1532
2267.75,2268.3,2267.05,2267.15,1777547820,1330
2267.15,2268.15,2267.15,2267.9,1777547760,1271
2267.9,2267.9,2266.4,2266.4,1777547700,189
2266.95,2267.6,2266.95,2267.6,1777547640,468
2267.8,2270.7,2267.8,2270.7,1777547580,4216
2270.4,2274.5,2267.95,2267.95,1777547520,25906
2267.35,2267.5,2267.05,2267.05,1777547460,3769
2267.35,2267.5,2265.8,2266.25,1777547400,1186
2265.95,2267.0,2263.6,2264.05,1777547340,10573
2262.6,2262.6,2262.6,2262.6,1777547280,214
2263.05,2264.3,2262.8,2262.8,1777547220,13776
2263.7,2263.8,2262.75,2263.05,1777547160,2130
2263.2,2263.5,2262.95,2263.5,1777547100,98
2263.4,2263.4,2263.15,2263.15,1777547040,490
2262.05,2263.15,2262.05,2263.15,1777546980,1361
2263.05,2263.25,2261.3,2262.25,1777546920,2033
2262.6,2262.7,2262.3,2262.3,1777546860,1229
2262.4,2262.4,2261.3,2261.75,1777546800,1425
2260.4,2260.9,2260.25,2260.25,1777546740,1055
2259.95,2260.0,2259.45,2259.8,1777546680,514
2260.05,2260.05,2258.85,2258.85,1777546620,7161
2258.95,2258.95,2258.25,2258.25,1777546560,548
2259.3,2259.75,2259.3,2259.6,1777546500,830
2259.4,2259.75,2259.4,2259.75,1777546440,784
2258.85,2258.85,2258.55,2258.75,1777546380,1314
2259.1,2260.25,2259.1,2260.25,1777546320,10
2260.1,2260.1,2259.55,2259.6,1777546260,2739
2258.95,2258.95,2258.25,2258.25,1777546200,585
2259.7,2260.8,2259.7,2260.6,1777546140,2381
2260.6,2260.95,2260.1,2260.6,1777546080,2273
2260.6,2261.95,2260.6,2261.0,1777546020,4457
2261.1,2261.1,2260.95,2261.1,1777545960,625
2260.85,2261.2,2260.05,2260.05,1777545900,1886
2259.75,2259.75,2259.7,2259.7,1777545840,272
2258.75,2258.75,2258.1,2258.35,1777545780,1518
2259.2,2259.2,2258.7,2258.7,1777545720,105
2260.15,2260.15,2260.15,2260.15,1777545660,200
2259.45,2261.0,2259.35,2261.0,1777545600,597
2260.85,2261.25,2260.25,2261.25,1777545540,1469
2261.75,2261.75,2260.75,2261.2,1777545480,518
2261.55,2261.55,2259.25,2260.8,1777545420,5817
2260.95,2262.05,2260.95,2260.95,1777545360,2676
2261.15,2261.15,2258.3,2258.3,1777545300,2576
2258.8,2259.7,2258.8,2259.7,1777545240,3035
2260.15,2260.75,2259.55,2259.55,1777545180,2081
2259.0,2259.0,2257.3,2257.3,1777545120,6020
2258.65,2258.65,2258.2,2258.2,1777545060,1023
2258.0,2258.0,2256.3,2256.3,1777545000,1894
2255.45,2255.65,2255.4,2255.65,1777544940,5487
2256.45,2257.0,2256.1,2257.0,1777544880,2017
2257.65,2257.7,2257.0,2257.3,1777544820,1626
2257.05,2257.05,2256.85,2257.0,1777544760,1161
2256.6,2257.4,2252.45,2257.4,1777544700,6482
2257.4,2258.3,2253.95,2258.25,1777544640,7869
2259.5,2259.9,2259.45,2259.6,1777544580,1126
2259.3,2259.35,2259.3,2259.35,1777544520,318
2258.75,2259.05,2258.75,2259.05,1777544460,106
2258.7,2258.95,2257.95,2257.95,1777544400,4849
2258.0,2260.0,2258.0,2260.0,1777544340,1774
2260.0,2260.0,2259.55,2259.6,1777544280,1230
2259.55,2259.55,2258.25,2259.1,1777544220,6620
2259.25,2260.0,2259.25,2259.9,1777544160,591
2260.1,2260.15,2260.0,2260.15,1777544100,597
2259.35,2261.5,2259.35,2261.5,1777544040,3291
2262.3,2263.45,2262.3,2263.2,1777543980,383
2262.75,2262.75,2262.0,2262.0,1777543920,1202
2262.3,2263.05,2261.4,2262.9,1777543860,3514
2262.95,2263.55,2262.95,2263.15,1777543800,1136
2263.15,2263.7,2263.15,2263.7,1777543740,827
2264.2,2264.2,2263.35,2263.35,1777543680,868
2263.45,2263.45,2263.3,2263.45,1777543620,2420
2262.75,2262.75,2262.25,2262.25,1777543560,60
2262.85,2263.45,2262.65,2262.65,1777543500,5715
2262.95,2262.95,2262.9,2262.9,1777543440,94
2263.25,2263.25,2261.85,2261.85,1777543380,4829
2261.25,2262.3,2261.25,2262.15,1777543320,4290
2262.1,2262.1,2261.35,2261.55,1777543260,1350
2261.2,2261.2,2260.55,2260.55,1777543200,2609
2260.55,2261.65,2260.55,2261.65,1777543140,982
2261.85,2262.1,2261.6,2262.1,1777543080,367
2262.2,2262.75,2262.2,2262.2,1777543020,2318
2263.0,2263.1,2262.65,2262.65,1777542960,186
2262.4,2262.4,2262.4,2262.4,1777542900,5
2262.4,2262.4,2262.4,2262.4,1777542840,0
2262.4,2262.7,2262.4,2262.7,1777542780,1556
2263.0,2263.35,2262.95,2263.35,1777542720,1802
2263.0,2263.25,2262.65,2263.2,1777542660,1799
2264.0,2264.0,2263.1,2263.1,1777542600,1286
2263.2,2264.3,2263.2,2264.05,1777542540,1804
2263.95,2264.05,2261.85,2261.95,1777542480,2131
2262.15,2262.25,2262.0,2262.0,1777542420,1985
2261.75,2261.8,2260.6,2260.6,1777542360,1429
2260.75,2262.4,2260.55,2261.9,1777542300,3099
2261.65,2262.6,2261.4,2262.6,1777542240,3298
2263.8,2263.85,2262.85,2263.2,1777542180,726
2263.45,2264.7,2263.45,2264.65,1777542120,2836
2265.05,2265.85,2265.05,2265.6,1777542060,2010
2265.2,2266.45,2265.15,2266.25,1777542000,1426
2266.2,2266.35,2265.75,2265.75,1777541940,2067
2266.15,2266.25,2265.3,2265.3,1777541880,1375
2265.6,2266.6,2265.6,2265.75,1777541820,1528
2265.95,2267.45,2265.85,2267.25,1777541760,2550
2266.75,2267.4,2264.75,2264.75,1777541700,2327
2264.25,2264.65,2263.65,2264.65,1777541640,2049
2264.6,2265.25,2264.0,2264.85,1777541580,2530
2264.7,2266.2,2264.7,2266.2,1777541520,1644
2267.45,2269.4,2266.6,2266.6,1777541460,18235
2266.0,2270.05,2263.8,2263.8,1777541400,19073
2263.8,2263.8,2260.1,2260.1,1777541340,7628
2260.0,2260.0,2259.4,2259.4,1777541280,1223
2258.1,2258.1,2258.05,2258.1,1777541220,1420
2257.5,2257.75,2256.25,2257.75,1777541160,2695
2258.4,2258.4,2256.85,2256.85,1777541100,2924
2257.15,2257.15,2256.4,2256.55,1777541040,463
2256.75,2256.8,2256.75,2256.8,1777540980,259
2256.3,2256.45,2256.15,2256.2,1777540920,2793
2256.1,2256.1,2255.15,2255.15,1777540860,1028
2255.15,2256.15,2255.0,2256.15,1777540800,224
2256.75,2258.25,2256.75,2258.25,1777540740,169
2257.95,2257.95,2257.45,2257.45,1777540680,310
2258.9,2259.6,2258.85,2258.85,1777540620,1027
2258.75,2259.0,2258.4,2258.4,1777540560,813
2258.0,2258.0,2257.0,2257.45,1777540500,1242
2257.5,2257.5,2257.0,2257.0,1777540440,848
2256.75,2257.0,2256.6,2257.0,1777540380,783
2256.6,2256.6,2255.9,2255.9,1777540320,8
2255.15,2255.15,2255.15,2255.15,1777540260,1
2254.65,2257.0,2254.65,2257.0,1777540200,1959
2257.35,2257.5,2254.9,2254.9,1777540140,700
2254.95,2255.0,2254.8,2255.0,1777540080,961
2257.6,2257.6,2256.65,2257.15,1777540020,1559
2256.9,2256.9,2256.9,2256.9,1777539960,614
2257.45,2257.45,2256.9,2256.9,1777539900,194
2256.7,2256.7,2255.95,2255.95,1777539840,200
2256.25,2256.25,2256.25,2256.25,1777539780,43
2255.65,2255.75,2254.3,2255.75,1777539720,1399
2256.35,2256.35,2255.65,2255.65,1777539660,586
2255.3,2255.3,2254.85,2255.05,1777539600,1427
2255.25,2255.25,2254.85,2255.25,1777539540,1278
2255.65,2256.3,2255.65,2256.3,1777539480,890
2256.3,2257.0,2255.65,2257.0,1777539420,573
2256.85,2256.85,2256.85,2256.85,1777539360,30
2256.7,2257.7,2256.7,2257.7,1777539300,7
2257.85,2257.95,2257.5,2257.5,1777539240,1095
2257.0,2257.0,2256.0,2256.0,1777539180,8
2256.75,2257.85,2256.75,2257.85,1777539120,755
2258.05,2258.05,2257.4,2257.4,1777539060,11
2257.25,2258.35,2257.25,2258.3,1777539000,6509
2260.25,2260.25,2256.95,2258.0,1777538940,8385
2258.45,2259.4,2258.45,2259.15,1777538880,1442
2259.05,2259.55,2258.65,2259.55,1777538820,755
2259.95,2260.0,2258.8,2258.8,1777538760,844
2258.85,2259.05,2258.0,2259.0,1777538700,2402
2258.95,2258.95,2258.95,2258.95,1777538640,0
2258.95,2258.95,2258.6,2258.65,1777538580,1045
2259.25,2259.25,2259.25,2259.25,1777538520,5
2258.7,2258.7,2258.6,2258.6,1777538460,955
2259.3,2259.3,2258.15,2258.15,1777538400,487
2258.55,2258.75,2258.2,2258.75,1777538340,175
2258.4,2258.4,2257.45,2257.45,1777538280,805
2257.5,2257.55,2256.85,2256.85,1777538220,2287
2256.9,2256.9,2256.6,2256.7,1777538160,1005
2256.5,2257.3,2256.5,2257.3,1777538100,815
2257.2,2258.2,2257.05,2258.0,1777538040,673
2257.9,2257.9,2256.4,2256.4,1777537980,232
2256.4,2256.4,2254.75,2256.0,1777537920,1092
2255.65,2255.85,2255.55,2255.55,1777537860,2127
2255.75,2256.5,2255.75,2256.5,1777537800,183
2256.5,2256.75,2256.5,2256.75,1777537740,776
2256.5,2256.6,2256.05,2256.6,1777537680,929
2256.45,2256.65,2256.15,2256.15,1777537620,1379
2256.4,2258.0,2256.35,2258.0,1777537560,320
2258.0,2259.05,2256.1,2256.1,1777537500,7490
2255.5,2255.5,2254.8,2255.05,1777537440,1227
2255.2,2255.25,2253.4,2254.65,1777537380,2176
2255.25,2255.25,2254.6,2255.1,1777537320,5670
2254.8,2256.55,2254.8,2256.45,1777537260,865
2256.55,2256.7,2256.55,2256.7,1777537200,142
2256.5,2256.5,2255.95,2256.15,1777537140,748
2256.95,2256.95,2256.95,2256.95,1777537080,205
